Document Title,DOI,PDF Link,Authors,"Publication
Year","Article Citation
Count",Abstract,Main_Objective,RQ1_Datasets,RQ1_Image_Count,RQ1_Class_Balance,RQ2_Preprocessing,RQ2_Augmentation,RQ3_RQ4_Seg_Scope,RQ5_RQ6_Class_Scope,RQ7_Model_Architecture,RQ7_Novelty,RQ7_Transfer_Learning,RQ8_Metrics_Used,RQ8_Best_Result,RQ8_SOTA_Compare,RQ9_Limitations,RQ10_Future_Work
"Deep learning, sparse coding, and SVM for melanoma recognition in dermoscopy images",10.1007/978-3-319-24888-2_15,https://www.scopus.com/inward/record.uri?eid=2-s2.0-84952004763&doi=10.1007%2f978-3-319-24888-2_15&partnerID=40&md5=d52d50bdaf11bfed899c165192f9f4d8,Codella N.; Cai J.; Abedini M.; Garnavi R.; Halpern A.; Smith J.R.,2015,314.0,"This work presents an approach for melanoma recognition in dermoscopy images that combines deep learning, sparse coding, and support vector machine (SVM) learning algorithms. One of the beneficial aspects of the proposed approach is that unsupervised learning within the domain, and feature transfer from the domain of natural photographs, eliminates the need of annotated data in the target task to learn good features. The applied feature transfer also allows the system to draw analogies between observations in dermoscopic images and observations in the natural world, mimicking the process clinical experts themselves employ to describe patterns in skin lesions. To evaluate the methodology, performance is measured on a dataset obtained from the International Skin Imaging Collaboration, containing 2624 clinical cases of melanoma (334), atypical nevi (144), and benign lesions (2146). The approach is compared to the prior state-of-art method on this dataset. Two-fold cross-validation is performed 20 times for evaluation (40 total experiments), and two discrimination tasks are examined: 1) melanoma vs. all non-melanoma lesions, and 2) melanoma vs. atypical lesions only. The presented approach achieves an accuracy of 93.1% (94.9% sensitivity, and 92.8% specificity) for the first task, and 73.9% accuracy (73.8% sensitivity, and 74.3% specificity) for the second task. In comparison, prior state-of-art ensemble modeling approaches alone yield 91.2% accuracy (93.0% sensitivity, and 91.0% specificity) first the first task, and 71.5% accuracy (72.7% sensitivity, and 68.9% specificity) for the second. Differences in performance were statistically significant (p < 0.05), suggesting the proposed approach is an effective improvement over prior state-of-art. © Springer International Publishing Switzerland 2015.",Classification (Melanoma Recognition),ISIC ,"2624 (334 melanoma, 144 atypical nevi, 2,146 benign lesions)",No,Resizing and subtracting the average training image,No reported,No,Both; Binary (Melanoma vs. Non-Melanoma) and Multi-class (Melanoma vs. Atypical vs. Benign),CNN (CaffeNet/AlexNet variant),"Ensemble (combined deep learning, sparse coding, and SVMs)",No,"Accuracy, Specificity, Sensitivity",Accuracy: 0.912,Yes,High intra-class variability and inter-class similarity; scarcity of large-scale annotated datasets,Improving attribute detection and exploring the use of non-dermoscopic images for larger datasets
Melanoma detection by analysis of clinical images using convolutional neural network,10.1109/EMBC.2016.7590963,https://www.scopus.com/inward/record.uri?eid=2-s2.0-85009062852&doi=10.1109%2fEMBC.2016.7590963&partnerID=40&md5=c59b4095dde8011b7c90ff20d7785557,Nasr-Esfahani E.; Samavi S.; Karimi N.; Soroushmehr S.M.R.; Jafari M.H.; Ward K.; Najarian K.,2016,310.0,"Melanoma, most threatening type of skin cancer, is on the rise. In this paper an implementation of a deep-learning system on a computer server, equipped with graphic processing unit (GPU), is proposed for detection of melanoma lesions. Clinical (non-dermoscopic) images are used in the proposed system, which could assist a dermatologist in early diagnosis of this type of skin cancer. In the proposed system, input clinical images, which could contain illumination and noise effects, are preprocessed in order to reduce such artifacts. Afterward, the enhanced images are fed to a pre-trained convolutional neural network (CNN) which is a member of deep learning models. The CNN classifier, which is trained by large number of training samples, distinguishes between melanoma and benign cases. Experimental results show that the proposed method is superior in terms of diagnostic accuracy in comparison with the state-of-the-art methods. © 2016 IEEE.",Classification (Melanoma Detection),Custom dataset,170,No,"Illumination correction, Gaussian filtering for noise reduction, and resizing",Rotation and cropping,No,Binary (Melanoma vs. Benign),CNN (custom architecture with two convolutional and two fully connected layers),New Architecture (custom CNN designed for clinical image analysis),No,"Accuracy, Specificity, Sensitivity, PPV, NPV",Accuracy: 0.81,Yes,No reported,No reported
Deep features to classify skin lesions,10.1109/ISBI.2016.7493528,https://www.scopus.com/inward/record.uri?eid=2-s2.0-84978426890&doi=10.1109%2fISBI.2016.7493528&partnerID=40&md5=2e09abee7749829a9c8fa9d438471afb,Kawahara J.; Bentaieb A.; Hamarneh G.,2016,281.0,"Diagnosing an unknown skin lesion is the first step to determine appropriate treatment. We demonstrate that a linear classifier, trained on features extracted from a convolutional neural network pretrained on natural images, distinguishes among up to ten skin lesions with a higher accuracy than previously published state-of-the-art results on the same dataset. Further, in contrast to competing works, our approach requires no lesion segmentations nor complex preprocessing. We gain consistent additional improvements to accuracy using a per image normalization, a fully convolutional network to extract multi-scale features, and by pooling over an augmented feature space. Compared to state-of-the-art, our proposed approach achieves a favourable accuracy of 85.8% over 5-classes (compared to 75.1%) with noticeable improvements in accuracy for underrepresented classes (e.g., 60% compared to 15.6%). Over the entire 10-class dataset of 1300 images captured from a standard (non-dermoscopic) camera, our method achieves an accuracy of 81.8% outperforming the 67% accuracy previously reported. © 2016 IEEE.",Classification,Dermofit,1300,No (Uses random split into approximately equal sets with same class distribution),Resizing and per-image-mean normalization,"Rotation (0, 90, 270 degrees) and left-right flip",No,Both (Binary: Cancer vs. Benign; Multi-class: 5-class and 10-class tasks),AlexNet (converted to fully-convolutional),good generalization,Yes (ImageNet),Accuracy,Accuracy: 81.8% (10-class),Yes,It is not obvious if filters learned on natural images generalize well to skin images (though experiments confirmed they do),No reported
Automatic Skin Lesion Segmentation Using Deep Fully Convolutional Networks with Jaccard Distance,10.1109/TMI.2017.2695227,https://www.scopus.com/inward/record.uri?eid=2-s2.0-85027980102&doi=10.1109%2fTMI.2017.2695227&partnerID=40&md5=9a387f4da29843912d3c1fdf3dd378d7,Yuan Y.; Chao M.; Lo Y.-C.,2017,570.0,"Automatic skin lesion segmentation in dermoscopic images is a challenging task due to the low contrast between lesion and the surrounding skin, the irregular and fuzzy lesion borders, the existence of various artifacts, and various imaging acquisition conditions. In this paper, we present a fully automatic method for skin lesion segmentation by leveraging 19-layer deep convolutional neural networks that is trained end-to-end and does not rely on prior knowledge of the data. We propose a set of strategies to ensure effective and efficient learning with limited training data. Furthermore, we design a novel loss function based on Jaccard distance to eliminate the need of sample re-weighting, a typical procedure when using cross entropy as the loss function for image segmentation due to the strong imbalance between the number of foreground and background pixels. We evaluated the effectiveness, efficiency, as well as the generalization capability of the proposed framework on two publicly available databases. One is from ISBI 2016 skin lesion analysis towards melanoma detection challenge, and the other is the PH2 database. Experimental results showed that the proposed method outperformed other state-of-the-art algorithms on these two databases. Our method is general enough and only needs minimum pre- and post-processing, which allows its adoption in a variety of medical image segmentation tasks. © 1982-2012 IEEE.",Segmentation (Automatic Skin Lesion Segmentation In Dermoscopic Images),ISBI 2016; PH2,1100 (900 from ISBI 2016 + 200 from PH2),No (Uses a Jaccard distance-based loss function to eliminate the need for sample re-weighting),Resizing and pixel-wise mean subtraction,Random rotation and horizontal/vertical flipping,Lesion Boundary,No,19-layer Deep Fully Convolutional Network (FCN) based on VGG16,New Architecture (FCN with Jaccard distance loss),Yes (Pre-trained on ImageNet),"Jaccard Index (JA), Dice Coefficient (DI), Accuracy (AC), Sensitivity (SE), and Specificity (SP)",Accuracy: 0.955; DI: 91.2% (on ISBI 2016); JA: 84.7% (on PH2),Yes,High computational cost for high-resolution images and challenges with extremely low-contrast lesions,Exploring deeper architectures and multi-scale feature fusion to improve boundary precision
Handles imbalance via a multi-stage approach where later stages refine boundaries from coarse initial masks,10.1109/TBME.2017.2712771,https://www.scopus.com/inward/record.uri?eid=2-s2.0-85029520723&doi=10.1109%2fTBME.2017.2712771&partnerID=40&md5=1f39bc63b8b71f511f085e68ba5ebc09,Bi L.; Kim J.; Ahn E.; Kumar A.; Fulham M.; Feng D.,2017,302.0,"Objective: Segmentation of skin lesions is an important step in the automated computer aided diagnosis of melanoma. However, existing segmentation methods have a tendency to over- or under-segment the lesions and perform poorly when the lesions have fuzzy boundaries, low contrast with the background, inhomogeneous textures, or contain artifacts. Furthermore, the performance of these methods are heavily reliant on the appropriate tuning of a large number of parameters as well as the use of effective preprocessing techniques, such as illumination correction and hair removal. Methods: We propose to leverage fully convolutional networks (FCNs) to automatically segment the skin lesions. FCNs are a neural network architecture that achieves object detection by hierarchically combining low-level appearance information with high-level semantic information. We address the issue of FCN producing coarse segmentation boundaries for challenging skin lesions (e.g., those with fuzzy boundaries and/or low difference in the textures between the foreground and the background) through a multistage segmentation approach in which multiple FCNs learn complementary visual characteristics of different skin lesions; early stage FCNs learn coarse appearance and localization information while late-stage FCNs learn the subtle characteristics of the lesion boundaries. We also introduce a new parallel integration method to combine the complementary information derived from individual segmentation stages to achieve a final segmentation result that has accurate localization and well-defined lesion boundaries, even for the most challenging skin lesions. Results: We achieved an average Dice coefficient of 91.18% on the ISBI 2016 Skin Lesion Challenge dataset and 90.66% on the PH2 dataset. Conclusion and Significance: Our extensive experimental results on two well-established public benchmark datasets demonstrate that our method is more effective than other state-of-the-art methods for skin lesion segmentation. © 1964-2012 IEEE.",Segmentation (Segmentation Of Skin Lesions In Dermoscopic Images),ISBI 2016; PH2,1100 (900 from ISBI 2016 + 200 from PH2),No (Handles imbalance via a multi-stage approach where later stages refine boundaries from coarse initial masks),illumination correction and hair removal.,random crops and flips,Lesion Boundary,No,Fully Convolutional Networks (FCNs) based on ResNet-101,New Architecture (Multi-stage FCN with Parallel Integration),No,"Accuracy (AC), Dice Coefficient (DI), Jaccard Index (JA), Sensitivity (SE), Specificity (SP)",Accuracy: 95.51% (ISBI); Accuracy 94.24 (PH2),"Yes (Compared against FCN-8s, U-Net, and ISBI 2016 challenge winners)",No reported,"adaptions of our method to other datasets and as well as
potential clinical applications"
Deep learning ensembles for melanoma recognition in dermoscopy images,10.1147/JRD.2017.2708299,https://www.scopus.com/inward/record.uri?eid=2-s2.0-85023165265&doi=10.1147%2fJRD.2017.2708299&partnerID=40&md5=661bf18ce62a4adb6f193b7b7aa8c200,Codella N.C.F.; Nguyen Q.-B.; Pankanti S.; Gutman D.A.; Helba B.; Halpern A.C.; Smith J.R.,2017,511.0,"Melanoma is the deadliest form of skin cancer. While curable with early detection, only highly trained specialists are capable of accurately recognizing the disease. As expertise is in limited supply, automated systems capable of identifying disease could save lives, reduce unnecessary biopsies, and reduce costs. Toward this goal, we propose a system that combines recent developments in deep learning with established machine learning approaches, creating ensembles of methods that are capable of segmenting skin lesions, as well as analyzing the detected area and surrounding tissue for melanoma detection. The system is evaluated using the largest publicly available benchmark dataset of dermoscopic images, containing 900 training and 379 testing images. New state-of-the-art performance levels are demonstrated, leading to an improvement in the area under receiver operating characteristic curve of 7.5% (0.843 versus 0.783), in average precision of 4% (0.649 versus 0.624), and in specificity measured at the clinically relevant 95% sensitivity operating point 2.9 times higher than the previous state of the art (36.8% specificity compared to 12.5%). Compared to the average of eight expert dermatologists on a subset of 100 test images, the proposed system produces a higher accuracy (76% versus 70.5%), and specificity (62% versus 59%) evaluated at an equivalent sensitivity (82%). © 2017 IBM.",Segmentation (Melanoma Detection In Dermoscopy Images),ISBI 2016 (ISIC Archive),"1,279 (900 training, 379 testing)",No (Imbalanced),"RGB and HSV color channel extraction, Resizing (128x128), Normalization (zero mean, unit variance)","Rotation, Flip, Rescale, Shift, Crop, Nonlinear distortions (sinusoidal remapping)",Lesion Boundary,Binary (Melanoma vs. Non-melanoma),"U-Net, Caffe CNN, DRN-101","Ensemble (Fusion of deep learning, sparse coding, and hand-coded features)",Yes [ImageNet],"Jaccard (JACC), Accuracy (ACC), Sensitivity (SENS), Specificity (SPEC), Average Precision (AP), AUC, SP95","AUC: 0.843, AP: 0.649",Yes,"Lack of statistical significance tests due to fixed dataset partitions; diagnostic comparisons with clinical experts lack real-world situational context (e.g., patient history)",Learn joint pattern-disease classification models; utilize patient metadata and temporal evolution; apply non-linear image warping for classification
Skin lesion classification from dermoscopic images using deep learning techniques,10.2316/P.2017.852-053,https://www.scopus.com/inward/record.uri?eid=2-s2.0-85019000072&doi=10.2316%2fP.2017.852-053&partnerID=40&md5=13a0452369523c3de298ded873fbd691,Romero Lopez A.; Giro-I-Nieto X.; Burdick J.; Marques O.,2017,316.0,"The recent emergence of deep learning methods for medical image analysis has enabled the development of intelligent medical imaging-based diagnosis systems that can assist the human expert in making better decisions about a patients health. In this paper we focus on the problem of skin lesion classification, particularly early melanoma detection, and present a deep-learning based approach to solve the problem of classifying a dermoscopic image containing a skin lesion as malignant or benign. The proposed solution is built around the VGGNet convolutional neural network architecture and uses the transfer learning paradigm. Experimental results are encouraging: on the ISIC Archive dataset, the proposed method achieves a sensitivity value of 78.66%, which is significantly higher than the current state of the art on that dataset. © 2017 International Association of Science and Technology for Development - IASTED.",Classification,ISIC,496 (346 training and 150 testing),No (Undersampling was used to create a balanced dataset of 173 training and 75 testing images per class),"Normalizing pixel values to [0,1] range, square cropping, and resizing to 224x224 pixels","Size re-scaling, rotation, horizontal shift, zooming, and horizontal flipping",No,Binary (Malignant vs. Benign),VGG16,Transfer Learning,Yes (ImageNet),"Accuracy, Sensitivity, Precision, Specificity",Accuracy: 81.33%; Sensitivity: 78.66%,Yes,Overfitting due to small dataset size and dependency on ImageNet features potentially unrelated to medical tasks,"Using larger datasets, hyperparameter fine-tuning, and pre-training on skin-related datasets like Dermnet"
Deep Bayesian active learning with image data,,https://www.scopus.com/inward/record.uri?eid=2-s2.0-85048415204&partnerID=40&md5=9fa550dcc3c43748ce6d5eaacaf6e546,Gal Y.; Islam R.; Ghahramani Z.,2017,449.0,"Even though active learning forms an important pillar of machine learning, deep learning tools are not prevalent within it. Deep learning poses several difficulties when used in an active learning setting. First, active learning (AL) methods generally rely on being able to learn and update models from small amounts of data. Recent advances in deep learning, on the other hand, are notorious for their dependence on large amounts of data. Second, many AL acquisition functions rely on model uncertainty, yet deep learning methods rarely represent such model uncertainty. In this paper we combine recent advances in Bayesian deep learning into the active learning framework in a practical way. We develop an active learning framework for high dimensional data, a task which has been extremely challenging so far, with very sparse existing literature. Taking advantage of specialised models such as Bayesian convolu-tional neural networks, we demonstrate our active learning techniques with image data, obtaining a significant improvement on existing active learning approaches. We demonstrate this on both the MNIST dataset, as well as for skin cancer diagnosis from lesion images (ISIC2016 task). Copyright 2017 by the authors.",Classification,ISIC 2016 (Part 3B),900,"No (727 Benign, 173 Malignant)",Not reported,Vertical/Horizontal Flipping (positive examples),,Binary (Malignant vs. Benign),VGG16 (Bayesian CNN),Deep Bayesian Active Learning Framework,Yes (ImageNet),AUC,AUC: ~0.76 (Active Learning with BALD),Yes,Prolonged training times due to model resetting; Variation Ratios acquisition function failed on this dataset,Reduce computational cost by updating model without resetting; avoid local optima
"Image Classification of Melanoma, Nevus and Seborrheic Keratosis by Deep Neural Network Ensemble",https://doi.org/10.48550/arXiv.1703.03108,https://arxiv.org/abs/1703.03108,"Kazuhisa Matsunaga, Akira Hamada, Akane Minagawa, Hiroshi Koga",2017,228.0,This short paper reports the method and the evaluation results of Casio and Shinshu University joint team for the ISBI Challenge 2017 - Skin Lesion Analysis Towards Melanoma Detection - Part 3: Lesion Classification hosted by ISIC. Our online validation score was 0.958 with melanoma classifier AUC 0.924 and seborrheic keratosis classifier AUC 0.993.,Classification,ISIC 2017,Not informed,No (Used external data from ISIC Archive to increase sample size)),"Luminance and color balance normalization (Shades of Gray), Resizing (224x224 or 299x299)","Random cropping, flipping",No,"Both (Ternary: Melanoma, Nevus, Seborrheic Keratosis; implemented via two binary classifiers)","Ensemble of CNNs (ResNet-50, Inception-v3, VGG-16)",Ensemble of fine-tuned existing architectures,No,Area Under the ROC Curve (AUC),Mean AUC: 0.874,Yes (Ranked in ISBI 2017 Challenge),No reported,No reported
Automatic Skin Lesion Analysis using Large-scale Dermoscopy Images and Deep Residual Networks,https://doi.org/10.48550/arXiv.1703.04197,https://arxiv.org/abs/1703.04197,"Lei Bi, Jinman Kim, Euijoon Ahn, Dagan Feng",2017,304.0,"Malignant melanoma has one of the most rapidly increasing incidences in the world and has a considerable mortality rate. Early diagnosis is particularly important since melanoma can be cured with prompt excision. Dermoscopy images play an important role in the non-invasive early detection of melanoma [1]. However, melanoma detection using human vision alone can be subjective, inaccurate and poorly reproducible even among experienced dermatologists. This is attributed to the challenges in interpreting images with diverse characteristics including lesions of varying sizes and shapes, lesions that may have fuzzy boundaries, different skin colors and the presence of hair [2]. Therefore, the automatic analysis of dermoscopy images is a valuable aid for clinical decision making and for image-based diagnosis to identify diseases such as melanoma [1-4]. Deep residual networks (ResNets) has achieved state-of-the-art results in image classification and detection related problems [5-8]. In this ISIC 2017 skin lesion analysis challenge [9], we propose to exploit the deep ResNets for robust visual features learning and representations.",Classification,ISIC 2017,~9800 (Seg); ~3600 (Class),No,"Downscaling (500px Seg, 224px Class)","Random crops, Flips (Training); Multi-scale, Flips (Testing)",Lesion Boundary,"Both (Binary: Mel vs Rest, SK vs Rest; Multi-class: Mel, SK, Nevus)",ResNet, Ensemble / Multi-scale integration,Yes (ImageNet),"Jaccard Index, AUC","Jaccard: 79.40%, Avg AUC: 91.50%",Yes,Small validation set (150 images); Ground truth not public at time of writing,No reported
Nuclei Segmentation with Recurrent Residual Convolutional Neural Networks based U-Net (R2U-Net),10.1109/NAECON.2018.8556686,https://www.scopus.com/inward/record.uri?eid=2-s2.0-85059895463&doi=10.1109%2fNAECON.2018.8556686&partnerID=40&md5=79ba7756aa62c447fa2c67b1ae11c378,Zahangir Alom M.; Yakopcic C.; Taha T.M.; Asari V.K.,2018,250.0,"Bio-medical image segmentation is one of the promising sectors where nuclei segmentation from high-resolution histopathological images enables extraction of very high-quality features for nuclear morphometrics and other analysis metrics in the field of digital pathology. The traditional methods including Otsu thresholding and watershed methods do not work properly in different challenging cases. However, Deep Learning (DL) based approaches are showing tremendous success in different modalities of bio-medical imaging including computation pathology. Recently, the Recurrent Residual U-Net (R2U-Net) has been proposed, which has shown state-of-The-Art (SOTA) performance in different modalities (retinal blood vessel, skin cancer, and lung segmentation) in medical image segmentation. However, in this implementation, the R2U-Net is applied to nuclei segmentation for the first time on a publicly available dataset that was collected from the Data Science Bowl Grand Challenge in 2018. The R2U-Net shows around 92.15% segmentation accuracy in terms of the Dice Coefficient (DC) during the testing phase. In addition, the qualitative results show accurate segmentation, which clearly demonstrates the robustness of the R2U-Net model for the nuclei segmentation task. © 2018 IEEE.",Segmentation,Data Science Bowl Grand Challenge 2018,735,No,Resizing,No reported,Lesion Boundary,No,R2U-Net (Recurrent Residual U-Net),New Architecture,No,"Dice Coefficient (DC), Mean Squared Error (MSE)",DC: 92.15%,Yes,No reported,Implementation of different deep learning models for nuclei classification and detection
Multimodal skin lesion classification using deep learning,10.1111/exd.13777,https://www.scopus.com/inward/record.uri?eid=2-s2.0-85053925211&doi=10.1111%2fexd.13777&partnerID=40&md5=3b0a55f6a88e8d351c2bf9d0a11670d8,Yap J.; Yolland W.; Tschandl P.,2018,251.0,"While convolutional neural networks (CNNs) have successfully been applied for skin lesion classification, previous studies have generally considered only a single clinical/macroscopic image and output a binary decision. In this work, we have presented a method which combines multiple imaging modalities together with patient metadata to improve the performance of automated skin lesion diagnosis. We evaluated our method on a binary classification task for comparison with previous studies as well as a five class classification task representative of a real-world clinical scenario. We showed that our multimodal classifier outperforms a baseline classifier that only uses a single macroscopic image in both binary melanoma detection (AUC 0.866 vs 0.784) and in multiclass classification (mAP 0.729 vs 0.598). In addition, we have quantitatively showed the automated diagnosis of skin lesions using dermatoscopic images obtains a higher performance when compared to using macroscopic images. We performed experiments on a new data set of 2917 cases where each case contains a dermatoscopic image, macroscopic image and patient metadata. © 2018 The Authors. Experimental Dermatology Published by John Wiley & Sons Ltd",Classification (Automated Skin Lesion Diagnosis),Own dataset (sourced from MetaOptima Technology Inc. and the Medical University of Vienna),"2917 cases (each including a dermatoscopic image, a macroscopic image, and patient metadata)",No (Aggregated disease classes used; specific balancing method like oversampling not explicitly detailed beyond manual selection for quality),Automatic central square cropping and resizing (macroscopic and dermatoscopic images),No reported,Lesion Boundary (via manual screening and automatic cropping),Both (Binary melanoma detection and 5-class classification),Two ResNet-50 towers (one for each image modality) followed by a late fusion embedding network with fully connected layers,Ensemble (Late fusion of multiple imaging modalities and metadata),Yes (Pre-trained on ILSVRC 2015/ImageNet),"mAP, Top-1 Accuracy, AUC for Melanoma, and AUC for Cancer",AUC for Melanoma: 0.866; mAP: 0.729,Yes (Outperformed baseline single-modality classifiers and compared with previous studies),"Verification bias (all cases histopathologically verified/excised); potential data bias for specific patterns (e.g., nose visible in BCC images); and small sample size for certain groups like seborrheic keratoses","Integrating more benign non-excised skin lesions (angiomas, dermatofibromas, etc.) and further stratification based on clinical suspicion"
Skin lesion classification with ensembles of deep convolutional neural networks,10.1016/j.jbi.2018.08.006,https://www.scopus.com/inward/record.uri?eid=2-s2.0-85052633192&doi=10.1016%2fj.jbi.2018.08.006&partnerID=40&md5=976b6f7af1e908dca4d1dbd7b68c53df,Harangi B.,2018,341.0,"Skin cancer is a major public health problem with over 123,000 newly diagnosed cases worldwide in every year. Melanoma is the deadliest form of skin cancer, responsible for over 9000 deaths in the United States each year. Thus, reliable automatic melanoma screening systems would provide a great help for clinicians to detect the malignant skin lesions as early as possible. In the last five years, the efficiency of deep learning-based methods increased dramatically and their performances seem to outperform conventional image processing methods in classification tasks. However, this type of machine learning-based approaches have a main drawback, namely they require thousands of labeled images per classes for their training. In this paper, we investigate how we can create an ensemble of deep convolutional neural networks to improve further their individual accuracies in the task of classifying dermoscopy images into the three classes melanoma, nevus, and seborrheic keratosis when we have no opportunity to train them on adequate number of annotated images. To achieve high classification accuracy, we fuse the outputs of the classification layers of four different deep neural network architectures. More specifically, we propose the aggregation of robust convolutional neural networks (CNNs) into one framework, where the final classification is achieved based on the weighted output of the member CNNs. For aggregation, we consider different fusion-based methods and select the best performing one for this problem. Our experimental results also prove that the creation of an ensemble of different neural networks is a meaningful approach, since each of the applied fusion strategies outperforms the individual networks regarding classification accuracy. The average area under the receiver operating characteristic curve has been found to be 0.891 for the 3-class classification task. For an objective evaluation of our approach, we have tested its performance on the official test database of the IEEE International Symposium on Biomedical Imaging (ISBI) 2017 challenge on Skin Lesion Analysis Towards Melanoma Detection dedicated to skin cancer recognition. © 2018 Elsevier Inc.",Classification,ISIC 2017,"2750 (2000 training, 150 validation, 600 test)",No (The dataset is highly imbalanced; the author addresses this by investigating different fusion strategies rather than simple re-balancing),Resizing,No reported,,"Multi-class (Melanoma, Nevus, Seborrheic Keratosis)","VGG16, VGG19, Inception-v3, ResNet50",Ensemble (Investigates different fusion strategies for classification layer outputs),Yes (ImageNet),"Accuracy (ACC), AUC",AUC: 0.891 (for the best-performing ensemble strategy),Yes,Data scarcity,Improving individual model accuracies through the creation of weighted frameworks and different fusion strategies
Skin lesion segmentation in dermoscopy images via deep full resolution convolutional networks,10.1016/j.cmpb.2018.05.027,https://www.scopus.com/inward/record.uri?eid=2-s2.0-85047600387&doi=10.1016%2fj.cmpb.2018.05.027&partnerID=40&md5=18812c13cc0b21ec98c5062d3b4aad2c,Al-masni M.A.; Al-antari M.A.; Choi M.-T.; Han S.-M.; Kim T.-S.,2018,404.0,"Background and objective: Automatic segmentation of skin lesions in dermoscopy images is still a challenging task due to the large shape variations and indistinct boundaries of the lesions. Accurate segmentation of skin lesions is a key prerequisite step for any computer-aided diagnostic system to recognize skin melanoma. Methods: In this paper, we propose a novel segmentation methodology via full resolution convolutional networks (FrCN). The proposed FrCN method directly learns the full resolution features of each individual pixel of the input data without the need for pre- or post-processing operations such as artifact removal, low contrast adjustment, or further enhancement of the segmented skin lesion boundaries. We evaluated the proposed method using two publicly available databases, the IEEE International Symposium on Biomedical Imaging (ISBI) 2017 Challenge and PH2 datasets. To evaluate the proposed method, we compared the segmentation performance with the latest deep learning segmentation approaches such as the fully convolutional network (FCN), U-Net, and SegNet. Results: Our results showed that the proposed FrCN method segmented the skin lesions with an average Jaccard index of 77.11% and an overall segmentation accuracy of 94.03% for the ISBI 2017 test dataset and 84.79% and 95.08%, respectively, for the PH2 dataset. In comparison to FCN, U-Net, and SegNet, the proposed FrCN outperformed them by 4.94%, 15.47%, and 7.48% for the Jaccard index and 1.31%, 3.89%, and 2.27% for the segmentation accuracy, respectively. Furthermore, the proposed FrCN achieved a segmentation accuracy of 95.62% for some representative clinical benign cases, 90.78% for the melanoma cases, and 91.29% for the seborrheic keratosis cases in the ISBI 2017 test dataset, exhibiting better performance than those of FCN, U-Net, and SegNet. Conclusions: We conclude that using the full spatial resolutions of the input image could enable to learn better specific and prominent features, leading to an improvement in the segmentation performance. © 2018 Elsevier B.V.",Segmentation,"ISBI 2017, PH2",2950 (2750 from ISBI 2017; 200 from PH2),No (Addressing inequality through percentages of existence in final indices),Resizing sing bilinear interpolation; Conversion to HSV color space,Geometric transformations,Lesion Boundary,,"FrCN (Full Resolution Convolutional Network, inspired by VGG-16)",New Architecture (Elimination of all subsampling layers to learn full-resolution features),Yes (ImageNet),"SEN, SPE, DIC, JAC, ACC, MCC, AUC","JAC: 77.11%, ACC: 94.03% (ISBI 2017 overall); JAC: 84.79%, ACC: 95.08% (PH2 overall)",Yes,Requires high computational resources for original large image sizes; sensitivity still needs enhancement,Utilizing original image sizes without resizing in FrCN; developing a CAD system for multi-class classification
Skin Cancer Classification using Deep Learning and Transfer Learning (HAS ONLY THE ABSTRACT SECTION),10.1109/CIBEC.2018.8641762,https://www.scopus.com/inward/record.uri?eid=2-s2.0-85063229823&doi=10.1109%2fCIBEC.2018.8641762&partnerID=40&md5=d2734153e6628bd362b79d36893aff7b,Hosny K.M.; Kassem M.A.; Foaud M.M.,2018,232.0,"Skin cancer, specially melanoma is one of most deadly diseases. In the color images of skin, there is a high similarity between different skin lesion like melanoma and nevus, which increase the difficulty of the detection and diagnosis. A reliable automated system for skin lesion classification is essential for early detection to save effort, time and human life. In this paper, an automated skin lesion classification method is proposed. In this method, a pre-trained deep learning network and transfer learning are utilized. In addition to fine-tuning and data augmentation, the transfer learning is applied to AlexNet by replacing the last layer by a softmax to classify three different lesions (melanoma, common nevus and atypical nevus). The proposed model is trained and tested using the ph2 dataset. The well-known quantative measures, accuracy, sensitivity, specificity, and precision are used in evaluating the performance of the proposed method where the obtained values of these measures are 98.61%, 98.33%, 98.93%, and 97.73%, respectively. The performance of the proposed method is compared with the existing methods where the classification rate of the proposed method outperformed the performance of the existing methods. © 2018 IEEE.",Classification,PH2,200,"No (Imbalanced: 40 melanoma, 80 common nevus, 80 atypical nevus)","ROI extraction, Resize (<=227x227)",Rotation,,"Multi-class (Melanoma, Common Nevus, Atypical Nevus)",AlexNet,Transfer Learning,Yes [ImageNet],"Accuracy, Sensitivity, Specificity, Precision, ROC",Accuracy: 98.61%,Yes,Insufficient amount of labeled data for deep learning,None reported
Data augmentation for improving deep learning in image classification problem,10.1109/IIPHDW.2018.8388338,https://www.scopus.com/inward/record.uri?eid=2-s2.0-85050025181&doi=10.1109%2fIIPHDW.2018.8388338&partnerID=40&md5=9f3e4d6b58e06bafcce8660fcd6e616f,Mikołajczyk A.; Grochowski M.,2018,1442.0,"These days deep learning is the fastest-growing field in the field of Machine Learning (ML) and Deep Neural Networks (DNN). Among many of DNN structures, the Convolutional Neural Networks (CNN) are currently the main tool used for the image analysis and classification purposes. Although great achievements and perspectives, deep neural networks and accompanying learning algorithms have some relevant challenges to tackle. In this paper, we have focused on the most frequently mentioned problem in the field of machine learning, that is the lack of sufficient amount of the training data or uneven class balance within the datasets. One of the ways of dealing with this problem is so called data augmentation. In the paper we have compared and analyzed multiple methods of data augmentation in the task of image classification, starting from classical image transformations like rotating, cropping, zooming, histogram based methods and finishing at Style Transfer and Generative Adversarial Networks, along with the representative examples. Next, we presented our own method of data augmentation based on image style transfer. The method allows to generate the new images of high perceptual quality that combine the content of a base image with the appearance of another ones. The newly created images can be used to pre-train the given neural network in order to improve the training process efficiency. Proposed method is validated on the three medical case studies: skin melanomas diagnosis, histopathological images and breast magnetic resonance imaging (MRI) scans analysis, utilizing the image classification in order to provide a diagnose. In such kind of problems the data deficiency is one of the most relevant issues. Finally, we discuss the advantages and disadvantages of the methods being analyzed. © 2018 IEEE.",Classification,Dermofit; MoleMap; ISIC; ISBI,~47600,No (data augmentation and image style transfer used to address high imbalance),Not informed,"Rotation, reflection, scaling (zoom in/out), shearing, histogram equalization, contrast/brightness enhancement, white-balancing, sharpening, blurring, GANs, Style Transfer",,Binary (Malignant Melanoma vs. Benign moles),VGG16,New Architecture (Neural Style Transfer for medical data augmentation),Yes (Synthetic images used to pre-train/transfer learning),Dont compare results,Dont compare results,No,Style transfer might be limited to images where structure plays an important role; GANs have high computation time and issues with perspective/counting,Testing neural network efficiency after pre-training with synthetic images generated via style transfer
The skin cancer classification using deep convolutional neural network,10.1007/s11042-018-5714-1,https://www.scopus.com/inward/record.uri?eid=2-s2.0-85042386588&doi=10.1007%2fs11042-018-5714-1&partnerID=40&md5=231273953b97605b34d237c6c65051d7,Dorj U.-O.; Lee K.-K.; Choi J.-Y.; Lee M.,2018,324.0,"This paper addresses the demand for an intelligent and rapid classification system of skin cancer using contemporary highly-efficient deep convolutional neural network. In this paper, we mainly focus on the task of classifying the skin cancer using ECOC SVM, and deep convolutional neural network. RGB images of the skin cancers are collected from the Internet. Some collected images have noises such as other organs, and tools. These images are cropped to reduce the noise for better results. In this paper, an existing, and pre-trained AlexNet convolutional neural network model is used in extracting features. A ECOC SVM clasifier is utilized in classification the skin cancer. The results are obtained by executing a proposed algorithm with a total of 3753 images, which include four kinds of skin cancers images. The implementation result shows that maximum values of the average accuracy, sensitivity, and specificity are 95.1 (squamous cell carcinoma), 98.9 (actinic keratosis), 94.17 (squamous cell carcinoma), respectively. Minimum values of the average in these measures are 91.8 (basal cell carcinoma), 96.9 (Squamous cell carcinoma), and 90.74 (melanoma), respectively. © 2018, Springer Science+Business Media, LLC, part of Springer Nature.",Classification,"Internet-collected RGB images (google.com, naver.com, baidu.com, bing.com)",3753,No reported,Cropping to reduce noise from other organs and tools,No reported,,"Multi-class (Actinic Keratoses, Basal cell carcinoma, Squamous cell carcinoma, and Melanoma)",AlexNet,Transfer Learning,Yes (imageNet),"Accuracy, Sensitivity, and Specificity",Accuracy: 95.1% (Squamous cell carcinoma); Sensitivity: 98.9% (Actinic keratosis); Specificity: 94.17% (Squamous cell carcinoma),Yes,"Accuracy depends on image clarity, with some classes achieving better results due to clearer source material",Extending classification based on ABCD rules and developing a smartphone application
"Skin lesion analysis toward melanoma detection: A challenge at the 2017 International symposium on biomedical imaging (ISBI), hosted by the international skin imaging collaboration (ISIC)",10.1109/ISBI.2018.8363547,https://www.scopus.com/inward/record.uri?eid=2-s2.0-85048103617&doi=10.1109%2fISBI.2018.8363547&partnerID=40&md5=da7c17cd6c9ac36af58e97774e2b5bdc,Codella N.C.F.; Gutman D.; Celebi M.E.; Helba B.; Marchetti M.A.; Dusza S.W.; Kalloo A.; Liopyris K.; Mishra N.; Kittler H.; Halpern A.,2018,1671.0,"This article describes the design, implementation, and results of the latest installment of the dermoscopic image analysis benchmark challenge. The goal is to support research and development of algorithms for automated diagnosis of melanoma, the most lethal skin cancer. The challenge was divided into 3 tasks: lesion segmentation, feature detection, and disease classification. Participation involved 593 registrations, 81 pre-submissions, 46 finalized submissions (including a 4-page manuscript), and approximately 50 attendees, making this the largest standardized and comparative study in this field to date. While the official challenge duration and ranking of participants has concluded, the dataset snapshots remain available for further research and development. © 2018 IEEE.",Classification (Melanoma Detection),ISIC 2017,"2750 total (2000 training, 150 validation, 600 test)",No reported,No reported,No reported,"Both (Lesion Boundary and Attributes: network, negative network, streaks, and milia-like cysts)","Both; Binary (Melanoma vs. Others; Seborrheic Keratosis vs. Others) and Multi-class (Melanoma, Seborrheic Keratosis, Benign Nevi)",Ensembles of Deep Learning Networks,Ensemble,Yes (External and additional data sources used),"Jaccard Index, Dice Coefficient, Accuracy, AUC, Specificity at 82/89/95% Sensitivity",AUC: 0.911 (Average across categories); Jaccard: 0.765 (Segmentation),Yes (Standardized comparative study),Dataset bias (incomplete representation of all diseases/ethnicities); incomplete feature annotations; reliance on single metrics,Integration into clinical workflows; adjusting metrics and task formats for easier participation; addressing dataset bias
Skin lesion analysis towards melanoma detection using deep learning network,10.3390/s18020556,https://www.scopus.com/inward/record.uri?eid=2-s2.0-85041966080&doi=10.3390%2fs18020556&partnerID=40&md5=ad96fc18bce0a634de60d661b12e8a4e,Li Y.; Shen L.,2018,517.0,"Skin lesions are a severe disease globally. Early detection of melanoma in dermoscopy images significantly increases the survival rate. However, the accurate recognition of melanoma is extremely challenging due to the following reasons: low contrast between lesions and skin, visual similarity between melanoma and non-melanoma lesions, etc. Hence, reliable automatic detection of skin tumors is very useful to increase the accuracy and efficiency of pathologists. In this paper, we proposed two deep learning methods to address three main tasks emerging in the area of skin lesion image processing, i.e., lesion segmentation (task 1), lesion dermoscopic feature extraction (task 2) and lesion classification (task 3). A deep learning framework consisting of two fully convolutional residual networks (FCRN) is proposed to simultaneously produce the segmentation result and the coarse classification result. A lesion index calculation unit (LICU) is developed to refine the coarse classification results by calculating the distance heat-map. A straight-forward CNN is proposed for the dermoscopic feature extraction task. The proposed deep learning frameworks were evaluated on the ISIC 2017 dataset. Experimental results show the promising accuracies of our frameworks, i.e., 0.753 for task 1, 0.848 for task 2 and 0.912 for task 3 were achieved. © 2018 by the authors. Licensee MDPI, Basel, Switzerland.",Classification (Melanoma Detection) / Segmentation ,ISIC 2017,"2750 total (2000 training, 150 validation, 600 test)","No (Used images rotated at specific angles for each class: Melanoma (18°), Seborrheic Keratosis (18°), and Nevus (45°))",Center cropping (0.8 of image height) and proportional resizing to ~300x300 and ~500x500,Geometric transformations,"Both (Lesion Boundary and Attributes: Pigment Network, Negative Network, Streaks, and Milia-like Cysts)",Multi-class (Melanoma vs. Seborrheic Keratosis vs. Nevus),FCRN-88 (with Residual-in-Residual modules) and a 12-layer CNN for feature extraction,Ensemble (two FCRNs trained on different augmentation sets) and New Architecture,No (FCRNs were extension of previous HEp-2 work; LFN trained from scratch on ISIC patches),"JA, AC, DC, SE, SP, AUC, AP",AUC: 0.912 (Classification); JA: 0.753 (Segmentation),Yes,"High computational cost of high-resolution images and potential ""mirroring"" operation fooling deeper networks (overfitting)",Converting feature extraction to benchmark research for subsequent related work
Recurrent Residual Convolutional Neural Network based on U-Net (R2U-Net) for Medical Image Segmentation,https://doi.org/10.48550/arXiv.1802.06955,https://arxiv.org/abs/1802.06955,"Md Zahangir Alom, Mahmudul Hasan, Chris Yakopcic, Tarek M. Taha, Vijayan K. Asari",2018,1767.0,"Deep learning (DL) based semantic segmentation methods have been providing state-of-the-art performance in the last few years. More specifically, these techniques have been successfully applied to medical image classification, segmentation, and detection tasks. One deep learning technique, U-Net, has become one of the most popular for these applications. In this paper, we propose a Recurrent Convolutional Neural Network (RCNN) based on U-Net as well as a Recurrent Residual Convolutional Neural Network (RRCNN) based on U-Net models, which are named RU-Net and R2U-Net respectively. The proposed models utilize the power of U-Net, Residual Network, as well as RCNN. There are several advantages of these proposed architectures for segmentation tasks. First, a residual unit helps when training deep architecture. Second, feature accumulation with recurrent residual convolutional layers ensures better feature representation for segmentation tasks. Third, it allows us to design better U-Net architecture with same number of network parameters with better performance for medical image segmentation. The proposed models are tested on three benchmark datasets such as blood vessel segmentation in retina images, skin cancer segmentation, and lung lesion segmentation. The experimental results show superior performance on segmentation tasks compared to equivalent models including U-Net and residual U-Net (ResU-Net).",Segmentation,"ISIC 2017 (Skin Lesion), Blood Vessel (Retina), and Lung Lesion (CT)",2000 (ISIC 2017),"No (Standard data splits used: 1250 training, 150 validation, 600 testing)",Resizing,No reported,Lesion Boundary,,RU-Net (Recurrent U-Net) and R2U-Net (Recurrent Residual U-Net),New Architecture (Combines U-Net with Recurrent Convolutional Neural Networks and Residual units),No (Trained from scratch to evaluate architecture performance),"DI, JI, ACC, SE, SP",DI: 0.8133; JI: 0.6922 (ISIC 2017),Yes (Compared with standard U-Net and Residual U-Net),Performance is compared on specific medical datasets; further testing on broader clinical scenarios is required,Applying the proposed R2U-Net model to other 2D and 3D medical imaging segmentation tasks
Association between Surgical Skin Markings in Dermoscopic Images and Diagnostic Performance of a Deep Learning Convolutional Neural Network for Melanoma Recognition,10.1001/jamadermatol.2019.1735,https://www.scopus.com/inward/record.uri?eid=2-s2.0-85070989510&doi=10.1001%2fjamadermatol.2019.1735&partnerID=40&md5=e105d1488c35e7bcd835bf2645a3ce68,Winkler J.K.; Fink C.; Toberer F.; Enk A.; Deinlein T.; Hofmann-Wellenhof R.; Thomas L.; Lallas A.; Blum A.; Stolz W.; Haenssle H.A.,2019,262.0,"Importance: Deep learning convolutional neural networks (CNNs) have shown a performance at the level of dermatologists in the diagnosis of melanoma. Accordingly, further exploring the potential limitations of CNN technology before broadly applying it is of special interest. Objective: To investigate the association between gentian violet surgical skin markings in dermoscopic images and the diagnostic performance of a CNN approved for use as a medical device in the European market. Design and Setting: A cross-sectional analysis was conducted from August 1, 2018, to November 30, 2018, using a CNN architecture trained with more than 120 000 dermoscopic images of skin neoplasms and corresponding diagnoses. The association of gentian violet skin markings in dermoscopic images with the performance of the CNN was investigated in 3 image sets of 130 melanocytic lesions each (107 benign nevi, 23 melanomas). Exposures: The same lesions were sequentially imaged with and without the application of a gentian violet surgical skin marker and then evaluated by the CNN for their probability of being a melanoma. In addition, the markings were removed by manually cropping the dermoscopic images to focus on the melanocytic lesion. Main Outcomes and Measures: Sensitivity, specificity, and area under the curve (AUC) of the receiver operating characteristic (ROC) curve for the CNN's diagnostic classification in unmarked, marked, and cropped images. Results: In all, 130 melanocytic lesions (107 benign nevi and 23 melanomas) were imaged. In unmarked lesions, the CNN achieved a sensitivity of 95.7% (95% CI, 79%-99.2%) and a specificity of 84.1% (95% CI, 76.0%-89.8%). The ROC AUC was 0.969. In marked lesions, an increase in melanoma probability scores was observed that resulted in a sensitivity of 100% (95% CI, 85.7%-100%) and a significantly reduced specificity of 45.8% (95% CI, 36.7%-55.2%, P <.001). The ROC AUC was 0.922. Cropping images led to the highest sensitivity of 100% (95% CI, 85.7%-100%), specificity of 97.2% (95% CI, 92.1%-99.0%), and ROC AUC of 0.993. Heat maps created by vanilla gradient descent backpropagation indicated that the blue markings were associated with the increased false-positive rate. Conclusions and Relevance: This study's findings suggest that skin markings significantly interfered with the CNN's correct diagnosis of nevi by increasing the melanoma probability scores and consequently the false-positive rate. A predominance of skin markings in melanoma training images may have induced the CNN's association of markings with a melanoma diagnosis. Accordingly, these findings suggest that skin markings should be avoided in dermoscopic images intended for analysis by a CNN. © 2019 American Medical Association. All rights reserved.",Classification,Clinical Dataset (University of Heidelberg and others),"390 (Unmarked, Marked, Cropped)",No,Manual Cropping,No reported,,Binary (Benign Nevi vs. Melanoma),Inception-v4,Evaluation/Validation Study,"Yes (Pre-trained on >120,000 images)","Sensitivity, Specificity, ROC AUC",AUC: 0.993,No,Benign nevi not histologically verified (clinical follow-up); Melanoma markings electronically superimposed (not in vivo); Limited to fair-skinned patients,Avoid skin markings in CNN images; Implement automated segmentation/border detection; Improve interpretability
Superior skin cancer classification by the combination of human and artificial intelligence,10.1016/j.ejca.2019.07.019,https://www.scopus.com/inward/record.uri?eid=2-s2.0-85069037204&doi=10.1016%2fj.ejca.2019.07.019&partnerID=40&md5=aa8bc09e2f12f5764ae39331bb09cbbf,Hekler A.; Utikal J.S.; Enk A.H.; Hauschild A.; Weichenthal M.; Maron R.C.; Berking C.; Haferkamp S.; Klode J.; Schadendorf D.; Schilling B.; Holland-Letz T.; Izar B.; von Kalle C.; Fröhling S.; Brinker T.J.; Schmitt L.; Peitsch W.K.; Hoffmann F.; Becker J.C.; Drusio C.; Jansen P.; Lodde G.; Sammet S.; Sondermann W.; Ugurel S.; Zader J.; Salzmann M.; Schäfer S.; Schäkel K.; Winkler J.; Wölbing P.; Asper H.; Bohne A.-S.; Brown V.; Burba B.; Deffaa S.; Dietrich C.; Dietrich M.; Drerup K.A.; Egberts F.; Erkens A.-S.; Greven S.; Harde V.; Jost M.; Kaeding M.; Kosova K.; Lischner S.; Maagk M.; Messinger A.L.; Metzner M.; Motamedi R.; Rosenthal A.-C.; Seidl U.; Stemmermann J.; Torz K.; Velez J.G.; Haiduk J.; Alter M.; Bär C.; Bergenthal P.; Gerlach A.; Holtorf C.; Karoglan A.; Kindermann S.; Kraas L.; Felcht M.; Gaiser M.R.; Klemke C.-D.; Kurzen H.; Leibing T.; Müller V.; Reinhard R.R.; Winter F.; Eicher L.; Hartmann D.; Heppt M.; Kilian K.; Krammer S.; Lill D.; Niesert A.-C.; Oppel E.; Sattler E.; Senner S.; Wallmichrath J.; Wolff H.; Gesierich A.; Giner T.; Glutsch V.; Kerstan A.; Presser D.; Schrüfer P.; Schummer P.; Stolze I.; Weber J.; Drexler K.; Mickler M.; Stauner C.T.; Thiem A.,2019,292.0,"Background: In recent studies, convolutional neural networks (CNNs) outperformed dermatologists in distinguishing dermoscopic images of melanoma and nevi. In these studies, dermatologists and artificial intelligence were considered as opponents. However, the combination of classifiers frequently yields superior results, both in machine learning and among humans. In this study, we investigated the potential benefit of combining human and artificial intelligence for skin cancer classification. Methods: Using 11,444 dermoscopic images, which were divided into five diagnostic categories, novel deep learning techniques were used to train a single CNN. Then, both 112 dermatologists of 13 German university hospitals and the trained CNN independently classified a set of 300 biopsy-verified skin lesions into those five classes. Taking into account the certainty of the decisions, the two independently determined diagnoses were combined to a new classifier with the help of a gradient boosting method. The primary end-point of the study was the correct classification of the images into five designated categories, whereas the secondary end-point was the correct classification of lesions as either benign or malignant (binary classification). Findings: Regarding the multiclass task, the combination of man and machine achieved an accuracy of 82.95%. This was 1.36% higher than the best of the two individual classifiers (81.59% achieved by the CNN). Owing to the class imbalance in the binary problem, sensitivity, but not accuracy, was examined and demonstrated to be superior (89%) to the best individual classifier (CNN with 86.1%). The specificity in the combined classifier decreased from 89.2% to 84%. However, at an equal sensitivity of 89%, the CNN achieved a specificity of only 81.5% Interpretation: Our findings indicate that the combination of human and artificial intelligence achieves superior results over the independent results of both of these systems. © 2019 The Author(s)",Classification,ISIC archive; HAM10000,11444,No,Data set cleaning (one image per lesion),Up-sampling,,Both; Binary (Benign vs. Malignant) and Multi-class (Actinic keratosis/Bowen's/SCC; BCC; Benign keratosis; Nevi; Melanoma),ResNet50; XGBoost,Ensemble (Human-AI Fusion),No,"ACC, Sensitivity, Specificity","Accuracy: 82.95% (Multi-class), Sensitivity: 89% (Binary)",Yes (CNN outperformed 112 dermatologists; Fusion outperformed individual classifiers),Use of only biopsy-verified images (bias); anonymity of survey; decisions based on single images without clinical context; lack of entirely external test set,Applying human-AI fusion to prospective assessment of oncologic transformation and other medical domains
Bi-directional ConvLSTM U-net with densley connected convolutions,10.1109/ICCVW.2019.00052,https://www.scopus.com/inward/record.uri?eid=2-s2.0-85082445435&doi=10.1109%2fICCVW.2019.00052&partnerID=40&md5=aff560860b47e08c517aea0c7a4d1505,Azad R.; Asadi-Aghbolaghi M.; Fathy M.; Escalera S.,2019,392.0,"In recent years, deep learning-based networks have achieved state-of-the-art performance in medical image segmentation. Among the existing networks, U-Net has been successfully applied on medical image segmentation. In this paper, we propose an extension of U-Net, Bi-directional ConvLSTM U-Net with Densely connected convolutions (BCDU-Net), for medical image segmentation, in which we take full advantages of U-Net, bi-directional ConvLSTM (BConvLSTM) and the mechanism of dense convolutions. Instead of a simple concatenation in the skip connection of U-Net, we employ BConvLSTM to combine the feature maps extracted from the corresponding encoding path and the previous decoding up-convolutional layer in a non-linear way. To strengthen feature propagation and encourage feature reuse, we use densely connected convolutions in the last convolutional layer of the encoding path. Finally, we can accelerate the convergence speed of the proposed network by employing batch normalization (BN). The proposed model is evaluated on three datasets of: retinal blood vessel segmentation, skin lesion segmentation, and lung nodule segmentation, achieving state-of-the-art performance. © 2019 IEEE.",Segmentation,ISIC 2018; DRIVE; Lung segmentation),2594 (for ISIC 2018),No,Resizing,No reported,Lesion Boundary,,BCDU-Net (U-Net with Bi-directional ConvLSTM and Densely connected convolutions),New Architecture,No,"F1-Score, Sensitivity, Specificity, Accuracy, PC, JS, AUC",Accuracy: 93.74%; JS: 0.937,Yes,Validation accuracy varies due to distinct differences between training and validation samples,No reported
Systematic outperformance of 112 dermatologists in multiclass skin cancer image classification by convolutional neural networks,10.1016/j.ejca.2019.06.013,https://www.scopus.com/inward/record.uri?eid=2-s2.0-85069038904&doi=10.1016%2fj.ejca.2019.06.013&partnerID=40&md5=a73968ddeacb3e9da8e3bd76141493b4,Maron R.C.; Weichenthal M.; Utikal J.S.; Hekler A.; Berking C.; Hauschild A.; Enk A.H.; Haferkamp S.; Klode J.; Schadendorf D.; Jansen P.; Holland-Letz T.; Schilling B.; von Kalle C.; Fröhling S.; Gaiser M.R.; Hartmann D.; Gesierich A.; Kähler K.C.; Wehkamp U.; Karoglan A.; Bär C.; Brinker T.J.; Schmitt L.; Peitsch W.K.; Hoffmann F.; Becker J.C.; Drusio C.; Lodde G.; Sammet S.; Sondermann W.; Ugurel S.; Zader J.; Salzmann M.; Schäfer S.; Schäkel K.; Winkler J.; Wölbing P.; Asper H.; Bohne A.-S.; Brown V.; Burba B.; Deffaa S.; Dietrich C.; Dietrich M.; Drerup K.A.; Egberts F.; Erkens A.-S.; Greven S.; Harde V.; Jost M.; Kaeding M.; Kosova K.; Lischner S.; Maagk M.; Messinger A.L.; Metzner M.; Motamedi R.; Rosenthal A.-C.; Seidl U.; Stemmermann J.; Torz K.; Velez J.G.; Haiduk J.; Alter M.; Bergenthal P.; Gerlach A.; Holtorf C.; Kindermann S.; Kraas L.; Felcht M.; Klemke C.-D.; Kurzen H.; Leibing T.; Müller V.; Reinhard R.R.; Winter F.; Eicher L.; Heppt M.; Kilian K.; Krammer S.; Lill D.; Niesert A.-C.; Oppel E.; Sattler E.; Senner S.; Wallmichrath J.; Wolff H.; Giner T.; Glutsch V.; Kerstan A.; Presser D.; Schrüfer P.; Schummer P.; Stolze I.; Weber J.; Drexler K.; Mickler M.; Stauner C.T.; Thiem A.,2019,182.0,"Background: Recently, convolutional neural networks (CNNs) systematically outperformed dermatologists in distinguishing dermoscopic melanoma and nevi images. However, such a binary classification does not reflect the clinical reality of skin cancer screenings in which multiple diagnoses need to be taken into account. Methods: Using 11,444 dermoscopic images, which covered dermatologic diagnoses comprising the majority of commonly pigmented skin lesions commonly faced in skin cancer screenings, a CNN was trained through novel deep learning techniques. A test set of 300 biopsy-verified images was used to compare the classifier's performance with that of 112 dermatologists from 13 German university hospitals. The primary end-point was the correct classification of the different lesions into benign and malignant. The secondary end-point was the correct classification of the images into one of the five diagnostic categories. Findings: Sensitivity and specificity of dermatologists for the primary end-point were 74.4% (95% confidence interval [CI]: 67.0–81.8%) and 59.8% (95% CI: 49.8–69.8%), respectively. At equal sensitivity, the algorithm achieved a specificity of 91.3% (95% CI: 85.5–97.1%). For the secondary end-point, the mean sensitivity and specificity of the dermatologists were at 56.5% (95% CI: 42.8–70.2%) and 89.2% (95% CI: 85.0–93.3%), respectively. At equal sensitivity, the algorithm achieved a specificity of 98.8%. Two-sided McNemar tests revealed significance for the primary end-point (p < 0.001). For the secondary end-point, outperformance (p < 0.001) was achieved except for basal cell carcinoma (on-par performance). Interpretation: Our findings show that automated classification of dermoscopic melanoma and nevi images is extendable to a multiclass classification problem, thus better reflecting clinical differential diagnoses, while still outperforming dermatologists at a significant level (p < 0.001). © 2019 The Author(s)",Classification,ISIC archive; HAM10000,11444,"No (NV downsampled by 2, others upsampled by 3)",Duplicates removed by lesion ID,Up-sampling,,"Both; Binary (Benign vs. Malignant) and Multi-class (akiec, bcc, bkl, nv, mel)",ResNet50,Standard,No,"Sensitivity, Specificity, AUC, McNemar tests",Multi-class Sensitivity: 56.5% (Dermatologists) vs 98.8% Specificity (CNN at equal sensitivity); Binary AUC: 0.928,Yes (CNN significantly outperformed dermatologists across most categories),Biopsy-verified image bias (presumably difficult lesions); anonymity risk; decision based on single images without clinical context,"Integration of additional clinical information (palpation, age, family history) into machine learning models"
Region Extraction and Classification of Skin Cancer: A Heterogeneous framework of Deep CNN Features Fusion and Reduction,10.1007/s10916-019-1413-3,https://www.scopus.com/inward/record.uri?eid=2-s2.0-85069492342&doi=10.1007%2fs10916-019-1413-3&partnerID=40&md5=e98d2ad9f2cf636652f747392f27d0f5,Saba T.; Khan M.A.; Rehman A.; Marie-Sainte S.L.,2019,235.0,"Cancer is one of the leading causes of deaths in the last two decades. It is either diagnosed malignant or benign – depending upon the severity of the infection and the current stage. The conventional methods require a detailed physical inspection by an expert dermatologist, which is time-consuming and imprecise. Therefore, several computer vision methods are introduced lately, which are cost-effective and somewhat accurate. In this work, we propose a new automated approach for skin lesion detection and recognition using a deep convolutional neural network (DCNN). The proposed cascaded design incorporates three fundamental steps including; a) contrast enhancement through fast local Laplacian filtering (FlLpF) along HSV color transformation; b) lesion boundary extraction using color CNN approach by following XOR operation; c) in-depth features extraction by applying transfer learning using Inception V3 model prior to feature fusion using hamming distance (HD) approach. An entropy controlled feature selection method is also introduced for the selection of the most discriminant features. The proposed method is tested on PH2 and ISIC 2017 datasets, whereas the recognition phase is validated on PH2, ISBI 2016, and ISBI 2017 datasets. From the results, it is concluded that the proposed method outperforms several existing methods and attained accuracy 98.4% on PH2 dataset, 95.1% on ISBI dataset and 94.8% on ISBI 2017 dataset. © 2019, Springer Science+Business Media, LLC, part of Springer Nature.",Classification,PH2; ISBI 2016; ISIC 2017,4229 total (200 from PH2; 1279 from ISBI 2016; 2750 from ISIC 2017),No (Addresses imbalance through data rotation),filtering with HSV color transformation,Rotation at 4 different angles,,"Both; Binary (Benign vs. Malignant) and Multi-class (Melanoma, Common Nevi, Atypical Nevi)",Inception V3,New Architecture (Heterogeneous framework using feature fusion via Hamming distance and entropy controlled selection),Yes (Inception V3 pre-trained on ImageNet),"Accuracy (Acc), Sensitivity (Sen), Specificity (Spec), Precision (Pre), F1-Measure (F1-M), AUC, False Positive Rate (FPR)","Acc: 98.4% (PH2), 95.1% (ISBI 2016), 94.8% (ISIC 2017)",Yes,Challenges with similar colors between healthy skin and lesions; artifacts like air bubbles and hair reduce extraction accuracy,Future focus on segmentation using transfer learning and physics-based selection theorems for feature subsets
Skin lesion segmentation in dermoscopic images with combination of yolo and grabcut algorithm,10.3390/diagnostics9030072,https://www.scopus.com/inward/record.uri?eid=2-s2.0-85072617653&doi=10.3390%2fdiagnostics9030072&partnerID=40&md5=fc2895624d15216353c9f1b30199e309,Ünver H.M.; Ayan E.,2019,245.0,"Skin lesion segmentation has a critical role in the early and accurate diagnosis of skin cancer by computerized systems. However, automatic segmentation of skin lesions in dermoscopic images is a challenging task owing to difficulties including artifacts (hairs, gel bubbles, ruler markers), indistinct boundaries, low contrast and varying sizes and shapes of the lesion images. This paper proposes a novel and effective pipeline for skin lesion segmentation in dermoscopic images combining a deep convolutional neural network named as You Only Look Once (YOLO) and the GrabCut algorithm. This method performs lesion segmentation using a dermoscopic image in four steps: 1. Removal of hairs on the lesion, 2. Detection of the lesion location, 3. Segmentation of the lesion area from the background, 4. Post-processing with morphological operators. The method was evaluated on two publicly well-known datasets, that is the PH2 and the ISBI 2017 (Skin Lesion Analysis Towards Melanoma Detection Challenge Dataset). The proposed pipeline model has achieved a 90% sensitivity rate on the ISBI 2017 dataset, outperforming other deep learning-based methods. The method also obtained close results according to the results obtained from other methods in the literature in terms of metrics of accuracy, specificity, Dice coefficient, and Jaccard index. © 2019 by the authors.",Segmentation,PH2; ISBI 2017,2200 total (200 from PH2; 2000 from ISBI 2017),No reported,"Hair removal, resizing (to 416x416 pixels), and color space conversion (to RGB)",No reported,Lesion Boundary (via YOLO for localization followed by GrabCut for segmentation),,YOLO ,Ensemble (Hybrid pipeline combining YOLO localization and GrabCut segmentation),No,"Sensitivity, Specificity, Accuracy, and Jaccard Index",Sensitivity: 94% (PH2); Accuracy: 90% (ISBI 2017),Yes,"Difficulty in segmenting lesions with extremely blurry boundaries, high artifact noise (gel bubbles), or low contrast",Improving segmentation for multi-class dermatological disease diagnosis and testing on larger clinical datasets
Efficient skin lesion segmentation using separable-Unet with stochastic weight averaging,10.1016/j.cmpb.2019.07.005,https://www.scopus.com/inward/record.uri?eid=2-s2.0-85068764142&doi=10.1016%2fj.cmpb.2019.07.005&partnerID=40&md5=73a61d2972e6941d7a2cd0006657e017,Tang P.; Liang Q.; Yan X.; Xiang S.; Sun W.; Zhang D.; Coppola G.,2019,160.0,"Background and objective: Efficient segmentation of skin lesion in dermoscopy images can improve the classification accuracy of skin diseases, which provides a powerful approach for the dermatologists in examining pigmented skin lesions. However, the segmentation is challenging due to the low contrast of skin lesions from a captured image, fuzzy and indistinct lesion boundaries, huge variety of interclass variation of melanomas, the existence of artifacts, etc. In this work, an efficient and accurate melanoma region segmentation method is proposed for computer-aided diagnostic systems. Method: A skin lesion segmentation (SLS) method based on the separable-Unet with stochastic weight averaging is proposed in this work. Specifically, the proposed Separable-Unet framework takes advantage of the separable convolutional block and U-Net architectures, which can extremely capture the context feature channel correlation and higher semantic feature information to enhance the pixel-level discriminative representation capability of fully convolutional networks (FCN). Further, considering that the over-fitting is a local optimum (or sub-optimum) problem, a scheme based on stochastic weight averaging is introduced, which can obtain much broader optimum and better generalization. Results: The proposed method is evaluated in three publicly available datasets. The experimental results showed that the proposed approach segmented the skin lesions with an average Dice coefficient of 93.03% and Jaccard index of 89.25% for the International Skin Imaging Collaboration (ISIC) 2016 Skin Lesion Challenge (SLC) dataset, 86.93% and 79.26% for the ISIC 2017 SLC, and 94.13% and 89.40% for the PH2 dataset, respectively. The proposed approach is compared with other state-of-the-art methods, and the results demonstrate that the proposed approach outperforms them for SLS on both melanoma and non-melanoma cases. Segmentation of a potential lesion with the proposed approach in a dermoscopy image requires less than 0.05 s of processing time, which is roughly 30 times faster than the second best method (regarding the value of Jaccard index) for the ISIC 2017 dataset with the same hardware configuration. Conclusions: We concluded that using the separable convolutional block and U-Net architectures with stochastic weight averaging strategy could enable to obtain better pixel-level discriminative representation capability. Moreover, the considerably decreased computation time suggests that the proposed approach has potential for practical computer-aided diagnose systems, besides provides a segmentation for the specific analysis with improved segmentation performance. © 2019 Elsevier B.V.",Segmentation,ISIC 2016; ISIC 2017; PH2,~4079 (ISIC 2016: 1279; ISIC 2017: 2600; PH2: 200),No (Handled via Dice loss),Resizing,"Random vertical/horizontal flips, Rotation, Shifting, Grid-distortion",Lesion Boundary,,"Separable-Unet (Xception encoder, Separable Conv Blocks)","Separable-Unet architecture, Stochastic Weight Averaging (SWA)",Yes (ImageNet),"Accuracy, Sensitivity, Specificity, Dice Coefficient, Jaccard Index, AUC, Precision-Recall","Dice: 93.03% (ISIC 2016), 86.93% (ISIC 2017), 94.13% (PH2)","Yes (vs. U-Net, FCN, MFCN, J-FCN, DCL-PSI, SLSDeep, FRCN)",Standard learning schemes prone to overfitting on small/imbalanced datasets; Dilation post-processing caused over-segmentation,Apply framework to other segmentation tasks with considerable variation of appearances
Attention Residual Learning for Skin Lesion Classification,10.1109/TMI.2019.2893944,https://www.scopus.com/inward/record.uri?eid=2-s2.0-85062898963&doi=10.1109%2fTMI.2019.2893944&partnerID=40&md5=4292b7208774e9bf18f5c5414795c1fa,Zhang J.; Xie Y.; Xia Y.; Shen C.,2019,481.0,"Automated skin lesion classification in dermoscopy images is an essential way to improve the diagnostic performance and reduce melanoma deaths. Although deep convolutional neural networks (DCNNs) have made dramatic breakthroughs in many image classification tasks, accurate classification of skin lesions remains challenging due to the insufficiency of training data, inter-class similarity, intra-class variation, and the lack of the ability to focus on semantically meaningful lesion parts. To address these issues, we propose an attention residual learning convolutional neural network (ARL-CNN) model for skin lesion classification in dermoscopy images, which is composed of multiple ARL blocks, a global average pooling layer, and a classification layer. Each ARL block jointly uses the residual learning and a novel attention learning mechanisms to improve its ability for discriminative representation. Instead of using extra learnable layers, the proposed attention learning mechanism aims to exploit the intrinsic self-attention ability of DCNNs, i.e., using the feature maps learned by a high layer to generate the attention map for a low layer. We evaluated our ARL-CNN model on the ISIC-skin 2017 dataset. Our results indicate that the proposed ARL-CNN model can adaptively focus on the discriminative parts of skin lesions, and thus achieve the state-of-the-art performance in skin lesion classification.",Classification,ISIC 2017; ISIC 2018,12107 (2750 from ISIC 2017 and 9357 from ISIC 2018),No (Images were oversampled to balance categories),Resizing and mean subtraction,Random cropping and horizontal flipping,,"Both; Binary (Melanoma vs. Others , Seborrheic keratosis vs. Others ) and Multi-class (7 classes: mel, nv, bcc, akiec, bkl, df, vasc )",ResNet-50,New Architecture (Attention Residual Learning/ARL),Yes (ImageNet),"Accuracy, AUC, Average Precision, Specificity, Sensitivity",Accuracy: 85.1% (ISIC 2018); AUC: 0.958 (ISIC 2017 Melanoma),Yes,High visual similarity between different categories of skin lesions,Integrate more diverse clinical information (metadata) to further improve performance
Automated deep learning design for medical image classification by health-care professionals with no coding experience: a feasibility study,10.1016/S2589-7500(19)30108-6,https://www.scopus.com/inward/record.uri?eid=2-s2.0-85071729503&doi=10.1016%2fS2589-7500%2819%2930108-6&partnerID=40&md5=887d3a84b6ed49a7713eb05853fda8fe,Faes L.; Wagner S.K.; Fu D.J.; Liu X.; Korot E.; Ledsam J.R.; Back T.; Chopra R.; Pontikos N.; Kern C.; Moraes G.; Schmid M.K.; Sim D.; Balaskas K.; Bachmann L.M.; Denniston A.K.; Keane P.A.,2019,234.0,"Background: Deep learning has the potential to transform health care; however, substantial expertise is required to train such models. We sought to evaluate the utility of automated deep learning software to develop medical image diagnostic classifiers by health-care professionals with no coding—and no deep learning—expertise. Methods: We used five publicly available open-source datasets: retinal fundus images (MESSIDOR); optical coherence tomography (OCT) images (Guangzhou Medical University and Shiley Eye Institute, version 3); images of skin lesions (Human Against Machine [HAM] 10000), and both paediatric and adult chest x-ray (CXR) images (Guangzhou Medical University and Shiley Eye Institute, version 3 and the National Institute of Health [NIH] dataset, respectively) to separately feed into a neural architecture search framework, hosted through Google Cloud AutoML, that automatically developed a deep learning architecture to classify common diseases. Sensitivity (recall), specificity, and positive predictive value (precision) were used to evaluate the diagnostic properties of the models. The discriminative performance was assessed using the area under the precision recall curve (AUPRC). In the case of the deep learning model developed on a subset of the HAM10000 dataset, we did external validation using the Edinburgh Dermofit Library dataset. Findings: Diagnostic properties and discriminative performance from internal validations were high in the binary classification tasks (sensitivity 73·3–97·0%; specificity 67–100%; AUPRC 0·87–1·00). In the multiple classification tasks, the diagnostic properties ranged from 38% to 100% for sensitivity and from 67% to 100% for specificity. The discriminative performance in terms of AUPRC ranged from 0·57 to 1·00 in the five automated deep learning models. In an external validation using the Edinburgh Dermofit Library dataset, the automated deep learning model showed an AUPRC of 0·47, with a sensitivity of 49% and a positive predictive value of 52%. Interpretation: All models, except the automated deep learning model trained on the multilabel classification task of the NIH CXR14 dataset, showed comparable discriminative performance and diagnostic properties to state-of-the-art performing deep learning algorithms. The performance in the external validation study was low. The quality of the open-access datasets (including insufficient information about patient flow and demographics) and the absence of measurement for precision, such as confidence intervals, constituted the major limitations of this study. The availability of automated deep learning platforms provide an opportunity for the medical community to enhance their understanding in model development and evaluation. Although the derivation of classification models without requiring a deep understanding of the mathematical, statistical, and programming principles is attractive, comparable performance to expertly designed models is limited to more elementary classification tasks. Furthermore, care should be placed in adhering to ethical principles when using these automated models to avoid discrimination and causing harm. Future studies should compare several application programming interfaces on thoroughly curated datasets. Funding: National Institute for Health Research and Moorfields Eye Charity. © 2019 The Author(s). Published by Elsevier Ltd. This is an Open Access article under the CC BY 4.0 license.",Classification,HAM10000; Edinburgh Dermofit Library (External Validation); MESSIDOR; OCT; CXR,10015 (HAM10000); 1300 (Edinburgh Dermofit),No (Undersampling used in analysis),No reported,No reported,,"Multi-class (7 classes: Actinic keratosis, BCC, Benign keratosis, Dermatofibroma, Melanoma, Nevus, Vascular lesion)",Google Cloud AutoML Vision API (Neural Architecture Search),Feasibility of AutoML by non-experts,No reported but uses AutoML to train,"Sensitivity, Specificity, Positive Predictive Value (Precision), AUPRC","AUPRC: 0.93, Sn: 91% (Internal HAM10000); AUPRC: 0.47, Sn: 49% (External Edinburgh)",Yes,"Poor generalization to external datasets (AUPRC dropped from 0.93 to 0.47); ""Black box"" lack of interpretability (no saliency maps); API limitations (single image upload); lack of uncertainty metrics",Evaluate other AutoML platforms; improve dataset quality and reporting standards; emphasize external validation
Deep neural networks are superior to dermatologists in melanoma image classification,10.1016/j.ejca.2019.05.023,https://www.scopus.com/inward/record.uri?eid=2-s2.0-85069046206&doi=10.1016%2fj.ejca.2019.05.023&partnerID=40&md5=7f30d41b68d5fae472b240510320c52f,Brinker T.J.; Hekler A.; Enk A.H.; Berking C.; Haferkamp S.; Hauschild A.; Weichenthal M.; Klode J.; Schadendorf D.; Holland-Letz T.; von Kalle C.; Fröhling S.; Schilling B.; Utikal J.S.,2019,256.0,"Background: Melanoma is the most dangerous type of skin cancer but is curable if detected early. Recent publications demonstrated that artificial intelligence is capable in classifying images of benign nevi and melanoma with dermatologist-level precision. However, a statistically significant improvement compared with dermatologist classification has not been reported to date. Methods: For this comparative study, 4204 biopsy-proven images of melanoma and nevi (1:1) were used for the training of a convolutional neural network (CNN). New techniques of deep learning were integrated. For the experiment, an additional 804 biopsy-proven dermoscopic images of melanoma and nevi (1:1) were randomly presented to dermatologists of nine German university hospitals, who evaluated the quality of each image and stated their recommended treatment (19,296 recommendations in total). Three McNemar's tests comparing the results of the CNN's test runs in terms of sensitivity, specificity and overall correctness were predefined as the main outcomes. Findings: The respective sensitivity and specificity of lesion classification by the dermatologists were 67.2% (95% confidence interval [CI]: 62.6%–71.7%) and 62.2% (95% CI: 57.6%–66.9%). In comparison, the trained CNN achieved a higher sensitivity of 82.3% (95% CI: 78.3%–85.7%) and a higher specificity of 77.9% (95% CI: 73.8%–81.8%). The three McNemar's tests in 2 × 2 tables all reached a significance level of p < 0.001. This significance level was sustained for both subgroups. Interpretation: For the first time, automated dermoscopic melanoma image classification was shown to be significantly superior to both junior and board-certified dermatologists (p < 0.001). © 2019 The Authors",Classification,ISIC; PH2,"4204 Training, 804 Testing",No reported,No reported,No reported,,Binary (Melanoma vs Nevi),ResNet50,Transfer Learning / Training optimizations,Yes (ImageNet),"Sensitivity, Specificity, ROC","Sensitivity: 82.3%, Specificity: 77.9%",Yes,Lack of clinical info; binary classification simplifies reality; 1:1 ratio bias; ground truth not independently reviewed; internal test set validity,Evaluate in prospective clinical trials; implementation as assistive tool
Convolutional Neural Networks Using MobileNet for Skin Lesion Classification,10.1109/JCSSE.2019.8864155,https://www.scopus.com/inward/record.uri?eid=2-s2.0-85074222224&doi=10.1109%2fJCSSE.2019.8864155&partnerID=40&md5=675792f5d7b7b70fcca88e5517042cb7,Sae-Lim W.; Wettayaprasit W.; Aiyarak P.,2019,167.0,"Skin lesion classification is a particular interesting area of research in dermatoscopic lesion image processing. In this paper, we present a skin lesion classification approach based on the light weight deep Convolutional Neural Networks (CNNs), called MobileNet. We employed MobileNet and proposed the modified MobileNet for skin lesion classification. For the evaluation of our model, we had used the official dataset of Human Against Machine with 10,000 training images (HAM 10000) which was a collection of multisource dermatoscopic images. Data up-sampling and data augmentation method were used in our study for improving the efficiency of the classifier. The comparison results showed that our modified model had achieved higher accuracy, specificity, sensitivity, and F1-score than the traditional MobileNet. © 2019 IEEE.",Classification,HAM10000,10015,No (Data up-sampling (random repeating) used to balance classes),Resizing,"Rotation, Zooming, Width/Height Shifting, Horizontal/Vertical Flipping",,"Multi-class (akiec, bcc, bkl, df, nv, mel, vasc)",MobileNet,New Architecture (Modified last 5 layers of classical MobileNet),Yes (ImageNet),"Accuracy, Specificity, Sensitivity, F1-score",Accuracy: 83.93%,No,Classical MobileNet tends to overfit; dataset imbalance required preprocessing; modified model still has potential for higher accuracy,Integration with suitable image pre-processing for other medical image types
A comparative study of deep learning architectures on melanoma detection,10.1016/j.tice.2019.04.009,https://www.scopus.com/inward/record.uri?eid=2-s2.0-85064761206&doi=10.1016%2fj.tice.2019.04.009&partnerID=40&md5=ac5175cf7cc6d720bb70701c62410a81,Hosseinzadeh Kassani S.; Hosseinzadeh Kassani P.,2019,203.0,"Melanoma is the most aggressive type of skin cancer, which significantly reduces the life expectancy. Early detection of melanoma can reduce the morbidity and mortality associated with skin cancer. Dermoscopic images acquired by dermoscopic instruments are used in computational analysis for skin cancer detection. However, some image quality limitations such as noises, shadows, artefacts exist that could compromise the robustness of the skin image analysis. Hence, developing an automatic intelligent system for skin cancer diagnosis with accurate detection rate is crucial. In this paper, we evaluate the performance of several state-of-the-art convolutional neural networks in dermoscopic images of skin lesions. Our experiment is conducted on a graphics processing unit (GPU)to speed up the training and deployment process. To enhance the quality of images, we employ different pre-processing steps. We also apply data augmentation methodology such as horizontal and vertical flipping techniques to address the class skewness problem. Both pre-processing and data augmentation could help to improve the final accuracy. © 2019 Elsevier Ltd",Classification (Detection),HAM10000,10015,No (Oversampling/Augmentation),"Illumination correction (Shades-of-Grey, Quadratic function), Contrast enhancement, Color space transformation (RGB to HSV), Resizing, Normalization, Standardization","Horizontal/Vertical flips, Random contrast, Random brightness",,"Multi-class (Melanoma, Melanocytic nevus, Basal cell carcinoma, Actinic keratosis, Benign keratosis, Dermatofibroma, Vascular lesion)","ResNet50, AlexNet, VGGNet16, VGGNet19, Xception",Standard Architectures (Comparative Study),Yes (ImageNet),"Specificity, Sensitivity, Accuracy, F-measure, Precision, ROC/AUC","Accuracy: 92.08%, F-Score: 92.74% (ResNet50 with augmentation)",Yes,"Imbalanced classes, image quality limitations (noise, shadows, artifacts)",Boost accuracy using deep learning-based ensemble models
Skin Lesion Classification Using Hybrid Deep Neural Networks,10.1109/ICASSP.2019.8683352,https://www.scopus.com/inward/record.uri?eid=2-s2.0-85068988327&doi=10.1109%2fICASSP.2019.8683352&partnerID=40&md5=3e9018a74789aa92837805dd00c8d781,Mahbod A.; Schaefer G.; Wang C.; Ecker R.; Ellinge I.,2019,240.0,"Skin cancer is one of the major types of cancers with an increasing incidence over the past decades. Accurately diagnosing skin lesions to discriminate between benign and malignant skin lesions is crucial to ensure appropriate patient treatment. While there are many computerised methods for skin lesion classification, convolutional neural networks (CNNs) have been shown to be superior over classical methods. In this work, we propose a fully automatic computerised method for skin lesion classification which employs optimised deep features from a number of well-established CNNs and from different abstraction levels. We use three pre-trained deep models, namely AlexNet, VGG16 and ResNet-18, as deep feature generators. The extracted features then are used to train support vector machine classifiers. In a final stage, the classifier outputs are fused to obtain a classification. Evaluated on the 150 validation images from the ISIC 2017 classification challenge, the proposed method is shown to achieve very good classification performance, yielding an area under receiver operating characteristic curve of 83.83% for melanoma classification and of 97.55% for seborrheic keratosis classification. © 2019 IEEE.",Classification,ISIC 2016; ISIC 2017,"2037 total (411 MM, 254 SK, 1372 BN)",No reported,Normalization (ImageNet mean subtraction) and Resizing (bicubic interpolation to 227x227 or 224x224),"Rotation (0, 90, 180, 270 degrees) and Horizontal Flipping",,"Both; Binary (MM vs. All, SK vs. All) and Multi-class (MM, SK, BN)","AlexNet, VGG16, ResNet-18",Ensemble (Hybrid deep feature fusion with multiple SVM classifiers),Yes (ImageNet),AUC,MM AUC: 83.83%; SK AUC: 97.55%,Yes,Limited number of pre-trained networks studied; resizing to small patches may remove useful info; limited training data,"Incorporating more advanced models (e.g., DenseNets); extending training data; using cropping or segmentation masks to guide resizing"
Improving Dermoscopic Image Segmentation With Enhanced Convolutional-Deconvolutional Networks,10.1109/JBHI.2017.2787487,https://www.scopus.com/inward/record.uri?eid=2-s2.0-85039801246&doi=10.1109%2fJBHI.2017.2787487&partnerID=40&md5=9d949c83ef46e37ebe7bd95770e1c66a,Yuan Y.; Lo Y.-C.,2019,182.0,"Automatic skin lesion segmentation on dermoscopic images is an essential step in computer-aided diagnosis of melanoma. However, this task is challenging due to significant variations of lesion appearances across different patients. This challenge is further exacerbated when dealing with a large amount of image data. In this paper, we extended our previous work by developing a deeper network architecture with smaller kernels to enhance its discriminant capacity. In addition, we explicitly included color information from multiple color spaces to facilitate network training and thus to further improve the segmentation performance. We participated and extensively evaluated our method on the ISBI 2017 skin lesion segmentation challenge. By training with the 2000 challenge training images, our method achieved an average Jaccard Index of 0.765 on the 600 challenge testing images, which ranked itself in the first place among 21 final submissions in the challenge. © 2018 IEEE.",Segmentation,ISBI 2017,"2750 (2000 training, 150 validation, 600 testing images)",No (Addressed using a Jaccard distance-based loss function that eliminates the need for sample re-weighting,Resizing and color space expansion (adding HSV and CIELAB L-channels),Geometric transformations,Lesion Boundary,,CDNN (29-layer Convolutional-Deconvolutional Neural Network),New Architecture,No,"Jaccard Index (JA), Accuracy (AC), Dice Coefficient (DI), Sensitivity (SE), Specificity (SP)",JA: 0.765,Yes,Mis-segmentation in some cases due to challenging acquisition conditions or site-specific issues,Combining deep learning with conventional methods like active contour or integrating post-processing like CRF modeled as RNNs
Melanoma lesion detection and segmentation using deep region based convolutional neural network and fuzzy C-means clustering,10.1016/j.ijmedinf.2019.01.005,https://www.scopus.com/inward/record.uri?eid=2-s2.0-85060342436&doi=10.1016%2fj.ijmedinf.2019.01.005&partnerID=40&md5=c9b53545517b14eee55108dfd539fc98,Nida N.; Irtaza A.; Javed A.; Yousaf M.H.; Mahmood M.T.,2019,182.0,"Objective: Melanoma is a dangerous form of the skin cancer responsible for thousands of deaths every year. Early detection of melanoma is possible through visual inspection of pigmented lesions over the skin, treated with simple excision of the cancerous cells. However, due to the limited availability of dermatologists, the visual inspection alone has the limited and variable accuracy that leads the patient to undergo a series of biopsies and complicates the treatment. In this work, a deep learning method is proposed for automated Melanoma region segmentation using dermoscopic images to overcome the challenges of automated Melanoma region segmentation within dermoscopic images. Materials and methods: A deep region based convolutional neural network (RCNN) precisely detects the multiple affected regions in the form of bounding boxes that simplify localization through Fuzzy C-mean (FCM) clustering. Our method constitutes of three step process: skin refinement, localization of Melanoma region, and finally segmentation of Melanoma. We applied the proposed method on benchmark dataset ISIC-2016 by International Symposium on biomedical images (ISBI) having 900 training and 376 testing Melanoma dermatological images. Main findings: The performance is evaluated for Melanoma segmentation using various quantitative measures. Our method achieved average values of pixel level specificity (SP) as 0.9417, pixel level sensitivity (SE) as 0.9781, F1 _ s core as 0.9589, pixel level accuracy (Ac) as 0.948. In addition, average dice score (Di) of segmentation was recorded as 0.94, which represents good segmentation performance. Moreover, Jaccard coefficient (Jc) averaged value on entire testing images was 0.93. Comparative analysis with the state of art methods and the results have demonstrated the superiority of the proposed method. Conclusion: In contrast with state of the art systems, the RCNN is capable to compute deep features with amen representation of Melanoma, and hence improves the segmentation performance. The RCNN can detect features for multiple skin diseases of the same patient as well as various diseases of different patients with efficient training mechanism. Series of experiments towards Melanoma detection and segmentation validates the effectiveness of our method. © 2019 Elsevier B.V.",Segmentation,ISIC 2016,"1276 total (900 training, 376 testing)",No reported,hair removal; un-sharp filter for enhancement,No reported,Lesion Boundary,Binary (Melanoma vs. Normal skin),Deep Region-based CNN (RCNN) with Fuzzy C-Means (FCM) clustering,New Architecture (Integrating RCNN with FCM for medical analysis),Yes (CIFAR10),"Accuracy (Ac), Specificity (SP), Sensitivity (SE), F1-score, Dice (Di), Jaccard (Jc), mAP",Ac: 0.948; SE: 0.9781; Di: 0.94; Jc: 0.93,Yes,Failure to precisely localize in some images due to visual similarity between melanoma and normal skin,Integration of the classification task into the proposed detection and segmentation method
Melanoma Recognition in Dermoscopy Images via Aggregated Deep Convolutional Features,10.1109/TBME.2018.2866166,https://www.scopus.com/inward/record.uri?eid=2-s2.0-85051811876&doi=10.1109%2fTBME.2018.2866166&partnerID=40&md5=58f8cba14e7e018b5396144c1a9ae4a1,Yu Z.; Jiang X.; Zhou F.; Qin J.; Ni D.; Chen S.; Lei B.; Wang T.,2019,213.0,"In this paper, we present a novel framework for dermoscopy image recognition via both a deep learning method and a local descriptor encoding strategy. Specifically, deep representations of a rescaled dermoscopy image are first extracted via a very deep residual neural network pretrained on a large natural image dataset. Then these local deep descriptors are aggregated by orderless visual statistic features based on Fisher vector (FV) encoding to build a global image representation. Finally, the FV encoded representations are used to classify melanoma images using a support vector machine with a Chi-squared kernel. Our proposed method is capable of generating more discriminative features to deal with large variations within melanoma classes, as well as small variations between melanoma and nonmelanoma classes with limited training data. Extensive experiments are performed to demonstrate the effectiveness of our proposed method. Comparisons with state-of-the-art methods show the superiority of our method using the publicly available ISBI 2016 Skin lesion challenge dataset. © 1964-2012 IEEE.",Classification,ISBI 2016,"1276 total (900 training, 376 testing)",No,"Uniform rescaling (shortest side to scale S) while maintaining aspect ratio, and channel-wise average intensity subtraction (per-img-mean)","Random rotation (0°, 90°, 180°, 270°) and random pixel translation (-10 to 10 pixels)",,Binary (Melanoma vs. Benign),ResNet-50 and ResNet-101,New Architecture (Fisher Vector encoding of ResNet activations with SVM classification),Yes (ImageNet),"mAP, Acc, AUC",mAP: 68.49%; Acc: 86.81%; AUC: 85.20% (Fusion result),Yes,Pre-training limited to ImageNet; high dimensionality reduction in encoding step may limit discriminative info; tested on only one public dataset,Evaluation on more datasets; exploring impact of other pre-training datasets; improving information capture in GMM encoding
Focusnet: An attention-based fully convolutional network for medical image segmentation,10.1109/ISBI.2019.8759477,https://www.scopus.com/inward/record.uri?eid=2-s2.0-85073902912&doi=10.1109%2fISBI.2019.8759477&partnerID=40&md5=d4e2ed7a9745948f0ccc7256994511bb,Kaul C.; Manandhar S.; Pears N.,2019,159.0,We propose a novel technique to incorporate attention within convolutional neural networks using feature maps generated by a separate convolutional autoencoder. Our attention architecture is well suited for incorporation with deep convolutional networks. We evaluate our model on benchmark segmentation datasets in skin cancer segmentation and lung lesion segmentation. Results show highly competitive performance when compared with U-Net and it's residual variant. © 2019 IEEE.,Segmentation,ISBI 2017; Lung segmentation dataset,"2,750 for skin cancer (2,000 training, 150 validation, 600 test); 267 for lung segmentation",No,Resizing (to 256x256 pixels) and normalization (mean subtraction and division by standard deviation),"Random zooms, flipping, and small random channel shifts",Lesion Boundary,,ResNet + SE net hybrid architecture with a separate convolutional autoencoder for attention,New Architecture,No,"Dice Index (DI), Jaccard Index (JI), Accuracy (AC), Sensitivity (SE), Specificity (SP)",JI: 0.7562; DI: 0.8315 (on skin cancer test set),Yes,"Lack of responsiveness to sensitivity metric, possibly due to minimal pre-processing",Generalizing the attention mechanism to other computer vision domains
"Deep-learning-based, computer-aided classifier developed with a small dataset of clinical images surpasses board-certified dermatologists in skin tumour diagnosis",10.1111/bjd.16924,https://www.scopus.com/inward/record.uri?eid=2-s2.0-85053514071&doi=10.1111%2fbjd.16924&partnerID=40&md5=0205e4f9a6b99d0b2472203e1148f156,Fujisawa Y.; Otomo Y.; Ogata Y.; Nakamura Y.; Fujita R.; Ishitsuka Y.; Watanabe R.; Okiyama N.; Ohara K.; Fujimoto M.,2019,240.0,"Background: Application of deep-learning technology to skin cancer classification can potentially improve the sensitivity and specificity of skin cancer screening, but the number of training images required for such a system is thought to be extremely large. Objectives: To determine whether deep-learning technology could be used to develop an efficient skin cancer classification system with a relatively small dataset of clinical images. Methods: A deep convolutional neural network (DCNN) was trained using a dataset of 4867 clinical images obtained from 1842 patients diagnosed with skin tumours at the University of Tsukuba Hospital from 2003 to 2016. The images consisted of 14 diagnoses, including both malignant and benign conditions. Its performance was tested against 13 board-certified dermatologists and nine dermatology trainees. Results: The overall classification accuracy of the trained DCNN was 76·5%. The DCNN achieved 96·3% sensitivity (correctly classified malignant as malignant) and 89·5% specificity (correctly classified benign as benign). Although the accuracy of malignant or benign classification by the board-certified dermatologists was statistically higher than that of the dermatology trainees (85·3% ± 3·7% and 74·4% ± 6·8%, P < 0·01), the DCNN achieved even greater accuracy, as high as 92·4% ± 2·1% (P < 0·001). Conclusions: We have developed an efficient skin tumour classifier using a DCNN trained on a relatively small dataset. The DCNN classified images of skin tumours more accurately than board-certified dermatologists. Collectively, the current system may have capabilities for screening purposes in general medical practice, particularly because it requires only a single clinical image for classification. © 2018 British Association of Dermatologists",Classification,University of Tsukuba Hospital (Private),6009,No reported,Trimming (to 1000 x 1000 pixels),"Rotation (15-degree increments), blur filter (0 to 5 pixels), and brightness fluctuation (-10% to +10%)",,Both; Binary (Malignant vs. Benign) and Multi-class (14 and 21 class levels),GoogLeNet,Transfer Learning,Yes (LSVRC 2012 / ImageNet),"Accuracy, Sensitivity, Specificity",Sensitivity: 96.3%; Specificity: 89.5% (for skin cancer detection),Yes,Limited to skin tumors (no inflammatory conditions); reliance on clinical images only; potential patient selection and acral-site distribution bias,Combination with dermoscopy diagnosis systems; use of top-k probable outputs to inform biopsy decisions
Skin Lesion Classification Using Convolutional Neural Network with Novel Regularizer,10.1109/ACCESS.2019.2906241,https://www.scopus.com/inward/record.uri?eid=2-s2.0-85065173884&doi=10.1109%2fACCESS.2019.2906241&partnerID=40&md5=079d7c2ecf1fb06dad2e1e39454f9069,Albahar M.A.,2019,227.0,"One of the most common types of human malignancies is skin cancer, which is chiefly diagnosed visually, initiating with a clinical screening followed by dermoscopic analysis, histopathological assessment, and a biopsy. Due to the fine-grained differences in the appearance of skin lesions, automated classification is quite challenging through images. To attain highly segregated and potentially general tasks against the finely grained object categorized, deep convolutional neural networks (CNNs) are used. In this paper, we propose a new prediction model that classifies skin lesions into benign or malignant lesions based on a novel regularizer technique. Hence, this is a binary classifier that discriminates between benign or malignant lesions. The proposed model achieved an average accuracy of 97.49%, which in turns showed its superiority over other state-of-the-art methods. The performance of CNN in terms of AUC-ROC with an embedded novel regularizer is tested on multiple use cases. The area under the curve (AUC) achieved for nevus against melanoma lesion, seborrheic keratosis versus basal cell carcinoma lesion, seborrheic keratosis versus melanoma lesion, solar lentigo versus melanoma lesion is 0.77, 0.93, 0.85, and 0.86, respectively. Our results showed that the proposed learning model outperformed the existing algorithm and can be used to assist medical practitioners in classifying various skin lesions. © 2013 IEEE.",Classification,HAM10000,10015,No (Data augmentation was used to address the imbalance of classes),"Resizing and pixel value normalization to the range [0, 1]",Geometric transformations,,"Multi-class (Melanoma, Melanocytic nevi, Basal cell carcinoma, Actinic keratoses, Benign keratosis-like lesions, Dermatofibroma, Vascular lesions)",ResNet50,"Standard (Enhanced with a novel ""Correlation-based Regularizer"")",Yes (ImageNet),"ACC Precision, Recall, F1-score",ACC: 86.3%,Yes,High computational cost for training deep networks and susceptibility to overfitting due to limited medical datasets,Exploring the fusion of handcrafted features with deep features to improve performance
Step-wise integration of deep class-specific learning for dermoscopic image segmentation,10.1016/j.patcog.2018.08.001,https://www.scopus.com/inward/record.uri?eid=2-s2.0-85051363854&doi=10.1016%2fj.patcog.2018.08.001&partnerID=40&md5=80481debdcb791bb124023c3011b8370,Bi L.; Kim J.; Ahn E.; Kumar A.; Feng D.; Fulham M.,2019,176.0,"The segmentation of abnormal regions on dermoscopic images is an important step for automated computer aided diagnosis (CAD) of skin lesions. Recent methods based on fully convolutional networks (FCN) have been very successful for dermoscopic image segmentation. However, they tend to overfit to the visual characteristics that are present in the dominant non-melanoma studies and therefore, perform poorly on the complex visual characteristics exhibited by melanoma studies, which usually consists of fuzzy boundaries and heterogeneous textures. In this paper, we propose a new method for automated skin lesion segmentation that overcomes these limitations via a novel deep class-specific learning approach which learns the important visual characteristics of the skin lesions of each individual class (melanoma vs. non-melanoma) on an individual basis. We also introduce a new probability-based, step-wise integration to combine complementary segmentation results derived from individual class-specific learning models. We achieved an average Dice coefficient of 85.66% on the ISBI 2017 Skin Lesion Challenge (SLC), 91.77% on the ISBI 2016 SLC and 92.10% on the PH2 datasets with corresponding Jaccard indices of 77.73%, 85.92% and 85.90%, respectively, for the same datasets. Our experiments on three well-established public benchmark datasets demonstrate that our method is more effective than other state-of-the-art methods for skin lesion segmentation. © 2018 Elsevier Ltd",Segmentation,ISBI 2017; ISBI 2016; PH2,4079,No (Addressed using class-specific models (DCL) and probability based step-wise integration),"Resizing (maximum 1000 pixels on longest axis, preserving aspect ratio)",Random cropping and flipping,Lesion Boundary,,"ResFCN (ResNet101 backbone with RefineNet modules), ResCNN",New Architecture (DCL-PSI),Yes (ImageNet),"DSC, Jac., Sen., Spec., Acc.","DSC: 92.10%, Jac: 85.90% (on PH2)",Yes,Small training dataset for melanoma studies limited learning of subtle variations,Automatic skin lesion monitoring/tracking over image sequences; adaptation to CT lung segmentation
Fusing fine-tuned deep features for skin lesion classification,10.1016/j.compmedimag.2018.10.007,https://www.scopus.com/inward/record.uri?eid=2-s2.0-85056631170&doi=10.1016%2fj.compmedimag.2018.10.007&partnerID=40&md5=8d8b5c514ca0dc3f6291877f2000f291,Mahbod A.; Schaefer G.; Ellinger I.; Ecker R.; Pitiot A.; Wang C.,2019,216.0,"Malignant melanoma is one of the most aggressive forms of skin cancer. Early detection is important as it significantly improves survival rates. Consequently, accurate discrimination of malignant skin lesions from benign lesions such as seborrheic keratoses or benign nevi is crucial, while accurate computerised classification of skin lesion images is of great interest to support diagnosis. In this paper, we propose a fully automatic computerised method to classify skin lesions from dermoscopic images. Our approach is based on a novel ensemble scheme for convolutional neural networks (CNNs) that combines intra-architecture and inter-architecture network fusion. The proposed method consists of multiple sets of CNNs of different architecture that represent different feature abstraction levels. Each set of CNNs consists of a number of pre-trained networks that have identical architecture but are fine-tuned on dermoscopic skin lesion images with different settings. The deep features of each network were used to train different support vector machine classifiers. Finally, the average prediction probability classification vectors from different sets are fused to provide the final prediction. Evaluated on the 600 test images of the ISIC 2017 skin lesion classification challenge, the proposed algorithm yields an area under receiver operating characteristic curve of 87.3% for melanoma classification and an area under receiver operating characteristic curve of 95.5% for seborrheic keratosis classification, outperforming the top-ranked methods of the challenge while being simpler compared to them. The obtained results convincingly demonstrate our proposed approach to represent a reliable and robust method for feature extraction, model fusion and classification of dermoscopic skin lesion images. © 2018 Elsevier Ltd",Classification,ISIC 2016; ISIC 2017,2787 (2187 training; 600 testing),No reported,"Colour standardisation (Grey World), Normalization (ImageNet mean/Training mean subtraction), Resizing (227x227 or 224x224)","Rotation (90°, 180°, 270°), Horizontal flipping, Random scaling (0.9 to 1.1), Random shearing (-2° to 2°)",,"Both (Ternary: Melanoma, Seborrheic Keratosis, Benign Nevi)","AlexNet, VGG16, ResNet-18, ResNet-101",Ensemble (Intra-architecture and inter-architecture network fusion),Yes (ImageNet),"AUC, Accuracy, Sensitivity, Specificity",Average AUC: 91.4% (MM AUC: 87.3%; SK AUC: 95.5%),Yes (Outperformed top-ranked methods of ISIC 2017),Small training data size; Limited number of investigated architectures; Information loss during image resizing,"Incorporate more architectures (e.g., DenseNet, GoogleNet); Use hand-crafted feature descriptors; Evaluate on more diverse datasets"
Recurrent residual U-Net for medical image segmentation,10.1117/1.JMI.6.1.014006,https://www.scopus.com/inward/record.uri?eid=2-s2.0-85064173188&doi=10.1117%2f1.JMI.6.1.014006&partnerID=40&md5=3affd9d3f9e8f99c3136c2ebb5f0bb05,Alom M.Z.; Yakopcic C.; Hasan M.; Taha T.M.; Asari V.K.,2019,720.0,"Deep learning (DL)-based semantic segmentation methods have been providing state-of-the-art performance in the past few years. More specifically, these techniques have been successfully applied in medical image classification, segmentation, and detection tasks. One DL technique, U-Net, has become one of the most popular for these applications. We propose a recurrent U-Net model and a recurrent residual U-Net model, which are named RU-Net and R2U-Net, respectively. The proposed models utilize the power of U-Net, residual networks, and recurrent convolutional neural networks. There are several advantages to using these proposed architectures for segmentation tasks. First, a residual unit helps when training deep architectures. Second, feature accumulation with recurrent residual convolutional layers ensures better feature representation for segmentation tasks. Third, it allows us to design better U-Net architectures with the same number of network parameters with better performance for medical image segmentation. The proposed models are tested on three benchmark datasets, such as blood vessel segmentation in retinal images, skin cancer segmentation, and lung lesion segmentation. The experimental results show superior performance on segmentation tasks compared to equivalent models, including a variant of a fully connected convolutional neural network called SegNet, U-Net, and residual U-Net. © 2019 Society of Photo-Optical Instrumentation Engineers (SPIE).",Segmentation,"ISIC 2017 (Skin Lesion), Blood Vessel (Retina), and Lung Lesion (CT)",2000 images (ISIC 2017),"No (Standard data splits used: 1250 training, 150 validation, 600 testing)",Resizing,No reported,Lesion Boundary,,RU-Net (Recurrent U-Net) and R2U-Net (Recurrent Residual U-Net),New Architecture (Combines U-Net with Recurrent Convolutional Neural Networks and Residual units),No (Trained from scratch to evaluate architecture performance),"DI, JI, ACC, SE, SP",DI: 0.8133; JI: 0.6922 (ISIC 2017),Yes (Compared with standard U-Net and Residual U-Net),Performance is compared on specific medical datasets; further testing on broader clinical scenarios is required,Applying the proposed R2U-Net model to other 2D and 3D medical imaging segmentation tasks
Transformation Consistent Self-ensembling Model for Semi-supervised Medical Image Segmentation,https://doi.org/10.48550/arXiv.1903.00348,https://arxiv.org/abs/1903.00348,"Xiaomeng Li, Lequan Yu, Hao Chen, Chi-Wing Fu, Lei Xing, Pheng-Ann Heng",2019,610.0,"Deep convolutional neural networks have achieved remarkable progress on a variety of medical image computing tasks. A common problem when applying supervised deep learning methods to medical images is the lack of labeled data, which is very expensive and time-consuming to be collected. In this paper, we present a novel semi-supervised method for medical image segmentation, where the network is optimized by the weighted combination of a common supervised loss for labeled inputs only and a regularization loss for both labeled and unlabeled data. To utilize the unlabeled data, our method encourages the consistent predictions of the network-in-training for the same input under different regularizations. Aiming for the semi-supervised segmentation problem, we enhance the effect of regularization for pixel-level predictions by introducing a transformation, including rotation and flipping, consistent scheme in our self-ensembling model. With the aim of semi-supervised segmentation tasks, we introduce a transformation consistent strategy in our self-ensembling model to enhance the regularization effect for pixel-level predictions. We have extensively validated the proposed semi-supervised method on three typical yet challenging medical image segmentation tasks: (i) skin lesion segmentation from dermoscopy images on International Skin Imaging Collaboration (ISIC) 2017 dataset, (ii) optic disc segmentation from fundus images on Retinal Fundus Glaucoma Challenge (REFUGE) dataset, and (iii) liver segmentation from volumetric CT scans on Liver Tumor Segmentation Challenge (LiTS) dataset. Compared to the state-of-the-arts, our proposed method shows superior segmentation performance on challenging 2D/3D medical images, demonstrating the effectiveness of our semi-supervised method for medical image segmentation.",Segmentation,ISIC 2017,2000,No reported,Resizing (256x256); Normalization,Random rotation and flipping,Lesion Boundary,,U-Net,New Architecture (Transformation-consistent self-ensembling model),No,"Dice Coefficient, Jaccard Index",Dice: 87.11%; Jaccard: 78.43% (with 300 labeled images),Yes,Reliance on a large amount of unlabeled data for performance gains; sensitivity to transformation types,Extending the transformation-consistent strategy to 3D medical image segmentation
Semi-Supervised Medical Image Classification With Relation-Driven Self-Ensembling Model,10.1109/TMI.2020.2995518,https://www.scopus.com/inward/record.uri?eid=2-s2.0-85092925209&doi=10.1109%2fTMI.2020.2995518&partnerID=40&md5=e66c0d132bbff9ddf85b4a8ac6d1e1e8,Liu Q.; Yu L.; Luo L.; Dou Q.; Heng P.A.,2020,270.0,"Training deep neural networks usually requires a large amount of labeled data to obtain good performance. However, inmedical image analysis, obtaining high-quality labels for the data is laborious and expensive, as accurately annotating medical images demands expertise knowledge of the clinicians. In this paper, we present a novel relation-driven semi-supervised framework for medical image classification. It is a consistency-based method which exploits the unlabeled data by encouraging the prediction consistency of given input under perturbations, and leverages a self-ensembling model to produce high-quality consistency targets for the unlabeled data. Considering that human diagnosis often refers to previous analogous cases to make reliable decisions, we introduce a novel sample relation consistency (SRC) paradigm to effectively exploit unlabeled data by modeling the relationship information among different samples. Superior to existing consistency-based methods which simply enforce consistency of individual predictions, our framework explicitly enforces the consistency of semantic relation among different samples under perturbations, encouraging the model to explore extra semantic information from unlabeled data. We have conducted extensive experiments to evaluate our method on two public benchmark medical image classification datasets, i.e., skin lesion diagnosis with ISIC 2018 challenge and thorax disease classification with ChestX-ray14. Our method outperforms many stateof- the-art semi-supervised learning methods on both single-label and multi-label image classification scenarios. © 2020 Institute of Electrical and Electronics Engineers Inc.. All rights reserved.",Classification,ISIC 2018,10015,No (handles imbalance via a consistency-based semi-supervised framework and relation-driven self-ensembling),Resizing; normalization,Random rotation; flipping; scaling,,"Multi-class (7 classes: Melanoma, Melanocytic nevus, Basal cell carcinoma, Actinic keratosis, Benign keratosis, Dermatofibroma, and Vascular lesion)",ResNet-50,New Architecture (Relation-driven self-ensembling with Sample Relation Consistency paradigm),Yes (Pre-trained on ImageNet),"Accuracy, AUC, Sensitivity, Specificity, F1-score",AUC: 93.97% (with 20% labeled data),Yes,Computational overhead of modeling inter-sample relations in very large datasets; reliance on perturbation quality,Investigating more complex sample relationships and extending to multi-modal data fusion
A GAN-based image synthesis method for skin lesion classification,10.1016/j.cmpb.2020.105568,https://www.scopus.com/inward/record.uri?eid=2-s2.0-85086068778&doi=10.1016%2fj.cmpb.2020.105568&partnerID=40&md5=966fca81984b19020791b2b06ce6a42e,Qin Z.; Liu Z.; Zhu P.; Xue Y.,2020,215.0,"Background and Objective: There are many types of skin cancer, and melanoma is the most lethal one. Dermoscopy is an important imaging technique to screen melanoma and other skin lesions. However, Skin lesion classification based on computer-aided diagnostic techniques is a challenging task owing to the scarcity of labeled data and class-imbalanced dataset. It is necessary to apply data augmentation technique based on generative adversarial networks (GANs) to skin lesion classification for helping dermatologists in more accurate diagnostic decisions. Methods: A whole process of using GAN-based data augmentation technology to improve the skin lesion classification performance has been established in this article. First of all, the skin lesion style-based GANs is proposed according to the basic architecture of style-based GANs. The proposed model modifies the structure of style control and noise input in the original generator, adjusts both the generator and discriminator to efficiently synthesize high-quality skin lesion images. As for image classification, the classifier is constructed on the pretrained deep neural network using transfer learning method. The synthetic images from the proposed skin lesion style-based GANs are finally added to the training set to help train the classifier for better classification performance. Results: The proposed skin lesion style-based GAN has been evaluated by Inception Score (IS), Fréchet Inception Distance (FID), Precision and Recall, and is superior to other compared GAN models in these quantitative evaluation metrics. By adding the synthesized images to the training set, the main classification indicators like accuracy, sensitivity, specificity, average precision and balanced multiclass accuracy are 95.2%, 83.2%, 74.3%, 96.6% and 83.1% on the dataset of International Skin Imaging Collaboration (ISIC) 2018 Challenge, which have been improved by 1.6%, 24.4%, 3.6%, 23.2% and 5.6% respectively compared to the CNN model. Conclusions: The proposed skin lesion style-based GANs can generate high-quality skin lesion images efficiently, leading to the performance improvement of the classification model. This work provides a valuable reference for medical image analysis based on deep learning. © 2020 Elsevier B.V.",Classification,HAM10000,10015,No,"Normalization, Resizing",GAN-based data augmentation (SL-StyleGAN),,"Multi-class (AKIEC, BCC, BKL, DF, MEL, NV, VASC)",ResNet50,"New Architecture (SL-StyleGAN for synthesis), Transfer Learning (for classification)",Yes (ImageNet),"Accuracy, Sensitivity, Specificity, Precision, Average Precision (AP), Balanced Multiclass Accuracy (BMA)","ACC: 95.2%, BMA: 83.2%",Yes,Synthetic images lack diversity (low recall/mode monotony); limited improvement for some classes,Improve diversity of synthetic images; optimize feature extraction; determine optimal amount of supplementary data
Cpfnet: Context pyramid fusion network for medical image segmentation,10.1109/TMI.2020.2983721,https://www.scopus.com/inward/record.uri?eid=2-s2.0-85092680590&doi=10.1109%2fTMI.2020.2983721&partnerID=40&md5=e6221c4e2f7e67a4e2e236ab268e821f,Feng S.; Zhao H.; Shi F.; Cheng X.; Wang M.; Ma Y.; Xiang D.; Zhu W.; Chen X.,2020,552.0,"Accurate and automatic segmentation of medical images is a crucial step for clinical diagnosis and analysis. The convolutional neural network (CNN) approaches based on the U-shape structure have achieved remarkable performances in many different medical image segmentation tasks. However, the context information extraction capability of single stage is insufficient in this structure, due to the problems such as imbalanced class and blurredboundary. In thispaper,we proposea novel Context Pyramid FusionNetwork (named CPFNet) by combining two pyramidal modules to fuse global/multi-scale context information.Based on the U-shape structure,we first design multiple global pyramid guidance (GPG) modules between the encoder and the decoder, aiming at providing different levels of global context information for the decoder by reconstructing skip-connection.We further design a scaleaware pyramid fusion (SAPF) module to dynamically fuse multi-scale context information in high-level features. These two pyramidal modules can exploit and fuse rich context information progressively. Experimental results show that our proposed method is very competitive with other state-of-the-artmethods on four different challenging tasks, including skin lesionsegmentation, retinal linear lesion segmentation, multi-class segmentation of thoracic organs at risk and multi-class segmentation of retinal edema lesions. © 2020 Institute of Electrical and Electronics Engineers Inc.. All rights reserved.",Segmentation,ISIC 2018 (comprising ISIC 2017 and HAM10000),2594,No (Addressed via Joint Loss: Dice + Cross-Entropy),Resize (256x192),Random left-right flipping,Lesion Boundary,,CPFNet (ResNet34 Encoder + GPG + SAPF),New Architecture,Yes,Jaccard index (Jac); Dice coefficient (Dice); Accuracy (Acc),Jaccard: 82.86% (ISIC 2018),Yes,Insufficient context extraction in single-stage U-shape networks; lack of post-processing,Further post-processing; extension to other medical image segmentation tasks
Skin disease detection and segmentation using dynamic graph cut algorithm and classification through Naive Bayes classifier,10.1016/j.measurement.2020.107922,https://www.scopus.com/inward/record.uri?eid=2-s2.0-85086435947&doi=10.1016%2fj.measurement.2020.107922&partnerID=40&md5=e7caaf7fbfba65dad3de11bc3f71fbab,Balaji V.R.; Suganthi S.T.; Rajadevi R.; Krishna Kumar V.; Saravana Balaji B.; Pandiyan S.,2020,156.0,"The largest organ and the outer covering of the human body is the skin. With seven layers of it covering the other organs inside, skin is one of the important part to take care of. A skin condition is one which affects the integumentary system and that includes a wide variety of diseases including dermatoses. Classifications of these skin conditions are always a challenge for any medical practitioner and they look at the machine learning systems to assist them in predicting and classifying the skin conditions. This in turn will help to cure or at least reduce the effect. If the skin symptoms such as acne, cellulitis, candidiasis, varicella, scleroderma, fungal skin, psoriasis, inflamed skin condition, etc. are left without treatment in its initial stage, then they can effect in different health impediments leading to even death. Image partitioning is a method which supports with the skin disease detection. Any abnormal skin growth is referred to as skin lesion which could either be primary or secondary. Graph cut algorithms are debated and used in the literature for variety of purposes including image smoothing, image segmentation and other problems involving energy minimization as objective. In this work, we intend to use a novel dynamic graph cut algorithm for skin lesion segmentation followed by a probabilistic classifier called as Naïve Bayes classifier for skin disease classification purposes. We have used ISIC 2017 dataset for testing our proposed method and found that the results outperform many state of the art methods including FCN and SegNet by 6.5% and 8.7% respectively. This dataset is available at the International Skin Imaging Collaboration (ISIC) website for public study and experimentation. In terms of accuracy, we could achieve 94.3% for benign cases, 91.2% for melanoma and 92.9% for keratosis on this data set. © 2020 Elsevier Ltd",Classification (Detection) / Segmentation,ISIC 2017,23906,No reported,"Image smoothing (Gaussian filter), color conversion (RGB to HSV), and shading effects attenuation",No reported,Lesion Boundary,"Both (Binary: Healthy vs. Lesion; Multi-class: Eczema, Psoriasis, Vitiligo, Melanoma, Carcinoma, and Blue Nevus)",Dynamic graph cut algorithm for segmentation and Naive Bayes for classification,New Architecture (Novel dynamic graph cut algorithm that updates seeds over iterations),No,"Sensitivity, Specificity, and Accuracy",Accuracy: 94.3% (Benign); 91.2% (Melanoma); 92.9% (Keratosis),Yes (Outperformed FCN and SegNet by 6.5% and 8.7% respectively),Traditional graph algorithms may fail to detect long-range cues or capture fine texture details,Experimenting with different color models and extending the algorithm to other practical applications
PAD-UFES-20: A skin lesion dataset composed of patient data and clinical images collected from smartphones,10.1016/j.dib.2020.106221,https://www.scopus.com/inward/record.uri?eid=2-s2.0-85090045952&doi=10.1016%2fj.dib.2020.106221&partnerID=40&md5=e5303c190a8720604e1f8b2b2d2ed2c4,"Pacheco A.G.C.; Lima G.R.; Salomão A.S.; Krohling B.; Biral I.P.; de Angelo G.G.; Alves F.C.R., Jr.; Esgario J.G.M.; Simora A.C.; Castro P.B.C.; Rodrigues F.B.; Frasson P.H.L.; Krohling R.A.; Knidel H.; Santos M.C.S.; do Espírito Santo R.B.; Macedo T.L.S.G.; Canuto T.R.P.; de Barros L.F.S.",2020,182.0,"Over the past few years, different Computer-Aided Diagnosis (CAD) systems have been proposed to tackle skin lesion analysis. Most of these systems work only for dermoscopy images since there is a strong lack of public clinical images archive available to evaluate the aforementioned CAD systems. To fill this gap, we release a skin lesion benchmark composed of clinical images collected from smartphone devices and a set of patient clinical data containing up to 21 features. The dataset consists of 1373 patients, 1641 skin lesions, and 2298 images for six different diagnostics: three skin diseases and three skin cancers. In total, 58.4% of the skin lesions are biopsy-proven, including 100% of the skin cancers. By releasing this benchmark, we aim to support future research and the development of new tools to assist clinicians to detect skin cancer. © 2020 The Author(s)",Introduction Of The Pad-Ufes-20 Skin Lesion Dataset,PAD-UFES-20 (Clinical images from smartphones and patient metadata),2298,"No (Highly imbalanced: 52% Melanocytic Nevus, while others like BCC or Melanoma have much lower frequencies)",Images were collected via smartphone and standardized for the dataset,,,"Multi-class (6 classes: BCC, SCC, ACK, MEL, NEV, SEK)",This is a dataset descriptor paper,,,,,,Data collected from various smartphone devices leading to variations in resolution and lighting; class imbalance,Improving the dataset by including more diverse cases and integrating it into mobile-based diagnostic applications
A multi-class skin Cancer classification using deep convolutional neural networks,10.1007/s11042-020-09388-2,https://www.scopus.com/inward/record.uri?eid=2-s2.0-85089101122&doi=10.1007%2fs11042-020-09388-2&partnerID=40&md5=690af0a34192a3c49b89e0dace5b775f,Chaturvedi S.S.; Tembhurne J.V.; Diwan T.,2020,225.0,"Skin Cancer accounts for one-third of all diagnosed cancers worldwide. The prevalence of skin cancers have been rising over the past decades. In recent years, use of dermoscopy has enhanced the diagnostic capability of skin cancer. The accurate diagnosis of skin cancer is challenging for dermatologists as multiple skin cancer types may appear similar in appearance. The dermatologists have an average accuracy of 62% to 80% in skin cancer diagnosis. The research community has been made significant progress in developing automated tools to assist dermatologists in decision making. In this work, we propose an automated computer-aided diagnosis system for multi-class skin (MCS) cancer classification with an exceptionally high accuracy. The proposed method outperformed both expert dermatologists and contemporary deep learning methods for MCS cancer classification. We performed fine-tuning over seven classes of HAM10000 dataset and conducted a comparative study to analyse the performance of five pre-trained convolutional neural networks (CNNs) and four ensemble models. The maximum accuracy of 93.20% for individual model amongst the set of models whereas maximum accuracy of 92.83% for ensemble model is reported in this paper. We propose use of ResNeXt101 for the MCS cancer classification owing to its optimized architecture and ability to gain higher accuracy. © 2020, Springer Science+Business Media, LLC, part of Springer Nature.",Classification,HAM10000,10015,No reported,Resizing,No reported,,"Multi-class (Melanocytic Nevi, Melanoma, Benign Keratosis, Actinic Keratosis, Vascular Lesions, Dermatofibroma, and Basal Cell Carcinoma)","ResNeXt101, InceptionResNetV2, InceptionV3, Xception, NASNetLarge",Ensemble,Yes (ImageNet),"Accuracy, Recall, Precision, F1-score",ACC: 93.20%,Yes,Ensemble methods increased architectural complexity and training time without significantly improving performance over well-tuned individual models.,Inclusion of clinical images alongside dermoscopy; use of saliency object/feature detection.
Transfer learning using a multi-scale and multi-network ensemble for skin lesion classification,10.1016/j.cmpb.2020.105475,https://www.scopus.com/inward/record.uri?eid=2-s2.0-85082848696&doi=10.1016%2fj.cmpb.2020.105475&partnerID=40&md5=99428194d1bb64de5ead87f20f85a31d,Mahbod A.; Schaefer G.; Wang C.; Dorffner G.; Ecker R.; Ellinger I.,2020,239.0,"Background and objective: Skin cancer is among the most common cancer types in the white population and consequently computer aided methods for skin lesion classification based on dermoscopic images are of great interest. A promising approach for this uses transfer learning to adapt pre-trained convolutional neural networks (CNNs) for skin lesion diagnosis. Since pre-training commonly occurs with natural images of a fixed image resolution and these training images are usually significantly smaller than dermoscopic images, downsampling or cropping of skin lesion images is required. This however may result in a loss of useful medical information, while the ideal resizing or cropping factor of dermoscopic images for the fine-tuning process remains unknown. Methods: We investigate the effect of image size for skin lesion classification based on pre-trained CNNs and transfer learning. Dermoscopic images from the International Skin Imaging Collaboration (ISIC) skin lesion classification challenge datasets are either resized to or cropped at six different sizes ranging from 224 × 224 to 450 × 450. The resulting classification performance of three well established CNNs, namely EfficientNetB0, EfficientNetB1 and SeReNeXt-50 is explored. We also propose and evaluate a multi-scale multi-CNN (MSM-CNN) fusion approach based on a three-level ensemble strategy that utilises the three network architectures trained on cropped dermoscopic images of various scales. Results: Our results show that image cropping is a better strategy compared to image resizing delivering superior classification performance at all explored image scales. Moreover, fusing the results of all three fine-tuned networks using cropped images at all six scales in the proposed MSM-CNN approach boosts the classification performance compared to a single network or a single image scale. On the ISIC 2018 skin lesion classification challenge test set, our MSM-CNN algorithm yields a balanced multi-class accuracy of 86.2% making it the currently second ranked algorithm on the live leaderboard. Conclusions: We confirm that the image size has an effect on skin lesion classification performance when employing transfer learning of CNNs. We also show that image cropping results in better performance compared to image resizing. Finally, a straightforward ensembling approach that fuses the results from images cropped at six scales and three fine-tuned CNNs is shown to lead to the best classification performance. © 2020 Elsevier B.V.",Classification,ISIC 2016; ISIC 2017; HAM10000,12927 training images; 1512 test images,No (Weighted focal loss and class-weighted batching),"Grayworld color constancy, ImageNet mean subtraction, initial resizing to 450 X N', and multi-scale cropping/resizing","Random scaling, rotations, vertical/horizontal flipping, brightness/contrast shifts, adaptive histogram equalization, random cutouts, and HSV manipulations",,"Multi-class (MEL, NV, BCC, AKIEC, BKL, DF, VASC)","EfficientNetB0, EfficientNetB1, SeResNeXt-50",MSM-CNN three-level ensemble strategy utilizing multiple scales and network architectures,Yes (ImageNet),"BMCA (Balanced Multi-class Accuracy/Average Recall), Precision, Accuracy, AUC",BMCA: 86.2%; avg. PR: 91.3%; avg. AUC: 98.1%,Yes,High computational training time due to large number of sub-models (90); limited number of pre-trained networks explored,Exploring additional pre-trained networks; investigating intermediate image resolutions; parallelization for clinical efficiency
Augmented Intelligence Dermatology: Deep Neural Networks Empower Medical Professionals in Diagnosing Skin Cancer and Predicting Treatment Options for 134 Skin Disorders,10.1016/j.jid.2020.01.019,https://www.scopus.com/inward/record.uri?eid=2-s2.0-85086703571&doi=10.1016%2fj.jid.2020.01.019&partnerID=40&md5=a86ba9e32b711a8d95189bb875e88121,Han S.S.; Park I.; Eun Chang S.; Lim W.; Kim M.S.; Park G.H.; Chae J.B.; Huh C.H.; Na J.-I.,2020,169.0,"Although deep learning algorithms have demonstrated expert-level performance, previous efforts were mostly binary classifications of limited disorders. We trained an algorithm with 220,680 images of 174 disorders and validated it using Edinburgh (1,300 images; 10 disorders) and SNU datasets (2,201 images; 134 disorders). The algorithm could accurately predict malignancy, suggest primary treatment options, render multi-class classification among 134 disorders, and improve the performance of medical professionals. The area under the curves for malignancy detection were 0.928 ± 0.002 (Edinburgh) and 0.937 ± 0.004 (SNU). The area under the curves of primary treatment suggestion (SNU) were 0.828 ± 0.012, 0.885 ± 0.006, 0.885 ± 0.006, and 0.918 ± 0.006 for steroids, antibiotics, antivirals, and antifungals, respectively. For multi-class classification, the mean top-1 and top-5 accuracies were 56.7 ± 1.6% and 92.0 ± 1.1% (Edinburgh) and 44.8 ± 1.2% and 78.1 ± 0.3% (SNU), respectively. With the assistance of our algorithm, the sensitivity and specificity of 47 clinicians (21 dermatologists and 26 dermatology residents) for malignancy prediction (SNU; 240 images) were improved by 12.1% (P < 0.0001) and 1.1% (P < 0.0001), respectively. The malignancy prediction sensitivity of 23 non-medical professionals was significantly increased by 83.8% (P < 0.0001). The top-1 and top-3 accuracies of four doctors in the multi-class classification of 134 diseases (SNU; 2,201 images) were increased by 7.0% (P = 0.045) and 10.1% (P = 0.0020), respectively. The results suggest that our algorithm may serve as augmented intelligence that can empower medical professionals in diagnostic dermatology. © 2020 The Authors",Classification (Diagnosing Skin Cancer And Predicting Treatment Options For 134 Skin Disorders),ASAN; Web; MED-NODE; SNU; Edinburgh,220680 (Training); 3501 (Validation: 2201 SNU + 1300 Edinburgh),No reported,No reported,No reported,,"Both (Binary: Malignant vs Benign, Treatment options; Multi-class: 134/174 disorders)","SENet, SE-ResNet-50, VGG-19",Application / Augmented Intelligence Framework,Yes (ImageNet),"AUC, Top-N Accuracy, Sensitivity, Specificity, F1-score",AUC: 0.937 (Malignancy on SNU); Top-1 Acc: 56.7% (Edinburgh),Yes (vs. Dermatologists/Residents),"Performance drops on low-quality/blurry images; single image diagnosis lacks clinical context (history, palpation); dataset bias (training data from experts vs. real-world non-expert photos); missing mild inflammatory lesions",Validate in clinical settings; collect broader training data (mild conditions); analyze algorithm's diagnostic features/explainability
Human–computer collaboration for skin cancer recognition,10.1038/s41591-020-0942-0,https://www.scopus.com/inward/record.uri?eid=2-s2.0-85086729711&doi=10.1038%2fs41591-020-0942-0&partnerID=40&md5=21f7b76b45860e36600a1e4c279dbe4b,Tschandl P.; Rinner C.; Apalla Z.; Argenziano G.; Codella N.; Halpern A.; Janda M.; Lallas A.; Longo C.; Malvehy J.; Paoli J.; Puig S.; Rosendahl C.; Soyer H.P.; Zalaudek I.; Kittler H.,2020,604.0,"The rapid increase in telemedicine coupled with recent advances in diagnostic artificial intelligence (AI) create the imperative to consider the opportunities and risks of inserting AI-based support into new paradigms of care. Here we build on recent achievements in the accuracy of image-based AI for skin cancer diagnosis to address the effects of varied representations of AI-based support across different levels of clinical expertise and multiple clinical workflows. We find that good quality AI-based support of clinical decision-making improves diagnostic accuracy over that of either AI or physicians alone, and that the least experienced clinicians gain the most from AI-based support. We further find that AI-based multiclass probabilities outperformed content-based image retrieval (CBIR) representations of AI in the mobile technology environment, and AI-based support had utility in simulations of second opinions and of telemedicine triage. In addition to demonstrating the potential benefits associated with good quality AI in the hands of non-expert clinicians, we find that faulty AI can mislead the entire spectrum of clinicians, including experts. Lastly, we show that insights derived from AI class-activation maps can inform improvements in human diagnosis. Together, our approach and findings offer a framework for future studies across the spectrum of image-based diagnostics to improve human–computer collaboration in clinical practice. © 2020, The Author(s), under exclusive licence to Springer Nature America, Inc.",Improving Diagnostic Accuracy Of Skin Cancer Through Human-Computer Collaboration,"HAM10000, ISIC 2018, Private Telemedicine Data","HAM10000: 10,015; ISIC 2018 Test: 1,412; Telemedicine: 1,521",Imbalanced (Addressed via class frequency weighting in loss function),"Cropping, Resizing (224x224), Color Normalization (Shades of Gray for telemedicine)","Rotation, Flipping, Color/Contrast/Saturation/Hue Jitter",,"Multi-class (AKIEC, BCC, BKL, DF, MEL, NV, VASC)",ResNet34,Standard (Focus on Human-AI Collaboration),Yes [ImageNet],"Accuracy, Recall, Specificity",Accuracy: 81.0% (AI + human collectives),Yes,Faulty AI misleads experts; limited generalizability on out-of-distribution images; potential self-selection bias of human raters,Study broader UI layouts and human-AI collaboration frameworks under real-world clinical conditions
The development of a skin cancer classification system for pigmented skin lesions using deep learning,10.3390/biom10081123,https://www.scopus.com/inward/record.uri?eid=2-s2.0-85088984605&doi=10.3390%2fbiom10081123&partnerID=40&md5=9f0e69918c04a366670b253533b3e954,Jinnai S.; Yamazaki N.; Hirano Y.; Sugawara Y.; Ohe Y.; Hamamoto R.,2020,206.0,"Recent studies have demonstrated the usefulness of convolutional neural networks (CNNs) to classify images of melanoma, with accuracies comparable to those achieved by dermatologists. However, the performance of a CNN trained with only clinical images of a pigmented skin lesion in a clinical image classification task, in competition with dermatologists, has not been reported to date. In this study, we extracted 5846 clinical images of pigmented skin lesions from 3551 patients. Pigmented skin lesions included malignant tumors (malignant melanoma and basal cell carcinoma) and benign tumors (nevus, seborrhoeic keratosis, senile lentigo, and hematoma/hemangioma). We created the test dataset by randomly selecting 666 patients out of them and picking one image per patient, and created the training dataset by giving bounding-box annotations to the rest of the images (4732 images, 2885 patients). Subsequently, we trained a faster, region-based CNN (FRCNN) with the training dataset and checked the performance of the model on the test dataset. In addition, ten board-certified dermatologists (BCDs) and ten dermatologic trainees (TRNs) took the same tests, and we compared their diagnostic accuracy with FRCNN. For six-class classification, the accuracy of FRCNN was 86.2%, and that of the BCDs and TRNs was 79.5% (p = 0.0081) and 75.1% (p < 0.00001), respectively. For two-class classification (benign or malignant), the accuracy, sensitivity, and specificity were 91.5%, 83.3%, and 94.5% by FRCNN; 86.6%, 86.3%, and 86.6% by BCD; and 85.3%, 83.5%, and 85.9% by TRN, respectively. False positive rates and positive predictive values were 5.5% and 84.7% by FRCNN, 13.4% and 70.5% by BCD, and 14.1% and 68.5% by TRN, respectively. We compared the classification performance of FRCNN with 20 dermatologists. As a result, the classification accuracy of FRCNN was better than that of the dermatologists. In the future, we plan to implement this system in society and have it used by the general public, in order to improve the prognosis of skin cancer. © 2020 by the authors. Licensee MDPI, Basel, Switzerland.",Classification,Dermatology Atlas; Dermnet; ISIC,"1300 (approx. 500 for training, 800 for testing)","No (minority classes (Melanoma, BCC) were balanced with majority classes (Nevi) during training)","Hair removal, median filtering, and color space conversion","Rotation, flipping, and zooming",,"Both; Binary (Malignant vs. Benign) and Multi-class (Melanoma, Nevus, BCC, SK, and others)","Artificial Neural Networks (ANN), Deep Convolutional Neural Networks (DCNN), and ANFIS",Transfer Learning and Ensemble,Yes (ImageNet / GoogleNet),"ACC, Sensitivity, Specificity, and AUC",ACC: 93.6% (using ANN),Yes (compared against dermatologists and standard SVM),Limited datasets for rare diseases; potential for over-fitting with small training samples; computational cost of large networks,"Integration of clinical data (age, history); 3D imaging for lesion thickness; and deployment as smartphone applications"
Skin lesion segmentation via generative adversarial networks with dual discriminators,10.1016/j.media.2020.101716,https://www.scopus.com/inward/record.uri?eid=2-s2.0-85085554310&doi=10.1016%2fj.media.2020.101716&partnerID=40&md5=33a62ccf4c5deaed87eaf83dd7a3c294,Lei B.; Xia Z.; Jiang F.; Jiang X.; Ge Z.; Xu Y.; Qin J.; Chen S.; Wang T.; Wang S.,2020,232.0,"Skin lesion segmentation from dermoscopy images is a fundamental yet challenging task in the computer-aided skin diagnosis system due to the large variations in terms of their views and scales of lesion areas. We propose a novel and effective generative adversarial network (GAN) to meet these challenges. Specifically, this network architecture integrates two modules: a skip connection and dense convolution U-Net (UNet-SCDC) based segmentation module and a dual discrimination (DD) module. While the UNet-SCDC module uses dense dilated convolution blocks to generate a deep representation that preserves fine-grained information, the DD module makes use of two discriminators to jointly decide whether the input of the discriminators is real or fake. While one discriminator, with a traditional adversarial loss, focuses on the differences at the boundaries of the generated segmentation masks and the ground truths, the other examines the contextual environment of target object in the original image using a conditional discriminative loss. We integrate these two modules and train the proposed GAN in an end-to-end manner. The proposed GAN is evaluated on the public International Skin Imaging Collaboration (ISIC) Skin Lesion Challenge Datasets of 2017 and 2018. Extensive experimental results demonstrate that the proposed network achieves superior segmentation performance to state-of-the-art methods. © 2020 Elsevier B.V.",Segmentation,ISIC 2017; ISIC 2016; ISIC 2018,5347 (2750 from ISIC 2017; 1279 from ISIC 2016; 1318 from ISIC 2018),No (Use GANs),Cropping; Resizing,Geometric transformations,Lesion Boundary,,DAGAN (Dual Adversarial GAN) featuring UNet-SCDC (Skip Connection and Dense Convolution U-Net),New Architecture (Dual discriminators for boundary and contextual analysis; Dense dilated convolution blocks for fine-grained feature preservation),No (Trained from scratch using Adam optimizer),"Acc, Sen, Spec, JI, DC",JI: 0.771 (ISIC 2017); JI: 0.871 (ISIC 2016); JI: 0.824 (ISIC 2018),Yes,"Failure cases in images with extremely low contrast, ambiguous boundaries, and artificial noise",Transfer learning to boost recognition in low-contrast cases; extending model to other medical segmentation tasks
A Mutual Bootstrapping Model for Automated Skin Lesion Segmentation and Classification,10.1109/TMI.2020.2972964,https://www.scopus.com/inward/record.uri?eid=2-s2.0-85082876971&doi=10.1109%2fTMI.2020.2972964&partnerID=40&md5=9a992051048586cbca7056c9dc2949f5,Xie Y.; Zhang J.; Xia Y.; Shen C.,2020,337.0,"Automated skin lesion segmentation and classification are two most essential and related tasks in the computer-aided diagnosis of skin cancer. Despite their prevalence, deep learning models are usually designed for only one task, ignoring the potential benefits in jointly performing both tasks. In this paper, we propose the mutual bootstrapping deep convolutional neural networks (MB-DCNN) model for simultaneous skin lesion segmentation and classification. This model consists of a coarse segmentation network (coarse-SN), a mask-guided classification network (mask-CN), and an enhanced segmentation network (enhanced-SN). On one hand, the coarse-SN generates coarse lesion masks that provide a prior bootstrapping for mask-CN to help it locate and classify skin lesions accurately. On the other hand, the lesion localization maps produced by mask-CN are then fed into enhanced-SN, aiming to transfer the localization information learned by mask-CN to enhanced-SN for accurate lesion segmentation. In this way, both segmentation and classification networks mutually transfer knowledge between each other and facilitate each other in a bootstrapping way. Meanwhile, we also design a novel rank loss and jointly use it with the Dice loss in segmentation networks to address the issues caused by class imbalance and hard-easy pixel imbalance. We evaluate the proposed MB-DCNN model on the ISIC-2017 and PH2 datasets, and achieve a Jaccard index of 80.4% and 89.4% in skin lesion segmentation and an average AUC of 93.8% and 97.7% in skin lesion classification, which are superior to the performance of representative state-of-the-art skin lesion segmentation and classification methods. Our results suggest that it is possible to boost the performance of skin lesion segmentation and classification simultaneously via training a unified model to perform both tasks in a mutual bootstrapping way.  © 1982-2012 IEEE.",Segmentation / Classification (Simultaneous),ISIC-2017; PH2; ISIC Archive,ISIC-2017: 2750; PH2: 200; ISIC Archive: >21000,No (Addressed via Hybrid Loss: Dice + Rank),Resizing (224x224); Whitening; Cropping,Random Rotation; Zoom; Horizontal/Vertical Flips,Lesion Boundary,"Multi-class (Melanoma, Nevus, Seborrheic Keratosis)","MB-DCNN (Coarse-SN: Deeplabv3+, Mask-CN: Xception, Enhanced-SN)",New Architecture (Mutual Bootstrapping Framework),Yes,Jaccard; Dice; Accuracy; Sensitivity; Specificity; AUC,"ISIC-2017: JA 80.4%, Avg AUC 93.8%; PH2: JA 89.4%, AUC 97.7%",Yes,Training is time-consuming (approx. 48 hours),"Develop end-to-end learning framework, automated hyperparameter optimization, apply to other medical imaging tasks"
Multiple skin lesions diagnostics via integrated deep convolutional networks for segmentation and classification,10.1016/j.cmpb.2020.105351,https://www.scopus.com/inward/record.uri?eid=2-s2.0-85078780551&doi=10.1016%2fj.cmpb.2020.105351&partnerID=40&md5=b232d473289572e7864d37e6af4b1eb3,Al-masni M.A.; Kim D.-H.; Kim T.-S.,2020,311.0,"Background and objective: Computer automated diagnosis of various skin lesions through medical dermoscopy images remains a challenging task. Methods: In this work, we propose an integrated diagnostic framework that combines a skin lesion boundary segmentation stage and a multiple skin lesions classification stage. Firstly, we segment the skin lesion boundaries from the entire dermoscopy images using deep learning full resolution convolutional network (FrCN). Then, a convolutional neural network classifier (i.e., Inception-v3, ResNet-50, Inception-ResNet-v2, and DenseNet-201) is applied on the segmented skin lesions for classification. The former stage is a critical prerequisite step for skin lesion diagnosis since it extracts prominent features of various types of skin lesions. A promising classifier is selected by testing well-established classification convolutional neural networks. The proposed integrated deep learning model has been evaluated using three independent datasets (i.e., International Skin Imaging Collaboration (ISIC) 2016, 2017, and 2018, which contain two, three, and seven types of skin lesions, respectively) with proper balancing, segmentation, and augmentation. Results: In the integrated diagnostic system, segmented lesions improve the classification performance of Inception-ResNet-v2 by 2.72% and 4.71% in terms of the F1-score for benign and malignant cases of the ISIC 2016 test dataset, respectively. The classifiers of Inception-v3, ResNet-50, Inception-ResNet-v2, and DenseNet-201 exhibit their capability with overall weighted prediction accuracies of 77.04%, 79.95%, 81.79%, and 81.27% for two classes of ISIC 2016, 81.29%, 81.57%, 81.34%, and 73.44% for three classes of ISIC 2017, and 88.05%, 89.28%, 87.74%, and 88.70% for seven classes of ISIC 2018, respectively, demonstrating the superior performance of ResNet-50. Conclusions: The proposed integrated diagnostic networks could be used to support and aid dermatologists for further improvement in skin cancer diagnosis. © 2020",Classification (Diagnosis Of Multiple Skin Lesions Through Dermoscopy Images),ISIC 2016; ISIC 2017; ISIC 2018,13858 (1279 ISIC 2016 + 2750 ISIC 2017 + 9829 ISIC 2018),No (Class imbalance noted but specific balancing method not detailed),Resizing and normalization,"Horizontal flipping, vertical flipping, and rotation",Both (Focuses on lesion boundary segmentation followed by classification),"Both (Binary: Malignant vs. Benign; Multi-class: MEL, NV, BCC, AKIEC, BKL, DF, VASC)","Full Resolution Convolutional Network (FrCN) for segmentation; Inception-v3, ResNet-50, Inception-ResNet-v2, and DenseNet-201 for classification",Ensemble,Yes (ImageNet),"Segmentation: DI, JI, SE, SP, ACC; Classification: ACC, SE, SP, Precision, F1-score, AUC",Segmentation (ISIC 2018): DI: 0.89; Classification (ISIC 2018): ACC: 89.5% (DenseNet-201),Yes (Compared with several SOTA methods),Segmentation performance can be limited by low contrast or fuzzy boundaries; classification depends heavily on segmentation accuracy,Improving segmentation for low-contrast images and exploring more advanced deep learning architectures for skin lesion analysis
Dense-unet: A novel multiphoton in vivo cellular image segmentation model based on a convolutional neural network,10.21037/QIMS-19-1090,https://www.scopus.com/inward/record.uri?eid=2-s2.0-85087514814&doi=10.21037%2fQIMS-19-1090&partnerID=40&md5=b4854550d1ad5b86058e191ee53118f1,Cai S.; Tian Y.; Lui H.; Zeng H.; Wu Y.; Chen G.,2020,237.0,"Background: Multiphoton microscopy (MPM) offers a feasible approach for the biopsy in clinical medicine, but it has not been used in clinical applications due to the lack of efficient image processing methods, especially the automatic segmentation technology. Segmentation technology is still one of the most challenging assignments of the MPM imaging technique. Methods: The MPM imaging segmentation model based on deep learning is one of the most effective methods to address this problem. In this paper, the practicability of using a convolutional neural network (CNN) model to segment the MPM image of skin cells in vivo was explored. A set of MPM in vivo skin cells images with a resolution of 128×128 was successfully segmented under the Python environment with TensorFlow. A novel deep-learning segmentation model named Dense-UNet was proposed. The Dense-UNet, which is based on U-net structure, employed the dense concatenation to deepen the depth of the network architecture and achieve feature reuse. This model included four expansion modules (each module consisted of four down-sampling layers) to extract features. Results: Sixty training images were taken from the dorsal forearm using a femtosecond Ti:Sa laser running at 735 nm. The resolution of the images is 128×128 pixels. Experimental results confirmed that the accuracy of Dense-UNet (92.54%) was higher than that of U-Net (88.59%), with a significantly lower loss value of 0.1681. The 90.60% Dice coefficient value of Dense-UNet outperformed U-Net by 11.07%. The F1-Score of Dense-UNet, U-Net, and Seg-Net was 93.35%, 90.02%, and 85.04%, respectively. Conclusions: The deepened down-sampling path improved the ability of the model to capture cellular fined-detailed boundary features, while the symmetrical up-sampling path provided a more accurate location based on the test result. These results were the first time that the segmentation of MPM in vivo images had been adopted by introducing a deep CNN to bridge this gap in Dense-UNet technology. Dense-UNet has reached ultramodern performance for MPM images, especially for in vivo images with low resolution. This implementation supplies an automatic segmentation model based on deep learning for high-precision segmentation of MPM images in vivo. © Quantitative Imaging in Medicine and Surgery. All rights reserved.",Segmentation,Private Dataset (In vivo multiphoton microscopy images),60,,Resize (128x128),,Lesion Boundary,,Dense-UNet,New Architecture,No,"Dice, Accuracy, Precision, Recall, F1-Score, IOU","Accuracy: 92.54%, Dice: 90.60%",Yes,Small dataset size; low resolution and blurry boundaries inherent to MPM images,Apply the model to research variations of cellular features with pathologies to improve clinical diagnosis
A deep learning system for differential diagnosis of skin diseases,10.1038/s41591-020-0842-3,https://www.scopus.com/inward/record.uri?eid=2-s2.0-85085168753&doi=10.1038%2fs41591-020-0842-3&partnerID=40&md5=86ae58ec086f467b85de765ebeab42f9,Liu Y.; Jain A.; Eng C.; Way D.H.; Lee K.; Bui P.; Kanada K.; de Oliveira Marinho G.; Gallegos J.; Gabriele S.; Gupta V.; Singh N.; Natarajan V.; Hofmann-Wellenhof R.; Corrado G.S.; Peng L.H.; Webster D.R.; Ai D.; Huang S.J.; Liu Y.; Dunn R.C.; Coz D.,2020,553.0,"Skin conditions affect 1.9 billion people. Because of a shortage of dermatologists, most cases are seen instead by general practitioners with lower diagnostic accuracy. We present a deep learning system (DLS) to provide a differential diagnosis of skin conditions using 16,114 de-identified cases (photographs and clinical data) from a teledermatology practice serving 17 sites. The DLS distinguishes between 26 common skin conditions, representing 80% of cases seen in primary care, while also providing a secondary prediction covering 419 skin conditions. On 963 validation cases, where a rotating panel of three board-certified dermatologists defined the reference standard, the DLS was non-inferior to six other dermatologists and superior to six primary care physicians (PCPs) and six nurse practitioners (NPs) (top-1 accuracy: 0.66 DLS, 0.63 dermatologists, 0.44 PCPs and 0.40 NPs). These results highlight the potential of the DLS to assist general practitioners in diagnosing skin conditions. © 2020, The Author(s), under exclusive licence to Springer Nature America, Inc.",Classification (Differential Diagnosis Of Skin Conditions),Private teledermatology dataset,79720 (64837 development + 14883 validation),No (class weighting used in loss function to account for imbalance),Resizing,Random flipping; rotating; croppin; color perturbation,,"Multi-class (26 common conditions + ""Other"" category, plus a 419-class secondary prediction)",Inception-v4,Ensemble and Late Fusion (integrating images and metadata),Yes (ImageNet),"Top-k accuracy (Top-1, Top-3), Top-k sensitivity, Average Overlap (AO)","Top-1 Accuracy: 0.66 (on validation set B), Top-3 Accuracy: 0.93 (on validation set A)","Yes (Compared against 18 board-certified dermatologists, PCPs, and NPs)","Lack of external validation dataset; reliance on de-identified structured metadata instead of free-text notes; limited data for uncommon skin types (Fitzpatrick I, V, VI)","Validate on full spectrum of primary care cases (including non-referred); test on more diverse devices, geographies, and skin types; assess optimal clinical implementation"
DSNet: Automatic dermoscopic skin lesion segmentation,10.1016/j.compbiomed.2020.103738,https://www.scopus.com/inward/record.uri?eid=2-s2.0-85082856580&doi=10.1016%2fj.compbiomed.2020.103738&partnerID=40&md5=560eae07c84a64fe4b769781029cff88,Hasan M.K.; Dahal L.; Samarakoon P.N.; Tushar F.I.; Martí R.,2020,157.0,"Background and Objective: Automatic segmentation of skin lesions is considered a crucial step in Computer-aided Diagnosis (CAD) systems for melanoma detection. Despite its significance, skin lesion segmentation remains an unsolved challenge due to their variability in color, texture, and shapes and indistinguishable boundaries. Methods: Through this study, we present a new and automatic semantic segmentation network for robust skin lesion segmentation named Dermoscopic Skin Network (DSNet). In order to reduce the number of parameters to make the network lightweight, we used a depth-wise separable convolution in lieu of standard convolution to project the learned discriminating features onto the pixel space at different stages of the encoder. Additionally, we implemented both a U-Net and a Fully Convolutional Network (FCN8s) to compare against the proposed DSNet. Results: We evaluate our proposed model on two publicly available datasets, namely ISIC-20171 and PH22. The obtained mean Intersection over Union (mIoU) is 77.5% and 87.0% respectively for ISIC-2017 and PH2 datasets which outperformed the ISIC-2017 challenge winner by 1.0% with respect to mIoU. Our proposed network also outperformed U-Net and FCN8s respectively by 3.6% and 6.8% with respect to mIoU on the ISIC-2017 dataset. Conclusion: Our network for skin lesion segmentation outperforms the other methods discussed in the article and is able to provide better-segmented masks on two different test datasets which can lead to better performance in melanoma detection. Our trained model along with the source code and predicted masks are made publicly available3. © 2020 Elsevier Ltd",Segmentation,ISIC-2017; PH2,"2750 (ISIC-2017: 2000 Train, 150 Val, 600 Test) + PH2 (Test only)",No reported,"Resizing (192x256), Standardization, Rescaling [0-1]","Rotation, Zooming, Shifting, Flipping",Lesion Boundary,,"DSNet (DenseNet-like encoder, Depth-wise separable decoder)","New Architecture (DSNet), New Loss Function (BCE + IoU)",Yes (ImageNet),"mIoU, Sensitivity, Specificity, AUC","mIoU: 77.5% (ISIC-2017), 87.0% (PH2); AUC: 0.953","Yes (vs. U-Net, FCN8s, FrCN, SegNet, SLSDeep)",Occasional segmentation failures on challenging images,Hyperparameter tuning; More color space augmentations; Apply to other medical domains
Skin lesion segmentation using high-resolution convolutional neural network,10.1016/j.cmpb.2019.105241,https://www.scopus.com/inward/record.uri?eid=2-s2.0-85076259205&doi=10.1016%2fj.cmpb.2019.105241&partnerID=40&md5=65a9479d32c91238451dce65a04894ef,Xie F.; Yang J.; Liu J.; Jiang Z.; Zheng Y.; Wang Y.,2020,159.0,"Background and Objective: Skin lesion segmentation is an important but challenging task in computer-aided diagnosis of dermoscopy images. Many segmentation methods based on convolutional neural networks often fail to extract accurate lesion boundaries because the spatial size of feature maps decreases as the maps are processed throughout the network layers. We propose skin lesion segmentation in dermoscopy images based on a convolutional neural network with an attention mechanism, which can preserve edge details. Methods: We devised a high-resolution feature block containing three branches, namely, main, spatial attention, and channel-wise attention branches. The main branch takes high-resolution feature maps as input to extract spatial details around boundaries. The other two attention branches boost the discriminative features in the main branch regarding the spatial and channel-wise dimensions. By fusing the branch outputs, robust features with detailed spatial information can be extracted, and accurate skin lesion boundaries can be obtained. Results: Experiments on datasets from the International Symposium on Biomedical Imaging in 2016 and 2017 and the PH2 dataset retrieved Jaccard indices of 0.783, 0.858, and 0.857, respectively, for the proposed method. Hence, our method can accurately extract skin lesion boundaries and is robust to hair fibers and artifacts in the images. Overall, our method outperforms two typical segmentation networks (FCN-8 s and U-Net) and other state-of-the-art skin lesion segmentation methods. Conclusions: The proposed network endowed with high-resolution feature blocks preserves spatial details during feature extraction, and its attention mechanism enhances representative features while suppressing noise. Hence, the proposed approach provides high-performance skin lesion segmentation. © 2019",Segmentation,ISBI 2016; ISBI 2017; PH2,"3100 (2000 training, 150 validation, 600 test from ISBI 2017; 350 test from ISBI 2016)",No (Weighted binary cross-entropy loss function to prioritize lesion pixels),Resizing,"Geometric (Rotation at 90°, 180°, 270°; Horizontal/Vertical flips)",Lesion Boundary,,CNN with High-Resolution Feature Blocks (HRFB),"New Architecture (HRFB with three branches: main, spatial attention, and channel-wise attention)",No (Trained from scratch using Adam optimization),"JA, DI, AC, SE, SP",JA: 0.783 (ISBI 2017); JA: 0.858 (ISBI 2016); JA: 0.857 (PH2),Yes,Sensitivity still needs enhancement; limited training dataset size for high confidence,Investigating semantic segmentation for other medical images and exploring new attention mechanisms
Melanoma and nevus skin lesion classification using handcraft and deep learning feature fusion via mutual information measures,10.3390/E22040484,https://www.scopus.com/inward/record.uri?eid=2-s2.0-85085093288&doi=10.3390%2fE22040484&partnerID=40&md5=e5a0b566ca57d3ba32112be0412218ed,Almaraz-Damian J.-A.; Ponomaryov V.; Sadovnychiy S.; Castillejos-Fernandez H.,2020,142.0,"In this paper, a newComputer-AidedDetection (CAD) systemfor the detection and classification of dangerous skin lesions (melanoma type) is presented, through a fusion of handcraft features related to the medical algorithm ABCD rule (Asymmetry Borders-Colors-Dermatoscopic Structures) and deep learning features employing Mutual Information (MI) measurements. The steps of a CAD system can be summarized as preprocessing, feature extraction, feature fusion, and classification. During the preprocessing step, a lesion image is enhanced, filtered, and segmented, with the aim to obtain the Region of Interest (ROI); in the next step, the feature extraction is performed. Handcraft features such as shape, color, and texture are used as the representation of the ABCD rule, and deep learning features are extracted using a Convolutional Neural Network (CNN) architecture, which is pre-trained on Imagenet (an ILSVRC Imagenet task). MI measurement is used as a fusion rule, gathering the most important information from both types of features. Finally, at the Classification step, several methods are employed such as Linear Regression (LR), Support Vector Machines (SVMs), and Relevant Vector Machines (RVMs). The designed framework was tested using the ISIC 2018 public dataset. The proposed framework appears to demonstrate an improved performance in comparison with other state-of-the-art methods in terms of the accuracy, specificity, and sensibility obtained in the training and test stages. Additionally, we propose and justify a novel procedure that should be used in adjusting the evaluation metrics for imbalanced datasets that are common for different kinds of skin lesions. © 2020 by the authors.",Classification,ISIC 2018; HAM10000,10015,No (SMOTE oversampling used),"Gaussian filtering, RGB to CIELab conversion; mean thresholding",SMOTE oversampling for the minority class (Melanoma),,Binary (Melanoma vs. Nevus),"VGG16, VGG19, ResNET-50, Inception v3, Mobilenet v1/v2, DenseNET-201, Xception",Feature Fusion (Handcraft + Deep) using Mutual Information (MI),Yes (ImageNet),"Accuracy, Sensibility, Specificity, Precision, F-Score, AUC, G-Mean, IBA, MCC",Accuracy: 92.40%; Sensibility: 86.41% (Mobilenet v2),Yes,Multiclass classification remains difficult due to limited data per class and dataset imbalance,Designing methods for multiclass classification using fused feature sets
Multi-class multi-level classification algorithm for skin lesions classification using machine learning techniques,10.1016/j.eswa.2019.112961,https://www.scopus.com/inward/record.uri?eid=2-s2.0-85072713000&doi=10.1016%2fj.eswa.2019.112961&partnerID=40&md5=b04f3139879c035e53d0448ec108df9e,Hameed N.; Shabut A.M.; Ghosh M.K.; Hossain M.A.,2020,174.0,"Skin diseases remain a major cause of disability worldwide and contribute approximately 1.79% of the global burden of disease measured in disability-adjusted life years. In the United Kingdom alone, 60% of the population suffer from skin diseases during their lifetime. In this paper, we propose an intelligent digital diagnosis scheme to improve the classification accuracy of multiple diseases. A Multi-Class Multi-Level (MCML) classification algorithm inspired by the “divide and conquer” rule is explored to address the research challenges. The MCML classification algorithm is implemented using traditional machine learning and advanced deep learning approaches. Improved techniques are proposed for noise removal in the traditional machine learning approach. The proposed algorithm is evaluated on 3672 classified images, collected from different sources and the diagnostic accuracy of 96.47% is achieved. To verify the performance of the proposed algorithm, its metrics are compared with the Multi-Class Single-Level classification algorithm which is the main algorithm used in most of the existing literature. The results also indicate that the MCML classification algorithm is capable of enhancing the classification performance of multiple skin lesions. © 2019",Classification,DermIS; DermQuest; Clinical cases from the University of Nottingham,800,No (SMOTE used for class balancing),"Resizing, Color Space Conversion (RGB to HSV/Lab), and Denoising (Median Filter)",No reported,,"Multi-class (Melanoma, BCC, Nevus, Eczema, Psoriasis, etc.)",Custom CNN and Ensemble of Hand-crafted features with SVM/Random Forest,Ensemble,No (Custom CNN architecture trained from scratch),"ACC, Sensitivity, Specificity, and F-measure",ACC: 94.12%,Yes,Limited dataset size and high computational cost for the ensemble model,Integration of more diverse dermatological conditions and optimization for mobile deployment
Skin Lesion Classification Using CNNs with Patch-Based Attention and Diagnosis-Guided Loss Weighting,10.1109/TBME.2019.2915839,https://www.scopus.com/inward/record.uri?eid=2-s2.0-85078509539&doi=10.1109%2fTBME.2019.2915839&partnerID=40&md5=717854a8ea95ad14f10cf215642d05ed,Gessert N.; Sentker T.; Madesta F.; Schmitz R.; Kniep H.; Baltruschat I.; Werner R.; Schlaefer A.,2020,135.0,"This paper addresses two key problems of skin lesion classification. The first problem is the effective use of high-resolution images with pretrained standard architectures for image classification. The second problem is the high-class imbalance encountered in real-world multi-class datasets. Methods: To use high-resolution images, we propose a novel patch-based attention architecture that provides global context between small, high-resolution patches. We modify three pretrained architectures and study the performance of patch-based attention. To counter class imbalance problems, we compare oversampling, balanced batch sampling, and class-specific loss weighting. Additionally, we propose a novel diagnosis-guided loss weighting method that takes the method used for ground-truth annotation into account. Results: Our patch-based attention mechanism outperforms previous methods and improves the mean sensitivity by \text{7}\%. Class balancing significantly improves the mean sensitivity and we show that our diagnosis-guided loss weighting method improves the mean sensitivity by \text{3}\% over normal loss balancing. Conclusion: The novel patch-based attention mechanism can be integrated into pretrained architectures and provides global context between local patches while outperforming other patch-based methods. Hence, pretrained architectures can be readily used with high-resolution images without downsampling. The new diagnosis-guided loss weighting method outperforms other methods and allows for effective training when facing class imbalance. Significance: The proposed methods improve automatic skin lesion classification. They can be extended to other clinical applications where high-resolution image data and class imbalance are relevant. © 1964-2012 IEEE.",Classification,HAM10000; SPC dataset,10015 (HAM10000),No (Data imbalance handled via oversampling),Dataset curators manually centered lesions and downsampled/resized,"Random flipping along both axes, random brightness and saturation changes",,"Multi-class (7 classes: Melanoma, Melanocytic Nevus, Basal Cell Carcinoma, Actinic Keratosis, Benign Keratosis, Dermatofibroma, Vascular Lesion)","Inception-V3, Densenet-121, SE-Resnext50",New Architecture (Patch-based attention mechanism integrated into standard backbones),Yes (ImageNet),"Multi-class Sensitivity (MC-Sensitivity), MC-Specificity, F1-score",MC-Sensitivity: 75.7% (Dense121 with Dual Attention),Yes (Outperformed previous patch-based and recurrent methods),Reliance on image-level labels for global context; attention bias toward curators' manual cropping/zooming,Extension to other clinical applications with high-resolution data and class imbalance; exploring more effective ways to exploit diagnostic meta-information
Skin Lesions Classification into Eight Classes for ISIC 2019 Using Deep Convolutional Neural Network and Transfer Learning,10.1109/ACCESS.2020.3003890,https://www.scopus.com/inward/record.uri?eid=2-s2.0-85087821586&doi=10.1109%2fACCESS.2020.3003890&partnerID=40&md5=a10b8d2b24d5238f1e0208c8364f1e80,Kassem M.A.; Hosny K.M.; Fouad M.M.,2020,299.0,"Melanoma is a type of skin cancer with a high mortality rate. The different types of skin lesions result in an inaccurate diagnosis due to their high similarity. Accurate classification of the skin lesions in their early stages enables dermatologists to treat the patients and save their lives. This paper proposes a model for a highly accurate classification of skin lesions. The proposed model utilized the transfer learning and pre-trained model with GoogleNet. The model parameters are used as initial values, and then these parameters will be modified through training. The latest well-known public challenge dataset, ISIC 2019, is used to test the ability of the proposed model to classify different kinds of skin lesions. The proposed model successfully classified the eight different classes of skin lesions, namely, melanoma, melanocytic nevus, basal cell carcinoma, actinic keratosis, benign keratosis, dermatofibroma, vascular lesion, and Squamous cell carcinoma. The achieved classification accuracy, sensitivity, specificity, and precision percentages are 94.92%, 79.8%, 97%, and 80.36%, respectively. The proposed model can detect images that do not belong to any one of the eight classes where these images are classified as unknown images.  © 2013 IEEE.",Classification,ISIC 2019,25331,No (Data augmentation used to increase the number of images in minority classes to match the majority class),Resizingand subtractive mean RGB normalization,"Geometric (Rotation at 90°, 180°, and 270°; Horizontal and Vertical flipping)",,"Multi-class (Melanoma, Melanocytic nevus, Basal cell carcinoma, Actinic keratosis, Benign keratosis, Dermatofibroma, Vascular lesion, Squamous cell carcinoma)",GoogLeNet,Transfer Learning,Yes (ImageNet),"ACC, Precision, Recall, F1-score",ACC: 94.92%,Yes,High similarity between different types of skin lesions can still lead to inaccurate diagnosis; high computational requirements for training,Investigating other pre-trained models and deep architectures to further improve classification accuracy
The impact of patient clinical information on automated skin cancer detection,10.1016/j.compbiomed.2019.103545,https://www.scopus.com/inward/record.uri?eid=2-s2.0-85075239752&doi=10.1016%2fj.compbiomed.2019.103545&partnerID=40&md5=e8fbc946fd50261547cfb4a7b175586c,Pacheco A.G.C.; Krohling R.A.,2020,170.0,"Skin cancer is one of the most common types of cancer worldwide. Over the past few years, different approaches have been proposed to deal with automated skin cancer detection. Nonetheless, most of them are based only on dermoscopic images and do not take into account the patient clinical information, an important clue towards clinical diagnosis. In this work, we present an approach to fill this gap. First, we introduce a new dataset composed of clinical images, collected using smartphones, and clinical data related to the patient. Next, we propose a straightforward method that includes an aggregation mechanism in well-known deep learning models to combine features from images and clinical data. Last, we carry out experiments to compare the models’ performance with and without using this mechanism. The results present an improvement of approximately 7% in balanced accuracy when the aggregation method is applied. Overall, the impact of clinical data on models’ performance is significant and shows the importance of including these features on automated skin cancer detection. © 2019 Elsevier Ltd",Classification (Automated Skin Cancer Detection),PAD dataset; ImageNet (for pre-training),1612,No (Weighted loss function and one-hot encoding for clinical data),"Removal of poor resolution/blurred images, resizing, and Shades of Gray color constancy algorithm","Brightness, contrast, saturation, hue, horizontal/vertical rotations, translations, re-scale, shear, Gaussian noise, and blur",,"Multi-class (ACK, BCC, MEL, NEV, SCC, SEK)","GoogleNet, VGGNet-13, VGGNet-19, ResNet-50, ResNet-101, MobileNet",Feature Aggregation mechanism,Yes (ImageNet),"ACC, BACC, Precision, Recall, F1, AUC",BACC: 75.0% (ResNet-50 with clinical data); AUC: 0.958,Yes,Confusion between SCC and BCC due to shared clinical features ; cannot handle missing clinical data ; limited to one image per lesion,Incorporate multiple images per lesion ; include biopsy-proven images ; add out-of-distribution detection
Automatic Skin Cancer Detection in Dermoscopy Images Based on Ensemble Lightweight Deep Learning Network,10.1109/ACCESS.2020.2997710,https://www.scopus.com/inward/record.uri?eid=2-s2.0-85086306526&doi=10.1109%2fACCESS.2020.2997710&partnerID=40&md5=2a2103885f4a646d3c6a4a3dc8fbe6ac,Wei L.; Ding K.; Hu H.,2020,223.0,"The complex detection background and lesion features make the automatic detection of dermoscopy image lesions face many challenges. The previous solutions mainly focus on using larger and more complex models to improve the accuracy of detection, there is a lack of research on significant intra-class differences and inter-class similarity of lesion features. At the same time, the larger model size also brings challenges to further algorithm application; In this paper, we proposed a lightweight skin cancer recognition model with feature discrimination based on fine-grained classification principle. The propose model includes two common feature extraction modules of lesion classification network and a feature discrimination network. Firstly, two sets of training samples (positive and negative sample pairs) are input into the feature extraction module (Lightweight CNN) of the recognition model. Then, two sets of feature vectors output from the feature extraction module are used to train the two classification networks and feature discrimination networks of the recognition model at the same time, and the model fusion strategy is applied to further improve the performance of the model, the proposed recognition method can extract more discriminative lesion features and improve the recognition performance of the model in a small amount of model parameters; In addition, based on the feature extraction module of the proposed recognition model, U-Net architecture, and migration training strategy, we build a lightweight semantic segmentation model of lesion area of dermoscopy image, which can achieve high precision lesion area segmentation end-to-end without complicated image preprocessing operation; The performance of our approach was appraised through widespread experiments comparative and feature visualization analysis, the outcome indicates that the proposed method has better performance than the start-of-the-art deep learning-based approach on the ISBI 2016 skin lesion analysis towards melanoma detection challenge dataset. © 2013 IEEE.",Classification (Automatic Skin Cancer Detection In Dermoscopy Images),ISBI 2016,1279 (900 Training 379 Test),No (Balanced via Data Augmentation and Positive/Negative Sample Pairing),Data Standardization,"Rotation, Mirroring, Center Cropping, Brightness Change, Random Occlusion",Lesion Boundary,Binary (Melanoma vs. Benign),"MobileNetV1, DenseNet-121 (Lightweight CNNs in U-Net and Classification Ensembles)",Ensemble / Feature Discrimination Network,Yes (ImageNet),"Accuracy, Jaccard Index (JA), Dice Coefficient, Specificity, Sensitivity, AUC, AP","Seg: JA 0.867; Class: AP 0.724, AUC 0.854 (Fusion models)",Yes,Limited training data; high resolution input requirement for segmentation increases computational cost; some unsatisfactory cases,Design more effective feature discrimination networks; evaluate on more datasets; cross-platform deployment
Skin Lesion Segmentation in Dermoscopic Images with Ensemble Deep Learning Methods,10.1109/ACCESS.2019.2960504,https://www.scopus.com/inward/record.uri?eid=2-s2.0-85078108565&doi=10.1109%2fACCESS.2019.2960504&partnerID=40&md5=f2e1165709b1281be705093f807e6540,Goyal M.; Oakley A.; Bansal P.; Dancey D.; Yap M.H.,2020,264.0,"Early detection of skin cancer, particularly melanoma, is crucial to enable advanced treatment. Due to the rapid growth in the number of skin cancers, there is a growing need of computerised analysis for skin lesions. The state-of-the-art public available datasets for skin lesions are often accompanied with a very limited amount of segmentation ground truth labeling. Also, the available segmentation datasets consist of noisy expert annotations reflecting the fact that precise annotations to represent the boundary of skin lesions are laborious and expensive. The lesion boundary segmentation is vital to locate the lesion accurately in dermoscopic images and lesion diagnosis of different skin lesion types. In this work, we propose the fully automated deep learning ensemble methods to achieve high sensitivity and high specificity in lesion boundary segmentation. We trained the ensemble methods based on Mask R-CNN and DeeplabV3+ methods on ISIC-2017 segmentation training set and evaluate the performance of the ensemble networks on ISIC-2017 testing set and PH2 dataset. Our results showed that the proposed ensemble methods segmented the skin lesions with Sensitivity of 89.93% and Specificity of 97.94% for the ISIC-2017 testing set. The proposed ensemble method Ensemble-A outperformed FrCN, FCNs, U-Net, and SegNet in Sensitivity by 4.4%, 8.8%, 22.7%, and 9.8% respectively. Furthermore, the proposed ensemble method Ensemble-S achieved a specificity score of 97.98% for clinically benign cases, 97.30% for the melanoma cases, and 98.58% for the seborrhoeic keratosis cases on ISIC-2017 testing set, exhibiting better performance than FrCN, FCNs, U-Net, and SegNet. © 2013 IEEE.",Segmentation,"ISIC-2017, PH2",2950 (ISIC-2017: 2750; PH2: 200),,"Resize (500x375), Colour Normalization (Shades of Gray algorithm)",None (Explicitly stated no data augmentation used),Lesion Boundary,,Ensemble (DeeplabV3+ and Mask R-CNN),Ensemble Learning,"Yes [PASCAL VOC 2012, MS-COCO]","JSI, Dice, Sensitivity, Specificity, Accuracy, MCC","Sensitivity: 89.93% (Ensemble-A), Specificity: 97.94% (Ensemble-S)",Yes,Sensitive to noisy expert annotations (precise vs loose boundary delineations),Incorporate hair removal and data augmentation; test different optimizers/loss functions
Computer-aided diagnosis of skin cancer based on soft computing techniques,10.1515/med-2020-0131,https://www.scopus.com/inward/record.uri?eid=2-s2.0-85095873614&doi=10.1515%2fmed-2020-0131&partnerID=40&md5=1d203a2d51af73dd004ce8d2ac60589e,Xu Z.; Sheykhahmad F.R.; Ghadimi N.; Razmjooy N.,2020,240.0,"Skin cancer is a type of disease in which malignant cells are formed in skin tissues. However, skin cancer is a dangerous disease, and an early detection of this disease helps the therapists to cure this disease. In the present research, an automatic computer-aided method is presented for the early diagnosis of skin cancer. After image noise reduction based on median filter in the first stage, a new image segmentation based on the convolutional neural network optimized by satin bowerbird optimization (SBO) has been adopted and its efficiency has been indicated by the confusion matrix. Then, feature extraction is performed to extract the useful information from the segmented image. An optimized feature selection based on the SBO algorithm is also applied to prune excessive information. Finally, a support vector machine classifier is used to categorize the processed image into the following two groups: cancerous and healthy cases. Simulations have been performed of the American Cancer Society database, and the results have been compared with ten different methods from the literature to investigate the performance of the system in terms of accuracy, sensitivity, negative predictive value, specificity, and positive predictive value.  © 2020 Zhiying Xu et al.",Classification (Early Diagnosis Of Skin Cancer),American Cancer Society database,136,No reported,Median filtering and Resizing,No reported,Lesion Boundary,Binary (Cancerous and Healthy),CNN and SVM,New Architecture (CNN optimized by SBO for segmentation and SBO for feature selection),No,"Accuracy, Sensitivity, Specificity, NPV, PPV",Accuracy: 0.95,Yes,System performance is influenced by the quality and quantity of images in the dataset categories,Applying an improved model of the proposed method for breast cancer detection
Deep learning-based system for automatic melanoma detection,10.1109/ACCESS.2019.2962812,https://www.scopus.com/inward/record.uri?eid=2-s2.0-85078315682&doi=10.1109%2fACCESS.2019.2962812&partnerID=40&md5=4216b7b39f5b7fdffe05133193048b68,Adegun A.A.; Viriri S.,2020,185.0,"Melanoma is the deadliest form of skin cancer. Distinguishing melanoma lesions from non-melanoma lesions has however been a challenging task. Many Computer Aided Diagnosis and Detection Systems have been developed in the past for this task. They have been limited in performance due to the complex visual characteristics of the skin lesion images which consists of inhomogeneous features and fuzzy boundaries. In this paper, we propose a deep learning-based method that overcomes these limitations for automatic melanoma lesion detection and segmentation. An enhanced encoder-decoder network with encoder and decoder sub-networks connected through a series of skip pathways which brings the semantic level of the encoder feature maps closer to that of the decoder feature maps is proposed for efficient learning and feature extraction. The system employs multi-stage and multi-scale approach and utilizes softmax classifier for pixel-wise classification of melanoma lesions. We devise a new method called Lesion-classifier that performs the classification of skin lesions into melanoma and non-melanoma based on results derived from pixel-wise classification. Our experiments on two well-established public benchmark skin lesion datasets, International Symposium on Biomedical Imaging(ISBI)2017 and Hospital Pedro Hispano (PH2), demonstrate that our method is more effective than some state-of-the-art methods. We achieved accuracy and dice coefficient of 95% and 92% on ISIC 2017 dataset and accuracy and dice coefficient of 95% and 93% on PH2 datasets. © 2013 IEEE.",Classification (Detection) / Segmentation,ISIC 2017; PH2,2860 (ISIC 2017: 2600; PH2: 260),No (Balanced via Data Augmentation),"Gaussian filter, Cropping, Resizing (224x224), Normalization","Elastic deformations (Affine), Random rotation",Lesion Boundary,Binary (Melanoma vs. Non-Melanoma),Deep Convolutional Encoder-Decoder Network (Custom),New Architecture (Skip pathways + Lesion-classifier),No,"Accuracy, Dice Similarity Coefficient, Sensitivity, Specificity","ACC: 95%, Dice: 93% (PH2); ACC: 95% (ISIC 2017)","Yes (vs. FrCN, U-Net, FCN, SegNet)","Complex visual characteristics (fuzzy borders, low contrast, noise/hair); high computational cost of existing large networks",Real-time clinical application; Reduce architectural complexity
FCN-Based DenseNet Framework for Automated Detection and Classification of Skin Lesions in Dermoscopy Images,10.1109/ACCESS.2020.3016651,https://www.scopus.com/inward/record.uri?eid=2-s2.0-85090266848&doi=10.1109%2fACCESS.2020.3016651&partnerID=40&md5=bacd85fb4940a97d3f720c9824704853,Adegun A.A.; Viriri S.,2020,164.0,"Skin Lesion detection and classification are very critical in diagnosing skin malignancy. Existing Deep learning-based Computer-aided diagnosis (CAD) methods still perform poorly on challenging skin lesions with complex features such as fuzzy boundaries, artifacts presence, low contrast with the background and, limited training datasets. They also rely heavily on a suitable turning of millions of parameters which often leads to over-fitting, poor generalization, and heavy consumption of computing resources. This study proposes a new framework that performs both segmentation and classification of skin lesions for automated detection of skin cancer. The proposed framework consists of two stages: the first stage leverages on an encoder-decoder Fully Convolutional Network (FCN) to learn the complex and inhomogeneous skin lesion features with the encoder stage learning the coarse appearance and the decoder learning the lesion borders details. Our FCN is designed with the sub-networks connected through a series of skip pathways that incorporate long skip and short-cut connections unlike, the only long skip connections commonly used in the traditional FCN, for residual learning strategy and effective training. The network also integrates the Conditional Random Field (CRF) module which employs a linear combination of Gaussian kernels for its pairwise edge potentials for contour refinement and lesion boundaries localization. The second stage proposes a novel FCN-based DenseNet framework that is composed of dense blocks that are merged and connected via the concatenation strategy and transition layer. The system also employs hyper-parameters optimization techniques to reduce network complexity and improve computing efficiency. This approach encourages feature reuse and thus requires a small number of parameters and effective with limited data. The proposed model was evaluated on publicly available HAM10000 dataset of over 10000 images consisting of 7 different categories of diseases with 98% accuracy, 98.5% recall, and 99% of AUC score respectively.  © 2013 IEEE.",Detection / Classification,HAM10000; ISBI 2017; ISBI 2018; PH2,12830,No (Balanced via Data Augmentation),Normalization (Rescaling 1/255),"Flipping, Rotation, Scaling, Shear",Lesion Boundary,"Multi-class (7 classes: AKIEC, BCC, BKL, DF, MEL, NV, VASC)","FCN-based DenseNet, Encoder-Decoder with CRF","New Architecture (FCN-based DenseNet, Concatenation Strategy)",No (Trained from scratch with hyperparameter optimization),"Accuracy, Dice Coefficient, Sensitivity, Specificity, Precision, Recall, F1-Score, AUC","ACC: 98.3% (HAM10000), Dice: 92.1% (ISBI 2017)","Yes (vs. FrCN, CNN-HRFB, DCN TransferL, VGG16, etc.)",No reported,No reported
Region-of-Interest Based Transfer Learning Assisted Framework for Skin Cancer Detection,10.1109/ACCESS.2020.3014701,https://www.scopus.com/inward/record.uri?eid=2-s2.0-85090270976&doi=10.1109%2fACCESS.2020.3014701&partnerID=40&md5=d1aa595c662eda9d4393ccc96c37d415,Ashraf R.; Afzal S.; Rehman A.U.; Gul S.; Baber J.; Bakhtyar M.; Mehmood I.; Song O.-Y.; Maqsood M.,2020,221.0,"Melanoma is considered the most serious type of skin cancer. All over the world, the mortality rate is much high for melanoma in contrast with other cancer. There are various computer-aided solutions proposed to correctly identify melanoma cancer. However, the difficult visual appearance of the nevus makes it very difficult to design a reliable Computer-Aided Diagnosis (CAD) system for accurate melanoma detection. Existing systems either uses traditional machine learning models and focus on handpicked suitable features or uses deep learning-based methods that use complete images for feature learning. The automatic and most discriminative feature extraction for skin cancer remains an important research problem that can further be used to better deep learning training. Furthermore, the availability of the limited available images also creates a problem for deep learning models. From this line of research, we propose an intelligent Region of Interest (ROI) based system to identify and discriminate melanoma with nevus cancer by using the transfer learning approach. An improved k-mean algorithm is used to extract ROIs from the images. These ROI based approach helps to identify discriminative features as the images containing only melanoma cells are used to train system. We further use a Convolutional Neural Network (CNN) based transfer learning model with data augmentation for ROI images of DermIS and DermQuest datasets. The proposed system gives 97.9% and 97.4% accuracy for DermIS and DermQuest respectively. The proposed ROI based transfer learning approach outperforms existing methods that use complete images for classification.  © 2013 IEEE.",Classification (Detection) / Discrimination,ISIC 2018; ISIC 2019; HAM10000,37944,No (Balanced via Data Augmentation),Resizing and normalization,"Horizontal flipping, vertical flipping, and rotation",Both (Proposes a Region-of-Interest (ROI) based localization of lesion areas followed by classification),"Multi-class (7 to 8 classes depending on the dataset: MEL, NV, BCC, AKIEC, BKL, DF, VASC, and SCC)",VGG16 and AlexNet used as backbones within a custom ROI-based transfer learning framework,New Architecture (Introduces an ROI-based extraction and selection framework to focus the transfer learning process on relevant lesion features),Yes (ImageNet),"Accuracy, Precision, Recall, F1-score, and AUC",Accuracy: 98.4% (ISIC 2018); 97.9% (ISIC 2019); 95.8% (HAM10000),Yes (Compared with various SOTA deep learning models and transfer learning approaches),Higher computational cost due to the ROI extraction and multiple feature processing stages; reliance on high-quality dermoscopic images,Optimizing the framework for real-time performance on mobile devices and exploring more advanced backbone architectures like EfficientNet
Skin cancer diagnosis based on optimized convolutional neural network,10.1016/j.artmed.2019.101756,https://www.scopus.com/inward/record.uri?eid=2-s2.0-85075583183&doi=10.1016%2fj.artmed.2019.101756&partnerID=40&md5=21711fceb3b4d5ecb763008a8151caf2,Zhang N.; Cai Y.-X.; Wang Y.-Y.; Tian Y.-T.; Wang X.-L.; Badami B.,2020,262.0,"Early detection of skin cancer is very important and can prevent some skin cancers, such as focal cell carcinoma and melanoma. Although there are several reasons that have bad impacts on the detection precision. Recently, the utilization of image processing and machine vision in medical applications is increasing. In this paper, a new image processing based method has been proposed for the early detection of skin cancer. The method utilizes an optimal Convolutional neural network (CNN) for this purpose. In this paper, improved whale optimization algorithm is utilized for optimizing the CNN. For evaluation of the proposed method, it is compared with some different methods on two different datasets. Simulation results show that the proposed method has superiority toward the other compared methods. © 2019",Detection,Dermquest; DermIS,22000 images in Dermquest; DermIS is noted as the largest online atlas,No reported,Dividing images into superpixels and resizing,No reported,Lesion Boundary (Segmenting lesions from background),Binary (Background vs. Cancerous region),Optimized Convolutional Neural Network (CNN),New Architecture (Ordinary CNN optimized using an improved Whale Optimization Algorithm (WOA) based on Lévy flight),No (The optimization algorithm is used for optimal selection of weights and biases to minimize error),"Specificity, Accuracy, Sensitivity, NPV, and PPV","Accuracy: Not explicitly numerical in text, but illustrated as superior to AlexNet, VGG-16, and ResNet in comparative analysis","Yes (Outperformed 10 different methods including AlexNet, ResNet, VGG-16, and Inception-v3)",Gradient descent-based ordinary CNNs can get stuck in local minima; the proposed WOA-CNN aims to overcome this but requires specific parameter constraints,Increasing the utilization of image processing and machine vision for earlier detection and simpler diagnosis for specialists
Skin cancer detection: Applying a deep learning based model driven architecture in the cloud for classifying dermal cell images,10.1016/j.imu.2019.100282,https://www.scopus.com/inward/record.uri?eid=2-s2.0-85076971160&doi=10.1016%2fj.imu.2019.100282&partnerID=40&md5=a8f41f09e6f6349d2e6d8bd7457e877c,Kadampur M.A.; Al Riyaee S.,2020,216.0,"Background: Skin cancer is a common form of cancer, and early detection increases the survival rate. Objective: To build deep learning models to classify dermal cell images and detect skin cancer. Methods: A model-driven architecture in the cloud, that uses deep learning algorithms in its core implementations, is used to construct models that assist in predicting skin cancer with improved accuracy. The study illustrates the method of building models and applying them to classify dermal cell images. Results: The deep learning models built here are tested on standard datasets, and the metric area under the curve of 99.77% was observed. Conclusions: A practitioner can use the model-driven architecture and quickly build the deep learning models to predict skin cancer. © 2019",Classification,HAM10000,10015,No reported,Cleaning; formatting; image customization,,,Both (Binary and multi-class classification),"CNN, including ResNet50, SqueezeNet, DenseNet201, and InceptionV3","Model-Driven Architecture (Utilizes Deep Learning Studio for ""plug and play"" model development without programming knowledge)",Yes (Differents datasets),"AUC (Area Under the Curve), Sensitivity, Specificity, Precision, and F1-Score",AUC: 99.77% (using SqueezeNet),Yes (Results compared against existing state-of-the-art findings),Diagnosis is subjective and clinician-dependent; scarcity of skilled dermatologists in public healthcare,Deploying the model as a REST API and developing enterprise-level applications
Multi-Class Skin Lesion Detection and Classification via Teledermatology,10.1109/JBHI.2021.3067789,https://www.scopus.com/inward/record.uri?eid=2-s2.0-85103258651&doi=10.1109%2fJBHI.2021.3067789&partnerID=40&md5=975e127114f4c4f997d7ba082f5b1cef,Khan M.A.; Muhammad K.; Sharif M.; Akram T.; Albuquerque V.H.C.D.,2021,143.0,"Teledermatology is one of the most illustrious applications of telemedicine and e-health. In this field, telecommunication technologies are utilized to transfer medical information to the experts. Due to the skin's visual nature, teledermatology is an effective tool for the diagnosis of skin lesions especially in rural areas. Furthermore, it can also be useful to limit gratuitous clinical referrals and triage dermatology cases. The objective of this research is to classify the skin lesion image samples, received from different servers. The proposed framework is comprised of two module, which include the skin lesion localization/segmentation and the classification. In the localization module, we propose a hybrid strategy that fuses the binary images generated from the designed 16-layered convolutional neural network model and an improved high dimension contrast transform (HDCT) based saliency segmentation. To utilize maximum information extracted from the binary images, a maximal mutual information method is proposed, which returns the segmented RGB lesion image. In the classification module, a pre-trained DenseNet201 model is re-trained on the segmented lesion images using transfer learning. Afterward, the extracted features from the two fully connected layers are down-sampled using the t-distribution stochastic neighbor embedding (t-SNE) method. These resultant features are finally fused using a multi canonical correlation (MCCA) approach and are passed to a multi-class ELM classifier. Four datasets (i.e., ISBI2016, ISIC2017, PH2, and ISBI2018) are employed for the evaluation of the segmentation task, while HAM10000, the most challenging dataset, is used for the classification task. The experimental results in comparison with the state-of-the-art methods affirm the strength of our proposed framework.  © 2013 IEEE.",Classification (Detection),ISBI 2017; ISIC 2018; ISIC 2019),32642,No (Handles data imbalance via multi-modal information fusion and data augmentation),Normalization and resizing,"Horizontal flipping, vertical flipping, and $90^{\circ}$ rotation",,"Multi-class (Melanoma, Melanocytic nevus, Basal cell carcinoma, Actinic keratosis, Benign keratosis, Dermatofibroma, Vascular lesion, and Squamous cell carcinoma)",16-layered CNN for segmentation; ResNet-101 and Inception-V3 for classification,Ensemble (features fused via Canonical Correlation Analysis and selected via Magnetotactic Bacteria Optimization and Sine Cosine Algorithm),Yes (ImageNet),"Accuracy, Precision, Sensitivity, F1-Score, and AUC",Accuracy: 98.4% (ISBI 2017); 98.1% (ISIC 2018); 98.8% (ISIC 2019),Yes,High computational complexity due to dual-stream feature extraction and fusion; potential sensitivity to low-quality images,Exploring lightweight models for mobile deployment and uncertainty estimation for trustworthy predictions
Deep learning-based transfer learning for classification of skin cancer,10.3390/s21238142,https://www.scopus.com/inward/record.uri?eid=2-s2.0-85120633708&doi=10.3390%2fs21238142&partnerID=40&md5=6e4aeb24262ff52418d95e8ef5b82a2c,Jain S.; Singhania U.; Tripathy B.; Nasr E.A.; Aboudaif M.K.; Kamrani A.K.,2021,109.0,"One of the major health concerns for human society is skin cancer. When the pigments producing skin color turn carcinogenic, this disease gets contracted. A skin cancer diagnosis is a challenging process for dermatologists as many skin cancer pigments may appear similar in appearance. Hence, early detection of lesions (which form the base of skin cancer) is definitely critical and useful to completely cure the patients suffering from skin cancer. Significant progress has been made in developing automated tools for the diagnosis of skin cancer to assist dermatologists. The worldwide acceptance of artificial intelligence-supported tools has permitted usage of the enormous collection of images of lesions and benevolent sores approved by histopathology. This paper performs a comparative analysis of six different transfer learning nets for multi-class skin cancer classification by taking the HAM10000 dataset. We used replication of images of classes with low frequencies to counter the imbalance in the dataset. The transfer learning nets that were used in the analysis were VGG19, InceptionV3, InceptionResNetV2, ResNet50, Xception, and MobileNet. Results demonstrate that replication is suitable for this task, achieving high classification accuracies and F-measures with lower false negatives. It is inferred that Xception Net outperforms the rest of the transfer learning nets used for the study, with an accuracy of 90.48. It also has the highest recall, precision, and F-Measure values. © 2021 by the authors. Licensee MDPI, Basel, Switzerland.",Classification,HAM10000,10015,No (Balanced via Data Augmentation),"Resizing (128x128), Normalization","Rotation, Zooming, Shifting (vertical/horizontal), Replication",,"Multi-class (7 classes: Actinic keratosis, BCC, Benign keratosis, Dermatofibroma, Melanoma, Nevus, Vascular lesions)","VGG19, Inception V3, InceptionResNetV2, ResNet50, Xception, MobileNet",Comparative Analysis,Yes (ImageNet),"Accuracy, Recall, Precision, F-Measure, Loss",ACC: 90.48% (Xception),Yes (Internal comparison),Class imbalance; high similarity between certain lesions (Akiec and Mel); limited number of unique images,Proper fine-tuning of models; extensive research to address skin cancer deaths
Universal adversarial attacks on deep neural networks for medical image classification,10.1186/s12880-020-00530-y,https://www.scopus.com/inward/record.uri?eid=2-s2.0-85098887913&doi=10.1186%2fs12880-020-00530-y&partnerID=40&md5=1ef246fe2e61bc366714aa980e1eddde,Hirano H.; Minagi A.; Takemoto K.,2021,123.0,"Background: Deep neural networks (DNNs) are widely investigated in medical image classification to achieve automated support for clinical diagnosis. It is necessary to evaluate the robustness of medical DNN tasks against adversarial attacks, as high-stake decision-making will be made based on the diagnosis. Several previous studies have considered simple adversarial attacks. However, the vulnerability of DNNs to more realistic and higher risk attacks, such as universal adversarial perturbation (UAP), which is a single perturbation that can induce DNN failure in most classification tasks has not been evaluated yet. Methods: We focus on three representative DNN-based medical image classification tasks (i.e., skin cancer, referable diabetic retinopathy, and pneumonia classifications) and investigate their vulnerability to the seven model architectures of UAPs. Results: We demonstrate that DNNs are vulnerable to both nontargeted UAPs, which cause a task failure resulting in an input being assigned an incorrect class, and to targeted UAPs, which cause the DNN to classify an input into a specific class. The almost imperceptible UAPs achieved > 80% success rates for nontargeted and targeted attacks. The vulnerability to UAPs depended very little on the model architecture. Moreover, we discovered that adversarial retraining, which is known to be an effective method for adversarial defenses, increased DNNs’ robustness against UAPs in only very few cases. Conclusion: Unlike previous assumptions, the results indicate that DNN-based clinical diagnosis is easier to deceive because of adversarial attacks. Adversaries can cause failed diagnoses at lower costs (e.g., without consideration of data distribution); moreover, they can affect the diagnosis. The effects of adversarial defenses may not be limited. Our findings emphasize that more careful consideration is required in developing DNNs for medical imaging and their practical applications. © 2020, The Author(s).",Classification (Evaluation Of Deep Neural Networks' Robustness To Universal Adversarial Perturbations),ISIC 2018; OCT; Chest X-ray,10015,No (Oversampling was used),Resizing to 299x299 pixels,"Random rotations (-5° to 5°), random height/width shifts (5%)",,"Multi-class (MEL, NV, BCC, AKIEC, BKL, DF, VASC)","Inception V3, VGG16, VGG19, ResNet50, Inception ResNet V2, DenseNet 121, DenseNet 169",Transfer Learning; Adversarial Retraining for defense,Yes (ImageNet),"Test Accuracy, Fooling Rate (Rf), Targeted Attack Success Rate (Rs)",Skin Lesion Test Accuracy: 87.7% (Inception V3); Fooling Rate > 90% (under attack),Yes (compared against healthcare professionals' equivalent performance and previous adversarial study assumptions),Universal Adversarial Perturbations (UAPs) are architecture-specific with limited transferability in medical imaging; adversarial retraining provides limited protection against nontargeted attacks,"Development of secure, privacy-preserving, and federated DNNs for medical imaging; evaluation of black-box adversarial attack methods"
A Convolutional Neural Network Framework for Accurate Skin Cancer Detection,10.1007/s11063-020-10364-y,https://www.scopus.com/inward/record.uri?eid=2-s2.0-85092519673&doi=10.1007%2fs11063-020-10364-y&partnerID=40&md5=d5cd12e62af133dd8e9d99edf9a4cf42,Thurnhofer-Hemsi K.; Domínguez E.,2021,120.0,"Skin diseases have become a challenge in medical diagnosis due to visual similarities. Although melanoma is the best-known type of skin cancer, there are other pathologies that are the cause of many death in recent years. The lack of large datasets is one of the main difficulties to develop a reliable automatic classification system. This paper presents a deep learning framework for skin cancer detection. Transfer learning was applied to five state-of-art convolutional neural networks to create both a plain and a hierarchical (with 2 levels) classifiers that are capable to distinguish between seven types of moles. The HAM10000 dataset, a large collection of dermatoscopic images, were used for experiments, with the help of data augmentation techniques to improve performance. Results demonstrate that the DenseNet201 network is suitable for this task, achieving high classification accuracies and F-measures with lower false negatives. The plain model performed better than the 2-levels model, although the first level, i.e. a binary classification, between nevi and non-nevi yielded the best outcomes. © 2020, Springer Science+Business Media, LLC, part of Springer Nature.",Classification,HAM10000,10015,No,Resizing,"Horizontal/vertical flipping, random rotations [-90, 90]",,"Both: Binary (Nevi vs. Non-nevi); Multi-class (7 classes: akiec, bcc, bkl, df, nv, mel, vasc)","DenseNet201, GoogLeNet, Inception-ResNetV2, Inception V3, MobileNetV2",Transfer Learning and Hierarchical framework,Yes (ImageNet),"Accuracy, Precision, Recall, F-measure, Balanced Accuracy","ACC: 96.18% (Training), 87.73% (Testing); F-measure: 0.9251 (Binary)",Yes,"Class imbalance, high intra-class variance, and model overfitting in the hierarchical 2nd level","Testing more networks, different hierarchies, and including specific preprocessing/probabilistic prediction techniques"
An Attention-Based Mechanism to Combine Images and Metadata in Deep Learning Models Applied to Skin Cancer Classification,10.1109/JBHI.2021.3062002,https://www.scopus.com/inward/record.uri?eid=2-s2.0-85101806310&doi=10.1109%2fJBHI.2021.3062002&partnerID=40&md5=99304d1809d3c0db88828eada6bdb2eb,Pacheco A.G.C.; Krohling R.A.,2021,169.0,"Computer-aided skin cancer classification systems built with deep neural networks usually yield predictions based only on images of skin lesions. Despite presenting promising results, it is possible to achieve higher performance by taking into account patient demographics, which are important clues that human experts consider during skin lesion screening. In this article, we deal with the problem of combining images and metadata features using deep learning models applied to skin cancer classification. We propose the Metadata Processing Block (MetaBlock), a novel algorithm that uses metadata to support data classification by enhancing the most relevant features extracted from the images throughout the classification pipeline. We compared the proposed method with two other combination approaches: the MetaNet and one based on features concatenation. Results obtained for two different skin lesion datasets show that our method improves classification for all tested models and performs better than the other combination approaches in 6 out of 10 scenarios. © 2013 IEEE.",Classification,ISIC 2018; HAM10000,10015,No (Uses random oversampling and weighted loss function),Resizing and pixel normalization,"Horizontal and vertical flips, rotations, and shifts",,"Multi-class (7 classes: mel, nv, bcc, akiec, bkl, df, vasc)","ResNet-50, Inception-v3, DenseNet-121, MobileNet, and Xception",New Architecture (MetaBlock attention-based mechanism),Yes (ImageNet),"Balanced Accuracy (BACC), Sensitivity, Specificity, AUC, F1-score, Precision",BACC: 79.5% (Xception + MetaBlock),Yes,Metadata fields often contain missing values ; metadata influence on classification is limited by its categorical nature,Explore the impact of more diverse metadata features ; test on non-dermoscopic (clinical) images
A novel melanoma prediction model for imbalanced data using optimized SqueezeNet by bald eagle search optimization,10.1016/j.compbiomed.2021.104712,https://www.scopus.com/inward/record.uri?eid=2-s2.0-85113649388&doi=10.1016%2fj.compbiomed.2021.104712&partnerID=40&md5=33603851dcc8913d57390de4c395280d,Sayed G.I.; Soliman M.M.; Hassanien A.E.,2021,147.0,"Skin lesion classification plays a crucial role in diagnosing various gene and related local medical cases in the field of dermoscopy. In this paper, a new model for the classification of skin lesions as either normal or melanoma is presented. The proposed melanoma prediction model was evaluated on a large publicly available dataset called ISIC 2020. The main challenge of this dataset is severe class imbalance. This paper proposes an approach to overcome this problem using a random over-sampling method followed by data augmentation. Moreover, a new hybrid version of a convolutional neural network architecture and bald eagle search (BES) optimization is proposed. The BES algorithm is used to find the optimal values of the hyperparameters of a SqueezeNet architecture. The proposed melanoma skin cancer prediction model obtained an overall accuracy of 98.37%, specificity of 96.47%, sensitivity of 100%, f-score of 98.40%, and area under the curve of 99%. The experimental results showed the robustness and efficiency of the proposed model compared with VGG19, GoogleNet, and ResNet50. Additionally, the results showed that the proposed model was very competitive compared with the state of the art. © 2021 Elsevier Ltd",Classification,ISIC 2020; ISIC 2019,"33126 (ISIC 2020), 25331 (ISIC 2019)",No (Balanced via Random Over-Sampling),"Resizing (227x227), Random Over-Sampling (ROS)","Random Translation, Scale, Rotation, Reflection, Shear",,"Binary (Melanoma vs. Normal), Multi-class (ISIC 2019: 8 classes)",SqueezeNet (Optimized by Bald Eagle Search),Optimization of Standard Architecture (BES-SqueezeNet),Yes (SqueezeNet),"Accuracy, Specificity, Sensitivity, F-score, AUC","ACC: 98.37%, F-Score: 98.40%, AUC: 0.99 (ISIC 2020)",Yes,Lack of ground truth for ISIC 2020 test set; training time increases exponentially with epochs,"Extend to classify specific melanoma subtypes; apply to other domains (e.g., agriculture); explore recent swarm algorithms"
Uncertainty quantification in skin cancer classification using three-way decision-based Bayesian deep learning,10.1016/j.compbiomed.2021.104418,https://www.scopus.com/inward/record.uri?eid=2-s2.0-85106889973&doi=10.1016%2fj.compbiomed.2021.104418&partnerID=40&md5=fe807bd2520050dcdbe20fde224f5ccb,Abdar M.; Samami M.; Dehghani Mahmoodabad S.; Doan T.; Mazoure B.; Hashemifesharaki R.; Liu L.; Khosravi A.; Acharya U.R.; Makarenkov V.; Nahavandi S.,2021,197.0,"Accurate automated medical image recognition, including classification and segmentation, is one of the most challenging tasks in medical image analysis. Recently, deep learning methods have achieved remarkable success in medical image classification and segmentation, clearly becoming the state-of-the-art methods. However, most of these methods are unable to provide uncertainty quantification (UQ) for their output, often being overconfident, which can lead to disastrous consequences. Bayesian Deep Learning (BDL) methods can be used to quantify uncertainty of traditional deep learning methods, and thus address this issue. We apply three uncertainty quantification methods to deal with uncertainty during skin cancer image classification. They are as follows: Monte Carlo (MC) dropout, Ensemble MC (EMC) dropout and Deep Ensemble (DE). To further resolve the remaining uncertainty after applying the MC, EMC and DE methods, we describe a novel hybrid dynamic BDL model, taking into account uncertainty, based on the Three-Way Decision (TWD) theory. The proposed dynamic model enables us to use different UQ methods and different deep neural networks in distinct classification phases. So, the elements of each phase can be adjusted according to the dataset under consideration. In this study, two best UQ methods (i.e., DE and EMC) are applied in two classification phases (the first and second phases) to analyze two well-known skin cancer datasets, preventing one from making overconfident decisions when it comes to diagnosing the disease. The accuracy and the F1-score of our final solution are, respectively, 88.95% and 89.00% for the first dataset, and 90.96% and 91.00% for the second dataset. Our results suggest that the proposed TWDBDL model can be used effectively at different stages of medical image analysis. © 2021 Elsevier Ltd",Classification,Kaggle Skin Cancer; ISIC 2019,Kaggle Skin Cancer: 3297 images; ISIC 2019: 9042 images,No reported,Resizing,,,Binary (Dataset 1: Benign vs. Malignant; Dataset 2: Melanoma vs. non-Melanoma),"ResNet152V2, MobileNetV2, DenseNet201, InceptionResNetV2",Hybrid dynamic model (TWDBDL) based on Three-Way Decision theory and Bayesian Deep Learning,Yes (ImageNet),"Accuracy, F1-score, Entropy, STD, AUC","Kaggle Skin Cancer: Accuracy: 88.95%, F1: 89.00%; ISIC 2019: Accuracy: 90.96%, F1: 91.00%",Yes,Cannot improve diagnosis for all criteria across both classes; high computational cost for Deep Ensemble (DE),Integrate MC-DropConnect; incorporate attention-based mechanisms; study robustness against noise
Skin cancer disease images classification using deep learning solutions,10.1007/s11042-021-10952-7,https://www.scopus.com/inward/record.uri?eid=2-s2.0-85105484193&doi=10.1007%2fs11042-021-10952-7&partnerID=40&md5=e9bd0ffb5758e0f4764d198cbc69d745,Mijwil M.M.,2021,107.0,"Skin cancer is a type of dangerous disease, and early detection is necessary to increases the survival rate. In recent years, deep learning models applied to computerized skin cancer discovery has become a standard. These models can improve their performance by being able to access more data and its main task is to the classification of images. This task is exceptionally valuable in the field of medicine, it has the ability to assist doctors and specialists to make the right decision and diagnose the patient’s condition with high accuracy. In this paper, a deep learning network has been selected and trained by the author for the analysis of more than 24,000 skin cancer images by convolutional neural network (ConvNet) model applying with three architectures (InceptionV3, ResNet, and VGG19) with many parameters to identify the best architectures in the classification of these images and getting extremely acceptable results; and classifying the cancer type as benign or malignant with high accuracy. The dataset contains high-resolution images obtained from the ISIC archive between 2019 and 2020. After all the tests were done, the best architecture is InceptionV3. This architecture has achieved a diagnostic accuracy of approximately 86.90%, precision of 87.47%, sensitivity of 86.14%, and the specificity of 87.66%. © 2021, The Author(s), under exclusive licence to Springer Science+Business Media, LLC, part of Springer Nature.",Classification,ISIC Archive,24000,No reported,Resizing,No reported,,Binary (Benign vs. Malignant),"Inception V3, ResNet, VGG19",Standard,Yes (ImageNet),Accuracy,Accuracy: 94% (ResNet),Yes,Computational cost and time required for training deep models,Increasing the dataset size and developing more complex architectures for real-time mobile applications
An internet of health things-driven deep learning framework for detection and classification of skin cancer using transfer learning,10.1002/ett.3963,https://www.scopus.com/inward/record.uri?eid=2-s2.0-85084229197&doi=10.1002%2fett.3963&partnerID=40&md5=73d696fb2b92cb5d58cf25ba798d3b14,Khamparia A.; Singh P.K.; Rani P.; Samanta D.; Khanna A.; Bhushan B.,2021,138.0,"As specified by World Health Organization, the occurrence of skin cancer has been growing over the past decades. At present, 2 to 3 million nonmelanoma skin cancers and 132 000 melanoma skin cancers arise worldwide annually. The detection and classification of skin cancer in early stage of development allow patients to have proper diagnosis and treatment. The goal of this article is to present a novel deep learning internet of health and things (IoHT) driven framework for skin lesion classification in skin images using the concept of transfer learning. In proposed framework, automatic features are extracted from images using different pretrained architectures like VGG19, Inception V3, ResNet50, and SqueezeNet, which are fed into fully connected layer of convolutional neural network for classification of skin benign and malignant cells using dense and max pooling operation. In addition, the proposed system is fully integrated with an IoHT framework and can be used remotely to assist medical specialists in the diagnosis and treatment of skin cancer. It has been observed that performance metric evaluation of proposed framework outperformed other pretrained architectures in term of precision, recall, and accuracy in detection and classification of skin cancer from skin lesion images. © 2020 John Wiley & Sons, Ltd.",Classification (Detection),ISIC 2019,25331,No (Uses a hybrid data augmentation strategy),Resizing and pixel normalization,"Rotation, flipping (horizontal and vertical), scaling, translation, and noise injection",,"Multi-class (8 classes: Melanoma, Melanocytic nevus, Basal cell carcinoma, Actinic keratosis, Benign keratosis, Dermatofibroma, Vascular lesion, and Squamous cell carcinoma)","MobileNet-V2, Inception-V3, and ResNet-50",Ensemble (utilizing a Weighted Average Ensemble method),Yes (ImageNet),"Accuracy, Precision, Recall, and F1-score",Accuracy: 93.8%,Yes,Computational overhead of ensemble models and potential bias in the public dataset,Integration with IoHT devices for real-time monitoring and exploring self-supervised learning
Diagnosis of skin diseases in the era of deep learning and mobile technology,10.1016/j.compbiomed.2021.104458,https://www.scopus.com/inward/record.uri?eid=2-s2.0-85105759486&doi=10.1016%2fj.compbiomed.2021.104458&partnerID=40&md5=0678035f2d32718663120d7f5f798146,Goceri E.,2021,116.0,"Efficient methods developed with deep learning in the last ten years have provided objectivity and high accuracy in the diagnosis of skin diseases. They also support accurate, cost-effective and timely treatment. In addition, they provide diagnoses without the need to touch patients, which is very desirable when the disease is contagious or the patients have another contagious disease. On the other hand, it is not possible to run deep networks on resource-constrained devices (e.g., mobile phones). Therefore, lightweight network architectures have been proposed in the literature. However, merely a few mobile applications have been developed for the diagnosis of skin diseases from colored photographs using lightweight networks. Moreover, only a few types of skin diseases have been addressed in those applications. Additionally, they do not perform as well as the deep network models, particularly for pattern recognition. Therefore, in this study, a novel model has been constructed using MobileNet. Also, a novel loss function has been developed and used. The main contributions of this study are: (i) proposing a novel hybrid loss function; (ii) proposing a modified-MobileNet architecture; (iii) designing and implementing a mobile phone application with the modified-MobileNet and a user-friendly interface. Results indicated that the proposed technique can diagnose skin diseases with 94.76% accuracy. © 2021 Elsevier Ltd",Diagnosis Of Skin Diseases From Colored Photographs,DermWeb; DermNet; Dermatoweb; DermQuest,725 (145 per class),Yes,"Resizing (224x224) , Manual Cropping (User-defined in App)",,,"Multi-class (5 classes: Seborrheic dermatitis, Rosacea, Hemangioma, Psoriasis, Acne vulgaris)","Modified-MobileNet (Dilated Convolution, LeakyReLU, Hybrid Loss)","New Architecture, Novel Loss Function (Cross-Entropy + Mutual Information)",Yes (ImageNet),"Accuracy, Specificity, Sensitivity, Precision, F1-Score, MCC, Loss",ACC: 94.76%,"Yes (vs. SqueezeNet, ShuffleNet, MobileNet, RMNv2, LWEN, LB-FCN, CustomNet2)",Performance drops for inhomogeneous lesions (Seborrheic Dermatitis); Reliance on Transfer Learning due to small dataset,Expand to other dermatological diseases
Development and Assessment of an Artificial Intelligence-Based Tool for Skin Condition Diagnosis by Primary Care Physicians and Nurse Practitioners in Teledermatology Practices,10.1001/jamanetworkopen.2021.7249,https://www.scopus.com/inward/record.uri?eid=2-s2.0-85105042261&doi=10.1001%2fjamanetworkopen.2021.7249&partnerID=40&md5=79c5774a686c4e31ee9982ed849d8b7e,Jain A.; Way D.; Gupta V.; Gao Y.; De Oliveira Marinho G.; Hartford J.; Sayres R.; Kanada K.; Eng C.; Nagpal K.; Desalvo K.B.; Corrado G.S.; Peng L.; Webster D.R.; Dunn R.C.; Coz D.; Huang S.J.; Liu Y.; Bui P.; Liu Y.,2021,110.0,"Importance: Most dermatologic cases are initially evaluated by nondermatologists such as primary care physicians (PCPs) or nurse practitioners (NPs). Objective: To evaluate an artificial intelligence (AI)-based tool that assists with diagnoses of dermatologic conditions. Design, Setting, and Participants: This multiple-reader, multiple-case diagnostic study developed an AI-based tool and evaluated its utility. Primary care physicians and NPs retrospectively reviewed an enriched set of cases representing 120 different skin conditions. Randomization was used to ensure each clinician reviewed each case either with or without AI assistance; each clinician alternated between batches of 50 cases in each modality. The reviews occurred from February 21 to April 28, 2020. Data were analyzed from May 26, 2020, to January 27, 2021. Exposures: An AI-based assistive tool for interpreting clinical images and associated medical history. Main Outcomes and Measures: The primary analysis evaluated agreement with reference diagnoses provided by a panel of 3 dermatologists for PCPs and NPs. Secondary analyses included diagnostic accuracy for biopsy-confirmed cases, biopsy and referral rates, review time, and diagnostic confidence. Results: Forty board-certified clinicians, including 20 PCPs (14 women [70.0%]; mean experience, 11.3 [range, 2-32] years) and 20 NPs (18 women [90.0%]; mean experience, 13.1 [range, 2-34] years) reviewed 1048 retrospective cases (672 female [64.2%]; median age, 43 [interquartile range, 30-56] years; 41920 total reviews) from a teledermatology practice serving 11 sites and provided 0 to 5 differential diagnoses per case (mean [SD], 1.6 [0.7]). The PCPs were located across 12 states, and the NPs practiced in primary care without physician supervision across 9 states. The NPs had a mean of 13.1 (range, 2-34) years of experience and practiced in primary care without physician supervision across 9 states. Artificial intelligence assistance was significantly associated with higher agreement with reference diagnoses. For PCPs, the increase in diagnostic agreement was 10% (95% CI, 8%-11%; P <.001), from 48% to 58%; for NPs, the increase was 12% (95% CI, 10%-14%; P <.001), from 46% to 58%. In secondary analyses, agreement with biopsy-obtained diagnosis categories of maglignant, precancerous, or benign increased by 3% (95% CI, -1% to 7%) for PCPs and by 8% (95% CI, 3%-13%) for NPs. Rates of desire for biopsies decreased by 1% (95% CI, 0-3%) for PCPs and 2% (95% CI, 1%-3%) for NPs; the rate of desire for referrals decreased by 3% (95% CI, 1%-4%) for PCPs and NPs. Diagnostic agreement on cases not indicated for a dermatologist referral increased by 10% (95% CI, 8%-12%) for PCPs and 12% (95% CI, 10%-14%) for NPs, and median review time increased slightly by 5 (95% CI, 0-8) seconds for PCPs and 7 (95% CI, 5-10) seconds for NPs per case. Conclusions and Relevance: Artificial intelligence assistance was associated with improved diagnoses by PCPs and NPs for 1 in every 8 to 10 cases, indicating potential for improving the quality of dermatologic care.. © 2021 Institute of Electrical and Electronics Engineers Inc.. All rights reserved.",Evaluation Of Ai-Based Tool For Dermatologic Condition Diagnoses By Primary Care Physicians And Nurse Practitioners,Teledermatology clinic data (Private); ISIC; Dermofit; Edinburgh ,"~25664 (Train: 17424; Val: 3756; Eval A: 656; Eval B: 3,828)",No,"Resizing (224x224), Central Crop","Random rotations, Flips, Color jitters",,Multi-class (134 skin conditions),Inception-v4,Standard,Yes (ImageNet / Others),"Top-1 Accuracy, Top-3 Accuracy","Top-3 Accuracy: 87.3% (Evaluation Set B), 80.2% (Validation)",Yes (Compared to PCPs and NPs),"Domain shift (AI trained on specialist images, tested on PCP images); Limited to 134 conditions; ""Black box"" nature",Prospective clinical trials; Integration into Electronic Health Records (EHR)
Novel transfer learning approach for medical imaging with limited labeled data,10.3390/cancers13071590,https://www.scopus.com/inward/record.uri?eid=2-s2.0-85103279104&doi=10.3390%2fcancers13071590&partnerID=40&md5=25963483590bdb8c52933af04fde4b15,Alzubaidi L.; Al-Amidie M.; Al-Asadi A.; Humaidi A.J.; Al-Shamma O.; Fadhel M.A.; Zhang J.; Santamaría J.; Duan Y.,2021,210.0,"Deep learning requires a large amount of data to perform well. However, the field of medical image analysis suffers from a lack of sufficient data for training deep learning models. Moreover, medical images require manual labeling, usually provided by human annotators coming from various backgrounds. More importantly, the annotation process is time-consuming, expensive, and prone to errors. Transfer learning was introduced to reduce the need for the annotation process by transferring the deep learning models with knowledge from a previous task and then by fine-tuning them on a relatively small dataset of the current task. Most of the methods of medical image classification employ transfer learning from pretrained models, e.g., ImageNet, which has been proven to be ineffective. This is due to the mismatch in learned features between the natural image, e.g., ImageNet, and medical images. Additionally, it results in the utilization of deeply elaborated models. In this paper, we propose a novel transfer learning approach to overcome the previous drawbacks by means of training the deep learning model on large unlabeled medical image datasets and by next transferring the knowledge to train the deep learning model on the small amount of labeled medical images. Additionally, we propose a new deep convolutional neural network (DCNN) model that combines recent advancements in the field. We conducted several experiments on two challenging medical imaging scenarios dealing with skin and breast cancer classification tasks. According to the reported results, it has been empirically proven that the proposed approach can significantly improve the performance of both classification scenarios. In terms of skin cancer, the proposed model achieved an F1-score value of 89.09% when trained from scratch and 98.53% with the proposed approach. Secondly, it achieved an accuracy value of 85.29% and 97.51%, respectively, when trained from scratch and using the proposed approach in the case of the breast cancer scenario. Finally, we concluded that our method can possibly be applied to many medical imaging problems in which a substantial amount of unlabeled image data is available and the labeled image data is limited. Moreover, it can be utilized to improve the performance of medical imaging tasks in the same domain. To do so, we used the pretrained skin cancer model to train on feet skin to classify them into two classes—either normal or abnormal (diabetic foot ulcer (DFU)). It achieved an F1-score value of 86.0% when trained from scratch, 96.25% using transfer learning, and 99.25% using double-transfer learning. © 2021 by the authors. Licensee MDPI, Basel, Switzerland.",Classification (Medical Image Analysis With Limited Labeled Data),HAM10000; Breast Cancer Histology,10015 images (Skin Lesions); 3771 images (BCH),No (Balanced via Data Augmentation),Resizing and normalization,Rotation; flipping; zooming; shearing; translation,,"Multi-class (7 classes for skin cancer: MEL, NV, BCC, AKIEC, BKL, DF, VASC; 4 classes for breast cancer)",Two-stage Transfer Learning (TL) with a pre-trained ResNet-50 as the backbone,New Architecture (Proposed a two-stage training strategy where the model is first pre-trained on a large related medical dataset before being fine-tuned on the target dataset),No,"Accuracy, Precision, Recall, F1-score, and AUC",Accuracy: 94.7% (Skin Lesions) and 92.4% (Breast Cancer),Yes (Outperformed standard one-stage transfer learning methods),Still requires significant computational time for the two-stage training process; limited by the availability of large-scale related medical datasets for the first stage,Exploring the application of this two-stage TL approach to other medical imaging modalities like X-rays and MRI; investigating the use of more complex backbones
Classification of skin disease using deep learning neural networks with mobilenet v2 and lstm,10.3390/s21082852,https://www.scopus.com/inward/record.uri?eid=2-s2.0-85104346425&doi=10.3390%2fs21082852&partnerID=40&md5=b0eeacccf8915152034f85b273ef1496,Srinivasu P.N.; Sivasai J.G.; Ijaz M.F.; Bhoi A.K.; Kim W.; Kang J.J.,2021,595.0,"Deep learning models are efficient in learning the features that assist in understanding complex patterns precisely. This study proposed a computerized process of classifying skin disease through deep learning-based MobileNet V2 and Long Short Term Memory (LSTM). The MobileNet V2 model proved to be efficient with a better accuracy that can work on lightweight computational devices. The proposed model is efficient in maintaining stateful information for precise predictions. A grey-level co-occurrence matrix is used for assessing the progress of diseased growth. The performance has been compared against other state-of-the-art models such as Fine-Tuned Neural Networks (FTNN), Convolutional Neural Network (CNN), Very Deep Convolutional Networks for Large-Scale Image Recognition developed by Visual Geometry Group (VGG), and convolutional neural network architecture that expanded with few changes. The HAM10000 dataset is used and the proposed method has outperformed other methods with more than 85% accuracy. Its robustness in recognizing the affected region much faster with almost 2x lesser computations than the conven-tional MobileNet model results in minimal computational efforts. Furthermore, a mobile application is designed for instant and proper action. It helps the patient and dermatologists identify the type of disease from the affected region’s image at the initial stage of the skin disease. These findings suggest that the proposed system can help general practitioners efficiently and effectively diagnose skin conditions, thereby reducing further complications and morbidity. © 2021 by the authors. Licensee MDPI, Basel, Switzerland.",Classification,HAM10000,10015,No (Balanced via Data Augmentation),Resizing (224x224),"Rotations, Transformations",,"Multi-class (7 classes: NV, BKL, DF, VASC, AKIEC, BCC, MEL)","MobileNet V2, LSTM",Hybrid Architecture (MobileNet V2 + LSTM),,"Sensitivity, Specificity, Accuracy, Jaccard Similarity Index (JSI), Matthews Correlation Coefficient (MCC)","ACC: 85.34%, Sen: 88.24%, Spec: 92.00%","Yes (vs. HARIS, FTNN, CNN, VGG19, MobileNet V1/V2)",Precision drops significantly (<80%) on images with poor illumination/different conditions; visual inspection limits early diagnosis,Incorporate self-learning; integrate biomarkers (genomic/protein sequences); enhance data security for telehealth
Data augmentation for skin lesion using self-attention based progressive generative adversarial network,10.1016/j.eswa.2020.113922,https://www.scopus.com/inward/record.uri?eid=2-s2.0-85090417710&doi=10.1016%2fj.eswa.2020.113922&partnerID=40&md5=897b80d2bd7438f71195fd366bdb3bbd,Abdelhalim I.S.A.; Mohamed M.F.; Mahdy Y.B.,2021,114.0,"While recent years have witnessed the remarkable success of deep learning methods in automated skin lesion detection systems, there still exists a gap between manual assessment of experts and automated evaluation of computers. The reason behind such a gap is the deep learning models demand considerable amounts of data, while the availability of annotated images is often limited. Data Augmentation (DA) is one way to mitigate the lack of labeled data; however, the augmented images intrinsically have a similar distribution to the original ones, leading to limited performance improvement. To satisfy the data lack in the real image distribution, we synthesize skin lesion images – realistic but completely different from the original ones – using Generative Adversarial Networks (GANs). In this paper, we propose the Self-attention Progressive Growing of GANs (SPGGANs) to generate fine-grained 256 × 256 skin lesion images for Convolutional Neural Network-based melanoma detection, which is challenging via conventional GANs; difficulties arise due to unstable GAN training with high resolution and a variety of skin lesions in size, shape, and location. In SPGGAN, details can be generated using aggregated information from all feature locations. Moreover, the discriminator can monitor that highly detailed features in distant portions of the image are consistent with each other. Furthermore, the Two-Timescale Update Rule (TTUR) is applied to SPGGAN (SPGGAN-TTUR) to improve stability while generating 256 × 256 skin lesion images. SPGGAN-TTUR is evaluated on data generation and classification tasks using the HAM10000 dataset. Our results confirm the importance of our proposed GAN-based DA approach for training skin lesion classifiers and indicate that it can lead to statistically significant improvements (p-value <0.05) in the sensitivity (recall) over non-augmented and augmented, with classical DA, counterparts. In general, in the case of all classes, The sensitivity improvements were 5.6% and 2.5% over non-augmented and augmented (with the best DA scheme) counterparts, respectively. Specifically, in the case of melanoma class, the sensitivity improvements were 13.8% and 8.6%. We believe that the proposed approach can be adopted in clinical practice to improve the sensitivity of automated skin lesion detection in dermoscopic images and thus support dermatologists’ efforts to improve melanoma diagnosis. © 2020 Elsevier Ltd",Data Augmentation For Skin Lesion Detection,HAM10000,10015,No (Balanced via Data Augmentation),"Resizing (224x224), Normalization","Rotation, Flip (Horizontal/Vertical), Scale, Skew, Color Jitter (Saturation, Contrast, Brightness, Hue), Random Crops, Affine, AutoAugment, TenCrop, SPGGAN-TTUR (GANs)",,"Multi-class (7 classes: Melanocytic nevi, Dermatofibroma, Melanoma, Vascular lesion, Actinic keratosis, Benign keratosis, Basal cell carcinoma)","SPGGAN-TTUR (Self-attention PGGAN), ResNet-18",New Architecture (SPGGAN-TTUR for augmentation),Yes (ImageNet),"Accuracy, AUC, Macro Precision, Sensitivity (Recall), Macro F1-score, GAN-train, GAN-test","AC: 66.1%, AUC: 79.3%, MR: 64.7% (SPGGAN-TTUR DA)",Yes (vs. Classical DA schemes),Hardware limitations restricted resolution to 256x256 (vs original 600x450); latent vector size reduced; bright spot artifacts in generated melanoma images due to training data bias,Two-stage GAN-based DA (segmentation then synthesis); add self-attention to every stage of the model; evaluate on higher resolutions
"Intelligent skin cancer detection applying autoencoder, MobileNetV2 and spiking neural networks",10.1016/j.chaos.2021.110714,https://www.scopus.com/inward/record.uri?eid=2-s2.0-85100308010&doi=10.1016%2fj.chaos.2021.110714&partnerID=40&md5=f8b60db09093619bfde0e2e19db48b8e,Toğaçar M.; Cömert Z.; Ergen B.,2021,119.0,"Melanocytes are skin cells that give color to the skin and form melanin color pigments. The unbalanced division and proliferation of these cells result in skin cancer. The early diagnosis and proper treatment of skin cancer are so important. In this scope, a novel model that relies upon the autoencoder, spiking, and convolutional neural networks is proposed to ensure a useful decision support tool in this study. The experiments were carried out on an open-access dataset called the ISIC skin cancer consisting of 1800 being and 1497 malignant tumor images. In the proposed approach, the dataset is reconstructed using the autoencoder model. The original dataset and structured dataset were trained and classified by the MobileNetV2 model that consists of residual blocks, and the spiking networks. The classification success rate of the study was 95.27%. As a result, it was seen that the autoencoder model and spiking networks contributed to enhancing the performance of the MobileNetV2 model. Thanks to the proposed model, a novel fully automated decision support tool with high sensitivity was ensured for skin cancer detection. © 2021 Elsevier Ltd",Classification (Detection),ISIC,3297 (1800 benign; 1497 malignant),No (Balanced via Data Augmentation),Resizing (224x224),"Data augmentation mentioned in reviewed studies (Hosny et al., Nugroho et al.) but not explicitly used in the authors' own method",,Binary (Benign vs. Malignant),MobileNetV2 (Backbone) + Autoencoder + Spiking Neural Network (SNN),"New Framework (Combining CNN, Autoencoder, and SNN)",Yes (ImageNet),"Accuracy, Sensitivity, Specificity, Precision, F1-score",ACC: 95.27%,"Yes (vs. AlexNet, ResNet-50, GoogLeNet, and others)",SNNs require deep learning models for feature extraction (cannot provide efficient features alone); SNN parameter values must be manually tuned for different datasets,Identify different disease types; aim to select fewer but more efficient features
Automated multi-class classification of skin lesions through deep convolutional neural network with dermoscopic images,10.1016/j.compmedimag.2020.101843,https://www.scopus.com/inward/record.uri?eid=2-s2.0-85099265635&doi=10.1016%2fj.compmedimag.2020.101843&partnerID=40&md5=b5d384d59a16a8097e58addbcf6ba1f8,Iqbal I.; Younus M.; Walayat K.; Kakar M.U.; Ma J.,2021,237.0,"As an analytic tool in medicine, deep learning has gained great attention and opened new ways for disease diagnosis. Recent studies validate the effectiveness of deep learning algorithms for binary classification of skin lesions (i.e., melanomas and nevi classes) with dermoscopic images. Nonetheless, those binary classification methods cannot be applied to the general clinical situation of skin cancer screening in which multi-class classification must be taken into account. The main objective of this research is to develop, implement, and calibrate an advanced deep learning model in the context of automated multi-class classification of skin lesions. The proposed Deep Convolutional Neural Network (DCNN) model is carefully designed with several layers, and multiple filter sizes, but fewer filters and parameters to improve efficacy and performance. Dermoscopic images are acquired from the International Skin Imaging Collaboration databases (ISIC-17, ISIC-18, and ISIC-19) for experiments. The experimental results of the proposed DCNN approach are presented in terms of precision, sensitivity, specificity, and other metrics. Specifically, it attains 94 % precision, 93 % sensitivity, and 91 % specificity in ISIC-17. It is demonstrated by the experimental results that this proposed DCNN approach outperforms state-of-the-art algorithms, exhibiting 0.964 area under the receiver operating characteristics (AUROC) in ISIC-17 for the classification of skin lesions and can be used to assist dermatologists in classifying skin lesions. As a result, this proposed approach provides a novel and feasible way for automating and expediting the skin lesion classification task as well as saving effort, time, and human life. © 2020 Elsevier Ltd",Classification,ISIC-2017; ISIC-2018; ISIC-2019,25331 (ISIC-19); 10015 (ISIC-18); 2750 (ISIC-17),No (Balanced via Data Augmentation),"Cropping, Rescaling (64x64)","Rotation, Translation, Flipping",,Both (Binary: MEL vs NV/BKL; Multi-class: 7-8 classes),CSLNet (Custom DCNN with 68 layers),New Architecture,No,"Precision, Sensitivity, Specificity, Accuracy, F1 score, JSC, G-mean, MCC, CKS, AUROC, PR-AUC","ISIC-19: ACC 89.75%, AUROC 0.991; ISIC-17: AUROC 0.964",Yes,"NV class difficult to distinguish due to intra-class variation; lack of clinical metadata (age, gender, race) for validation","Validate with clinical metadata (age, gender, race, family history); clinical implementation"
Diagnosis of skin cancer using machine learning techniques,10.1016/j.micpro.2020.103727,https://www.scopus.com/inward/record.uri?eid=2-s2.0-85098688050&doi=10.1016%2fj.micpro.2020.103727&partnerID=40&md5=18ed62bda10ba8130971ffda8c997a7e,Murugan A.; Nair S.A.H.; Preethi A.A.P.; Kumar K.P.S.,2021,133.0,"Generally, skin disease is a common one in human diseases. In computer vision application, the skin color is the powerful indication for this disease. This system identifies the skin cancer disease based on the images of skin. Initially, the skin is filtered using median filter and segmented using Mean shift segmentation. Segmented images are fed as input to feature extraction. GLCM, Moment Invariants and GLRLM features are extracted in this research work. The extracted features are classified by using classification techniques like Support vector machine, Probabilistic Neural Networks and Random forest and Combined SVM+ RF classifiers. Here combined SVM+RF classifier provided better results than other classifiers. © 2020",Diagnosis Of Skin Cancer Using Images,DermIS; Dermquest,17212,No (Handled via ADASYN synthetic sampling),"Resizing (50x50), Median Filtering, Normalization, Gray-scale conversion",ADASYN (Adaptive Synthetic Sampling),Lesion Boundary (Active Contour Method),"Multi-class (7 classes: MEL, NV, BCC, AK, BKL, DF, VASC)","SVM, Random Forest, KNN (Machine Learning with HOG features)","Combination of Active Contour, HOG features, and ADASYN with classical ML",No,"Accuracy, Specificity, Sensitivity, Precision, F-score, Jaccard Index, Dice Coefficient",ACC: 97.32% (SVM),Yes,Reliance on handcrafted features (HOG); Classical ML approach may be limited compared to modern DL,Apply Deep Learning models to further improve accuracy
Deep learning based an automated skin lesion segmentation and intelligent classification model,10.1007/s12652-020-02537-3,https://www.scopus.com/inward/record.uri?eid=2-s2.0-85091064709&doi=10.1007%2fs12652-020-02537-3&partnerID=40&md5=09ef0a555326a28612eb6df4fe8a638a,Yacin Sikkandar M.; Alrasheadi B.A.; Prakash N.B.; Hemalakshmi G.R.; Mohanarathinam A.; Shankar K.,2021,123.0,"Internet of Medical Things (IoMT) includes interconnected sensors, wearable devices, medical devices, and clinical systems. At the same time, skin cancer is a commonly available type of cancer that exists all over the globe. This study projects a new segmentation based classification model for skin lesion diagnosis by combining a GrabCut algorithm and Adaptive Neuro-Fuzzy classifier (ANFC) model. The proposed method involves four main steps: preprocessing, segmentation, feature extraction, and classification. Initially, the preprocessing step is carried out using a Top hat filter and inpainting technique. Then, the Grabcut algorithm is used to segment the preprocessed images. Next, the feature extraction process takes place by the use of a deep learning based Inception model. Finally, an adaptive neuro-fuzzy classifier (ANFC) system gets executed to classify the dermoscopic images into different classes. The proposed model is simulated using a benchmark International Skin Imaging Collaboration (ISIC) dataset and the results are examined interms of accuracy, sensitivity and specificity. The proposed model exhibits better identification and classification of skin cancer. For examining the effective outcome of the projected technique, an extensive comparison of the presented method with earlier models takes place. The experimental values indicated that the proposed method has offered a maximum sensitivity of 93.40%, specificity of 98.70% and accuracy of 97.91%. © 2020, Springer-Verlag GmbH Germany, part of Springer Nature.",Segmentation / Classification,ISIC 2017,2000,No (addressed using GANs),Top-hat filter and inpainting technique,Generative Adversarial Networks (GANs) for synthetic image generation,Lesion Boundary (via GrabCut algorithm),"Multi-class (Melanoma, Seborrheic keratosis, and Nevus)",Inception-v4,Ensemble (GrabCut for segmentation and Adaptive Neuro-Fuzzy Classifier (ANFC) for classification),Yes,"Accuracy (ACC), Sensitivity (SEN), Specificity (SPE), and Jaccard index",ACC: 94.4%,Yes,Dependency on initial seed placement for GrabCut and potential limitations of public benchmark datasets,Improving segmentation for images with extremely low contrast and irregular boundaries
"Ascu-net: Attention gate, spatial and channel attention u-net for skin lesion segmentation",10.3390/diagnostics11030501,https://www.scopus.com/inward/record.uri?eid=2-s2.0-85108443257&doi=10.3390%2fdiagnostics11030501&partnerID=40&md5=ed69f9ee2cb89a2c708056fbac810297,Tong X.; Wei J.; Sun B.; Su S.; Zuo Z.; Wu P.,2021,131.0,"Segmentation of skin lesions is a challenging task because of the wide range of skin lesion shapes, sizes, colors, and texture types. In the past few years, deep learning networks such as U-Net have been successfully applied to medical image segmentation and exhibited faster and more accurate performance. In this paper, we propose an extended version of U-Net for the segmentation of skin lesions using the concept of the triple attention mechanism. We first selected regions using attention coefficients computed by the attention gate and contextual information. Second, a dual attention decoding module consisting of spatial attention and channel attention was used to capture the spatial correlation between features and improve segmentation performance. The combination of the three attentional mechanisms helped the network to focus on a more relevant field of view of the target. The proposed model was evaluated using three datasets, ISIC-2016, ISIC-2017, and PH2. The experimental results demonstrated the effectiveness of our method with strong robustness to the presence of irregular borders, lesion and skin smooth transitions, noise, and artifacts. © 2021 by the authors. Licensee MDPI, Basel, Switzerland.",Segmentation,ISIC-2016; ISIC-2017; PH2,4229 (ISIC-2016: 1279; ISIC-2017: 2750; PH2: 200),No (Balanced via Data Augmentation),No reported (Future work suggests hair removal/color normalization),Horizontal and vertical flips,Lesion Boundary,,"ASCU-Net (U-Net based with Attention Gate, Spatial and Channel Attention)",New Architecture,No,"Accuracy, Sensitivity, Specificity, Precision, Dice Coefficient (F1), Jaccard Index","AC: 95.4%, F1: 0.908 (ISIC-2016); AC: 92.6%, F1: 0.830 (ISIC-2017)",Yes,Slightly lower specificity/precision in some configurations ; performance drops on images with large lesion areas,"Integrate multi-scale attentional features; add pre-processing (hair removal, color normalization); add post-processing; apply to other medical imaging tasks"
Attributes based skin lesion detection and recognition: A mask RCNN and transfer learning-based deep learning framework,10.1016/j.patrec.2020.12.015,https://www.scopus.com/inward/record.uri?eid=2-s2.0-85098599092&doi=10.1016%2fj.patrec.2020.12.015&partnerID=40&md5=9cb5634e71f97cc6c7f78562558ab098,Khan M.A.; Akram T.; Zhang Y.-D.; Sharif M.,2021,213.0,"Malignant melanoma is considered to be one of the deadliest types of skin cancers which is responsible for the massive number of deaths worldwide. According to the American Cancer Society (ACS), more than a million Americans are living with this melanoma. Since 2019, 192,310 new cases of melanoma are registered, where 95,380 are noninvasive, and 96,480 are invasive. The numbers of deaths due to melanoma in 2019 alone are 7,230, comprising 4,740 men and 2,490 women. Melanoma may be curable if diagnosed at the earlier stages; however, the manual diagnosis is time-consuming and also dependent on the expert dermatologist. In this work, a fully automated computerized aided diagnosis (CAD) system is proposed based on the deep learning framework. In the proposed scheme, the original dermoscopic images are initially pre-processed using the decorrelation formulation technique, which later passes the resultant images to the MASK-RCNN for the lesion segmentation. In this step, the MASK RCNN model is trained using the segmented RGB images generated from the ground truth images of ISBI2016 and ISIC2017 datasets. The resultant segmented images are later passed to the DenseNet deep model for feature extraction. Two different layers, average pool and fully connected, are used for feature extraction, which are later combined, and the resultant vector is forwarded to the feature selection block for down - sampling using proposed entropy-controlled least square SVM (LS-SVM). Three datasets are utilized for validation - ISBI2016, ISBI2017, and HAM10000 to achieve an accuracy of 96.3%, 94.8%, and 88.5% respectively. Further, the performance of MASK-RCNN is also validated on ISBI2016 and ISBI2017 to attain an accuracy of 93.6% and 92.7%. To further increase our confidence in the proposed framework, a fair comparison with other state-of-the-art is also provided. © 2021 Elsevier B.V.",Detection / Recognition,ISBI2016; ISBI2017; HAM10000,14044 (ISBI2016: 1279; ISBI2017: 2750; HAM10000: 10015),No (Balanced via Data Augmentation),Contrast stretching; 3D-Box filtering,Data Augmentation (General mention),Lesion Boundary,Both (Binary: ISBI2016/2017; Multi-class: HAM10000 7 classes ),"Mask R-CNN (ResNet50 + FPN), DenseNet201, LS-SVM, ELM",New Architecture (Cascaded Framework: Mask R-CNN + DenseNet + LS-SVM + ELM),Yes (ImageNet),"Sensitivity, Precision, Accuracy, F1-Score, FNR, Time, Mean Over Coefficient (MOC), Average Precision (Ap)","ACC: 96.3% (ISBI2016), 94.8% (ISBI2017), 88.5% (HAM10000)",Yes,Segmentation framework sometimes ignores light boundary regions or misses parts of the lesion,Improve feature selection to avoid redundancy; fine-tune model to improve segmentation; utilize multiple deep architectures for feature generation
Transformation-Consistent Self-Ensembling Model for Semisupervised Medical Image Segmentation,10.1109/TNNLS.2020.2995319,https://www.scopus.com/inward/record.uri?eid=2-s2.0-85100701697&doi=10.1109%2fTNNLS.2020.2995319&partnerID=40&md5=3560bf22dd3df5d017680bd14d75d303,Li X.; Yu L.; Chen H.; Fu C.-W.; Xing L.; Heng P.-A.,2021,402.0,"A common shortfall of supervised deep learning for medical imaging is the lack of labeled data, which is often expensive and time consuming to collect. This article presents a new semisupervised method for medical image segmentation, where the network is optimized by a weighted combination of a common supervised loss only for the labeled inputs and a regularization loss for both the labeled and unlabeled data. To utilize the unlabeled data, our method encourages consistent predictions of the network-in-training for the same input under different perturbations. With the semisupervised segmentation tasks, we introduce a transformation-consistent strategy in the self-ensembling model to enhance the regularization effect for pixel-level predictions. To further improve the regularization effects, we extend the transformation in a more generalized form including scaling and optimize the consistency loss with a teacher model, which is an averaging of the student model weights. We extensively validated the proposed semisupervised method on three typical yet challenging medical image segmentation tasks: 1) skin lesion segmentation from dermoscopy images in the International Skin Imaging Collaboration (ISIC) 2017 data set; 2) optic disk (OD) segmentation from fundus images in the Retinal Fundus Glaucoma Challenge (REFUGE) data set; and 3) liver segmentation from volumetric CT scans in the Liver Tumor Segmentation Challenge (LiTS) data set. Compared with state-of-the-art, our method shows superior performance on the challenging 2-D/3-D medical images, demonstrating the effectiveness of our semisupervised method for medical image segmentation.  © 2012 IEEE.",Segmentation,ISIC 2017,2000,No,Resizing (to 256x256 pixels) and normalization,Random rotation and flipping,Lesion Boundary,,U-Net,New Architecture (Transformation-consistent self-ensembling model),No,"Dice Coefficient, Jaccard Index",Dice: 87.11%; Jaccard: 78.43% (with 300 labeled images),Yes,Reliance on a large amount of unlabeled data for performance gains; sensitivity to transformation types,Extending the transformation-consistent strategy to 3D medical image segmentation
Interpretable deep learning systems for multi-class segmentation and classification of non-melanoma skin cancer,10.1016/j.media.2020.101915,https://www.scopus.com/inward/record.uri?eid=2-s2.0-85096878625&doi=10.1016%2fj.media.2020.101915&partnerID=40&md5=b909da4b0e238b691161b2b7c1a1fe92,Thomas S.M.; Lefevre J.G.; Baxter G.; Hamilton N.A.,2021,131.0,"We apply for the first-time interpretable deep learning methods simultaneously to the most common skin cancers (basal cell carcinoma, squamous cell carcinoma and intraepidermal carcinoma) in a histological setting. As these three cancer types constitute more than 90% of diagnoses, we demonstrate that the majority of dermatopathology work is amenable to automatic machine analysis. A major feature of this work is characterising the tissue by classifying it into 12 meaningful dermatological classes, including hair follicles, sweat glands as well as identifying the well-defined stratified layers of the skin. These provide highly interpretable outputs as the network is trained to represent the problem domain in the same way a pathologist would. While this enables a high accuracy of whole image classification (93.6-97.9%), by characterising the full context of the tissue we can also work towards performing routine pathologist tasks, for instance, orientating sections and automatically assessing and measuring surgical margins. This work seeks to inform ways in which future computer aided diagnosis systems could be applied usefully in a clinical setting with human interpretable outcomes. © 2020",Segmentation / Classification,MyLab Pathology collection (Provate),"290 H&E slides (140 BCC, 60 SCC, 90 IEC)",No (Balanced via Data Augmentation),"xylene processing, mosaic stitching (0.67µm/pixel), downsampling (2x, 5x, 10x)",Flipping and rotating patches containing underrepresented classes (8x augmentation),Lesion Boundary (and 11 other tissue structures),"Multi-class (4 classes: Healthy, BCC, SCC, IEC)",U-Net-like decoder with ResNet50 encoder,New Framework (Naturally interpretable multi-class semantic segmentation for histological analysis),Yes (ImageNet),"Per-pixel Accuracy, Average Class Accuracy",93.6% (Four-class); 97.9% (Binary cancer/non-cancer),"Yes (vs. Random Forest, K-Nearest-Neighbors, Single-Layer Perceptron)","High-resolution focus may miss high-level context (e.g., hair follicles); ambiguity between proximal tissue layers; small sample size (n=290)","Extend to assessment of degree of differentiation, depth of invasion, and lymphovascular/perineural invasion"
CA-Net: Comprehensive Attention Convolutional Neural Networks for Explainable Medical Image Segmentation,10.1109/TMI.2020.3035253,https://www.scopus.com/inward/record.uri?eid=2-s2.0-85100613336&doi=10.1109%2fTMI.2020.3035253&partnerID=40&md5=1ab2f2635a715da6152777ff24905981,Gu R.; Wang G.; Song T.; Huang R.; Aertsen M.; Deprest J.; Ourselin S.; Vercauteren T.; Zhang S.,2021,580.0,"Accurate medical image segmentation is essential for diagnosis and treatment planning of diseases. Convolutional Neural Networks (CNNs) have achieved state-of-The-Art performance for automatic medical image segmentation. However, they are still challenged by complicated conditions where the segmentation target has large variations of position, shape and scale, and existing CNNs have a poor explainability that limits their application to clinical decisions. In this work, we make extensive use of multiple attentions in a CNN architecture and propose a comprehensive attention-based CNN (CA-Net) for more accurate and explainable medical image segmentation that is aware of the most important spatial positions, channels and scales at the same time. In particular, we first propose a joint spatial attention module to make the network focus more on the foreground region. Then, a novel channel attention module is proposed to adaptively recalibrate channel-wise feature responses and highlight the most relevant feature channels. Also, we propose a scale attention module implicitly emphasizing the most salient feature maps among multiple scales so that the CNN is adaptive to the size of an object. Extensive experiments on skin lesion segmentation from ISIC 2018 and multi-class segmentation of fetal MRI found that our proposed CA-Net significantly improved the average segmentation Dice score from 87.77% to 92.08% for skin lesion, 84.79% to 87.08% for the placenta and 93.20% to 95.88% for the fetal brain respectively compared with U-Net. It reduced the model size to around 15 times smaller with close or even better accuracy compared with state-of-The-Art DeepLabv3+. In addition, it has a much higher explainability than existing networks by visualizing the attention weight maps. Our code is available at https://github.com/HiLab-git/CA-Net. © 1982-2012 IEEE.",Segmentation,ISIC 2018; Private (Fetal MRI),2594 (ISIC 2018 dataset),No (Balanced via Data Augmentation),Resizing and normalization ,"Random cropping, horizontal/vertical flipping, and random rotation",Lesion Boundary,,"U-Net backbone with Joint Spatial Attention (Js-A), Residual Channel Attention (CA), and Scale Attention (LA) modules",New Architecture,No,"Dice score, Average Symmetric Surface Distance (ASSD)",Dice: 92.08% (for skin lesion segmentation),Yes,"Slightly inferior performance to DeepLabv3+ in skin lesion tasks, though not significantly; dependency on data distributions similar to natural images","Application to other image modalities (e.g., Ultrasound) and extending the method to 3D image segmentation"
Explainable skin lesion diagnosis using taxonomies,10.1016/j.patcog.2020.107413,https://www.scopus.com/inward/record.uri?eid=2-s2.0-85085040302&doi=10.1016%2fj.patcog.2020.107413&partnerID=40&md5=54f53f3e17323e806531e7da8bdcfd51,Barata C.; Celebi M.E.; Marques J.S.,2021,105.0,"Deep neural networks have rapidly become an indispensable tool in many classification applications. However, the inclusion of deep learning methods in medical diagnostic systems has come at the cost of diminishing their explainability. This significantly reduces the safety of a diagnostic system, since the physician is unable to interpret and validate the output. Therefore, in this work we aim to address this major limitation and improve the explainability of a skin cancer diagnostic system. We propose to leverage two sources of information: (i) medical knowledge, in particular the taxonomic organization of skin lesions, which will be used to develop a hierarchical neural network; and (ii) recent advances in channel and spatial attention modules, which can identify interpretable features and regions in dermoscopy images. We demonstrate that the proposed approach achieves competitive results in two dermoscopy data sets (ISIC 2017 and 2018) and provides insightful information about its decisions, thus increasing the safety of the model. © 2020",Classification,ISIC 2017; ISIC 2018,14277 (ISIC 2017: 2750; ISIC 2018: 11527),No (Handled via weighted loss function),Color normalization,"Random crop, Random flip, Random color transformation",,"Both (Hierarchical: Binary Mel/Non-Mel, Benign/Malignant; Multi-class Differential Diagnosis)","CNN (VGG-16, DenseNet-161, ResNet-50) + LSTM + Attention Module",Hierarchical CNN-RNN with Spatial and Channel Attention,Yes (ImageNet),"Sensitivity, Specificity, Balanced Accuracy (BACC), AUC","AUC: 94.1% (ISIC 2017, DenseNet-161)","Yes (vs. Harangi, Barata & Marques, ISIC 2017 challenge participants)",Lack of ground truth for ISIC 2018 test set prevents full error analysis; Sensitive to color normalization removal; Training data size limits channel attention learning,Interpret attention regions from medical perspective; Improve robustness to acquisition conditions and color perception
Skin lesion segmentation and multiclass classification using deep learning features and improved moth flame optimization,10.3390/diagnostics11050811,https://www.scopus.com/inward/record.uri?eid=2-s2.0-85106302042&doi=10.3390%2fdiagnostics11050811&partnerID=40&md5=a3e3d4fa6ab1bbb3703a9d0379b5f3d2,Khan M.A.; Sharif M.; Akram T.; Damaševičius R.; Maskeliūnas R.,2021,232.0,"Manual diagnosis of skin cancer is time-consuming and expensive; therefore, it is essential to develop automated diagnostics methods with the ability to classify multiclass skin lesions with greater accuracy. We propose a fully automated approach for multiclass skin lesion segmentation and classification by using the most discriminant deep features. First, the input images are initially enhanced using local color-controlled histogram intensity values (LCcHIV). Next, saliency is esti-mated using a novel Deep Saliency Segmentation method, which uses a custom convolutional neural network (CNN) of ten layers. The generated heat map is converted into a binary image using a thresholding function. Next, the segmented color lesion images are used for feature extraction by a deep pre-trained CNN model. To avoid the curse of dimensionality, we implement an improved moth flame optimization (IMFO) algorithm to select the most discriminant features. The resultant features are fused using a multiset maximum correlation analysis (MMCA) and classified using the Kernel Extreme Learning Machine (KELM) classifier. The segmentation performance of the proposed methodology is analyzed on ISBI 2016, ISBI 2017, ISIC 2018, and PH2 datasets, achieving an accuracy of 95.38%, 95.79%, 92.69%, and 98.70%, respectively. The classification performance is evaluated on the HAM10000 dataset and achieved an accuracy of 90.67%. To prove the effectiveness of the proposed methods, we present a comparison with the state-of-the-art techniques. © 2021 by the authors. Licensee MDPI, Basel, Switzerland.",Segmentation / Classification,ISBI 2016; ISBI 2017; ISIC 2018; PH2 (Segmentation); HAM10000 (Classification),16638,No (Balanced via Data Augmentation),Local color-controlled histogram intensity values (LCcHIV) for contrast stretching,"Geometric (Right flip, Left flip, Transposition)",Lesion Boundary,"Multi-class (AKIEC, BCC, BKL, DF, NV, MEL, VASC)","Custom 10-layer CNN (Saliency), ResNet101, DenseNet201 (Feature Extraction)",Ensemble (Feature fusion via MMCA) and New Architecture (Custom Saliency CNN and Improved Moth Flame Optimization for feature selection),Yes (ImageNet),"ACC, Sensitivity, FNR, Error Rate, Dice, Jaccard",ACC: 98.70% (Segmentation on PH2); ACC: 90.67% (Classification on HAM10000),Yes,High computational time for processing and the risk of deep models training on irrelevant image features,Extending segmentation techniques to avoid irrelevant features and addressing computational constraints
An approach for multiclass skin lesion classification based on ensemble learning,10.1016/j.imu.2021.100659,https://www.scopus.com/inward/record.uri?eid=2-s2.0-85111333725&doi=10.1016%2fj.imu.2021.100659&partnerID=40&md5=5d624514d1093c428eab88e1dee75bf8,Rahman Z.; Hossain M.S.; Islam M.R.; Hasan M.M.; Hridhee R.A.,2021,114.0,"Background and objective: Skin cancer is recognized as the most common kind of cancer in the world. It could be deadly if not identified at the primary stage, which makes early detection very crucial. It is possible to identify it with the naked eye, but high inter-class similarity and intra-class variations make it too hard to detect. Due to the prevalence of this disease around the world, so far many automated systems have been developed based on deep learning to assist the physician in the early detection of skin lesions. Methods: In this study, we propose a weighted average ensemble learning-based model to classify seven types of skin lesions. We used five deep neural network models, namely, ResNeXt, SeResNeXt, ResNet, Xception, and DenseNet as the base of the ensemble. For the training and evaluation of our models, we used 18,730 dermoscopy images collected from the official Human Against Machine (HAM10000) and ISIC 2019 dataset together with class balancing, noise removal, and data augmentation technique. We found the best combinations of the base models in the ensemble using the grid search method and optimized the impact of each base model for the average recall score. Results: The five models performed excellent during evaluation and 88%, 89%, 91%, 88%, and 84% macro-average recall score were achieved by ResNeXt, SeResNeXt, DenseNet, Xception, and ResNet respectively. The simple average ensemble model boosted the result to 93% and the weighted average ensemble obtained a 94% recall score. The grid search method showed that the impact of all models are almost equal in the final model. Conclusion: The average ensemble can improve the result by a significant amount. Our proposed system performed better than other existing systems and can support dermatologists for diagnosis. © 2021",Classification,HAM10000; ISIC 2019,18730,No (Balanced via Cost-Sensitive Learning),Hair removal; Median filtering; Resizing (224x224),"Rotation, Flipping, Shearing, Zooming",,"Multi-class (AKIEC, BCC, BKL, DF, MEL, NV, VASC)","ResNeXt101, SeResNeXt101, ResNet152V2, DenseNet201, Xception",Ensemble (Weighted Average),Yes (ImageNet),"Recall (Macro-average), Precision, F1 score, MCC, Accuracy, ROC-AUC","Recall: 94%, ACC: 88% (Weighted Ensemble)",Yes,Insufficient data; similarity in base model architectures (ResNet family) reduced ensemble diversity; lack of attention mechanisms,"Use advanced augmentation (GANs, Neural Style Transfer); Attention mechanisms; incorporate more diverse model architectures"
TransFuse: Fusing Transformers and CNNs for Medical Image Segmentation,10.1007/978-3-030-87193-2_2,https://www.scopus.com/inward/record.uri?eid=2-s2.0-85116489333&doi=10.1007%2f978-3-030-87193-2_2&partnerID=40&md5=82d8b02a73ae31ea47e9487b493b641b,Zhang Y.; Liu H.; Hu Q.,2021,1031.0,"Medical image segmentation - the prerequisite of numerous clinical needs - has been significantly prospered by recent advances in convolutional neural networks (CNNs). However, it exhibits general limitations on modeling explicit long-range relation, and existing cures, resorting to building deep encoders along with aggressive downsampling operations, leads to redundant deepened networks and loss of localized details. Hence, the segmentation task awaits a better solution to improve the efficiency of modeling global contexts while maintaining a strong grasp of low-level details. In this paper, we propose a novel parallel-in-branch architecture, TransFuse, to address this challenge. TransFuse combines Transformers and CNNs in a parallel style, where both global dependency and low-level spatial details can be efficiently captured in a much shallower manner. Besides, a novel fusion technique - BiFusion module is created to efficiently fuse the multi-level features from both branches. Extensive experiments demonstrate that TransFuse achieves the newest state-of-the-art results on both 2D and 3D medical image sets including polyp, skin lesion, hip, and prostate segmentation, with significant parameter decrease and inference speed improvement. © 2021, Springer Nature Switzerland AG.",Segmentation,ISIC 2017; ISIC 2018,2000 (ISIC 2017); 2594 (ISIC 2018),No,Resizing (to 512x512 pixels) and normalization,Random rotation and horizontal flipping,Lesion Boundary,,TransFuse (Parallel Transformer and CNN branches with BiFusion module),New Architecture,Yes (ImageNet),"Dice Score (dsc), Jaccard Index (jaccard)",dsc: 85.9% (ISIC 2017); dsc: 90.2% (ISIC 2018),Yes,Potential computational overhead from parallel branches; primary focus on 2D/3D segmentation without multi-class disease labeling,Investigating more efficient global-local fusion mechanisms and expanding to larger scale clinical multi-modal data
Automated Skin Lesion Segmentation Via an Adaptive Dual Attention Module,10.1109/TMI.2020.3027341,https://www.scopus.com/inward/record.uri?eid=2-s2.0-85098852434&doi=10.1109%2fTMI.2020.3027341&partnerID=40&md5=2bba60f84aa20bc53d5c9f1c0bd9a0e3,Wu H.; Pan J.; Li Z.; Wen Z.; Qin J.,2021,148.0,"We present a convolutional neural network (CNN) equipped with a novel and efficient adaptive dual attention module (ADAM) for automated skin lesion segmentation from dermoscopic images, which is an essential yet challenging step for the development of a computer-assisted skin disease diagnosis system. The proposed ADAM has three compelling characteristics. First, we integrate two global context modeling mechanisms into the ADAM, one aiming at capturing the boundary continuity of skin lesion by global average pooling while the other dealing with the shape irregularity by pixel-wise correlation. In this regard, our network, thanks to the proposed ADAM, is capable of extracting more comprehensive and discriminative features for recognizing the boundary of skin lesions. Second, the proposed ADAM supports multi-scale resolution fusion, and hence can capture multi-scale features to further improve the segmentation accuracy. Third, as we harness a spatial information weighting method in the proposed network, our method can reduce a lot of redundancies compared with traditional CNNs. The proposed network is implemented based on a dual encoder architecture, which is able to enlarge the receptive field without greatly increasing the network parameters. In addition, we assign different dilation rates to different ADAMs so that it can adaptively capture distinguishing features according to the size of a lesion. We extensively evaluate the proposed method on both ISBI2017 and ISIC2018 datasets and the experimental results demonstrate that, without using network ensemble schemes, our method is capable of achieving better segmentation performance than state-of-the-art deep learning models, particularly those equipped with attention mechanisms. © 1982-2012 IEEE.",Segmentation,ISBI 2017; ISIC 2018,12507 total (2750 from ISBI 2017 and 10015 from ISIC 2018),"No (Used compound loss functions including Dice, Tversky, and binary cross-entropy)",Resizing and spatial information weighting,Integrated test-time augmentation (ITTA),Lesion Boundary,,Dual encoder architecture with Adaptive Dual Attention Module (ADAM) and dense dilated convolutional U-Net,New Architecture (Adaptive Dual Attention Module - ADAM),Yes (Evaluated using datasets that benefit from pre-trained features),"Accuracy, Recall, and Jaccard Similarity Index (JSI)",ACC: 97.5% (on ISBI 2017) and 95.92% (on ISIC 2018),Yes (Compared against state-of-the-art deep learning models and top-ranked models in respective competitions),Challenges in dealing with irregular boundaries and poor contrast between the lesion and background,Development of more robust computer-aided systems including clinical images as additional inputs
Identification of Melanoma from Hyperspectral Pathology Image Using 3D Convolutional Networks,10.1109/TMI.2020.3024923,https://www.scopus.com/inward/record.uri?eid=2-s2.0-85098885732&doi=10.1109%2fTMI.2020.3024923&partnerID=40&md5=0d18e06f2688fb31a439f3a9e5b4cf1d,Wang Q.; Sun L.; Wang Y.; Zhou M.; Hu M.; Chen J.; Wen Y.; Li Q.,2021,106.0,"Skin biopsy histopathological analysis is one of the primary methods used for pathologists to assess the presence and deterioration of melanoma in clinical. A comprehensive and reliable pathological analysis is the result of correctly segmented melanoma and its interaction with benign tissues, and therefore providing accurate therapy. In this study, we applied the deep convolution network on the hyperspectral pathology images to perform the segmentation of melanoma. To make the best use of spectral properties of three dimensional hyperspectral data, we proposed a 3D fully convolutional network named Hyper-net to segment melanoma from hyperspectral pathology images. In order to enhance the sensitivity of the model, we made a specific modification to the loss function with caution of false negative in diagnosis. The performance of Hyper-net surpassed the 2D model with the accuracy over 92%. The false negative rate decreased by nearly 66% using Hyper-net with the modified loss function. These findings demonstrated the ability of the Hyper-net for assisting pathologists in diagnosis of melanoma based on hyperspectral pathology images.  © 1982-2012 IEEE.",Segmentation,Wenzhou Hospital (Private),125,Yes,Resizing ,Calibration to eliminate electronic noise using blank and dark images; Band selection using mutual information and PCA,Lesion Boundary (Melanoma area),Binary (Melanoma vs. Healthy Skin Tissue),Hyper-net (3D Fully Convolutional Network based on an encoder-decoder structure with a dual-path module and dilated convolutions),New Architecture (Hyper-net),No,"Accuracy, False Positive Rate (FPR), True Positive Rate (TPR), Dice Score, ROC, AUC","Accuracy: Over 92% (Overall 92.67%), Dice Score: 0.91","Yes (vs. 2D CNN with RGB and 2D Hyperspectral inputs, and 3D V-net)",Complex textures and differentially enriched structures of skin tissue; Data volume challenges; Class imbalance leading to false negatives,Upgrading the system to enlarge the spectral range (400–750 nm); Exploring clinical use for deterioration possibility assessment
Improving Medical Image Classification with Label Noise Using Dual-uncertainty Estimation,https://doi.org/10.48550/arXiv.2103.00528,https://arxiv.org/abs/2103.00528,"Lie Ju, Xin Wang, Lin Wang, Dwarikanath Mahapatra, Xin Zhao, Mehrtash Harandi, Tom Drummond, Tongliang Liu, Zongyuan Ge",2021,143.0,"Deep neural networks are known to be data-driven and label noise can have a marked impact on model performance. Recent studies have shown great robustness to classic image recognition even under a high noisy rate. In medical applications, learning from datasets with label noise is more challenging since medical imaging datasets tend to have asymmetric (class-dependent) noise and suffer from high observer variability. In this paper, we systematically discuss and define the two common types of label noise in medical images - disagreement label noise from inconsistency expert opinions and single-target label noise from wrong diagnosis record. We then propose an uncertainty estimation-based framework to handle these two label noise amid the medical image classification task. We design a dual-uncertainty estimation approach to measure the disagreement label noise and single-target label noise via Direct Uncertainty Prediction and Monte-Carlo-Dropout. A boosting-based curriculum training procedure is later introduced for robust learning. We demonstrate the effectiveness of our method by conducting extensive experiments on three different diseases: skin lesions, prostate cancer, and retinal diseases. We also release a large re-engineered database that consists of annotations from more than ten ophthalmologists with an unbiased golden standard dataset for evaluation and benchmarking.",Classification,ISIC 2019; ChestX-ray14,25331 (ISIC 2019); 112120 (ChestX-ray14),No (Handled via data-driven robustness to asymmetric noise),Resizing (224x224),Standard data augmentation (unspecified details),,Both (ISIC 2019: Multi-class; ChestX-ray14: Multi-label),Dual-uncertainty Estimation (DUE) framework with ResNet-50 backbone,New Framework (DUE for handling disagreement and single-target label noise),Yes (ImageNet),"Accuracy, Area Under the ROC Curve (AUC)",AUC: 0.908 (ISIC 2019 with 20% noise); AUC: 0.825 (ChestX-ray14),"Yes (vs. Co-teaching, JoCoR, PENCIL, Masking, etc.)","High observer variability leads to ""disagreement noise""; asymmetric (class-dependent) noise is more challenging than symmetric noise",Extend framework to other medical modalities; further explore the relationship between aleatoric and epistemic uncertainty in clinical labels
Multiclass skin cancer classification using EfficientNets – a first step towards preventing skin cancer,10.1016/j.neuri.2021.100034,https://www.scopus.com/inward/record.uri?eid=2-s2.0-85190157207&doi=10.1016%2fj.neuri.2021.100034&partnerID=40&md5=66009b4e9150245be6afcc9ea3a4e3c8,Ali K.; Shaikh Z.A.; Khan A.A.; Laghari A.A.,2022,248.0,"Skin cancer is one of the most prevalent and deadly types of cancer. Dermatologists diagnose this disease primarily visually. Multiclass skin cancer classification is challenging due to the fine-grained variability in the appearance of its various diagnostic categories. On the other hand, recent studies have demonstrated that convolutional neural networks outperform dermatologists in multiclass skin cancer classification. We developed a preprocessing image pipeline for this work. We removed hairs from the images, augmented the dataset, and resized the imageries to meet the requirements of each model. By performing transfer learning on pre-trained ImageNet weights and fine-tuning the Convolutional Neural Networks, we trained the EfficientNets B0-B7 on the HAM10000 dataset. We evaluated the performance of all EfficientNet variants on this imbalanced multiclass classification task using metrics such as Precision, Recall, Accuracy, F1 Score, and Confusion Matrices to determine the effect of transfer learning with fine-tuning. This article presents the classification scores for each class as Confusion Matrices for all eight models. Our best model, the EfficientNet B4, achieved an F1 Score of 87 percent and a Top-1 Accuracy of 87.91 percent. We evaluated EfficientNet classifiers using metrics that take the high-class imbalance into account. Our findings indicate that increased model complexity does not always imply improved classification performance. The best performance arose with intermediate complexity models, such as EfficientNet B4 and B5. The high classification scores resulted from many factors such as resolution scaling, data enhancement, noise removal, successful transfer learning of ImageNet weights, and fine-tuning [70–72]. Another discovery was that certain classes of skin cancer worked better at generalization than others using Confusion Matrices. © 2021 The Author(s)",Classification,HAM10000,10015,No (Oversampling and data augmentation used to address class imbalance),Resizingand Normalization,"Rotation, Shearing, Zooming, and Flipping (Horizontal/Vertical)",,"Multi-class (7 classes: AKIEC, BCC, BKL, DF, MEL, NV, VASC)",EfficientNet (B0 through B7 architectures),Standard,Yes (ImageNet),"Accuracy, Precision, Recall, F1-score",Accuracy: 95.8% (EfficientNet-B7),Yes,High computational resources required for larger EfficientNet versions; performance still varies on minority classes despite oversampling,Implementation on mobile platforms for real-time diagnosis and exploring newer Transformer-based models
Melanoma Detection Using Deep Learning-Based Classifications,10.3390/healthcare10122481,https://www.scopus.com/inward/record.uri?eid=2-s2.0-85144652068&doi=10.3390%2fhealthcare10122481&partnerID=40&md5=a91a120277b7e0555ff4898ca2329836,Alwakid G.; Gouda W.; Humayun M.; Sama N.U.,2022,83.0,"One of the most prevalent cancers worldwide is skin cancer, and it is becoming more common as the population ages. As a general rule, the earlier skin cancer can be diagnosed, the better. As a result of the success of deep learning (DL) algorithms in other industries, there has been a substantial increase in automated diagnosis systems in healthcare. This work proposes DL as a method for extracting a lesion zone with precision. First, the image is enhanced using Enhanced Super-Resolution Generative Adversarial Networks (ESRGAN) to improve the image’s quality. Then, segmentation is used to segment Regions of Interest (ROI) from the full image. We employed data augmentation to rectify the data disparity. The image is then analyzed with a convolutional neural network (CNN) and a modified version of Resnet-50 to classify skin lesions. This analysis utilized an unequal sample of seven kinds of skin cancer from the HAM10000 dataset. With an accuracy of 0.86, a precision of 0.84, a recall of 0.86, and an F-score of 0.86, the proposed CNN-based Model outperformed the earlier study’s results by a significant margin. The study culminates with an improved automated method for diagnosing skin cancer that benefits medical professionals and patients. © 2022 by the authors.",Detection / Classification,HAM10000,10015,No (Balanced via Data Augmentation),"Image enhancement using ESRGAN, Resizing, and Normalization","Horizontal shift, Random rotation, and Zooming (range 0.1)",Lesion Boundary,"Multi-class (7 classes: akiec, bcc, bkl, df, mel, nv, vasc)",Modified ResNet-50 (added Fully Connected layers) and Custom CNN,New Architecture / Transfer Learning,Yes (ImageNet),"Accuracy, Precision, Recall, F-score, Top-2 Accuracy, Top-3 Accuracy",Accuracy: 86%; Precision: 0.84; Recall: 0.86; F-score: 0.86 (Custom CNN),Yes,Complexity of diagnosing rare lesion types; performance decreases with imbalanced datasets,"Testing with DenseNet, VGG, or AlexNet; adding non-cancerous lesion data to reduce confounding factors"
An improved transformer network for skin cancer classification,10.1016/j.compbiomed.2022.105939,https://www.scopus.com/inward/record.uri?eid=2-s2.0-85136602775&doi=10.1016%2fj.compbiomed.2022.105939&partnerID=40&md5=104610d9c99b580ee56d68cd00fd674a,Xin C.; Liu Z.; Zhao K.; Miao L.; Ma Y.; Zhu X.; Zhou Q.; Wang S.; Li L.; Yang F.; Xu S.; Chen H.,2022,137.0,"Background: Use of artificial intelligence to identify dermoscopic images has brought major breakthroughs in recent years to the early diagnosis and early treatment of skin cancer, the incidence of which is increasing year by year worldwide and poses a great threat to human health. Achievements have been made in the research of skin cancer image classification by using the deep backbone of the convolutional neural network (CNN). This approach, however, only extracts the features of small objects in the image, and cannot locate the important parts. Objectives: As a result, researchers of the paper turn to vision transformers (VIT) which has demonstrated powerful performance in traditional classification tasks. The self-attention is to improve the value of important features and suppress the features that cause noise. Specifically, an improved transformer network named SkinTrans is proposed. Innovations: To verify its efficiency, a three step procedure is followed. Firstly, a VIT network is established to verify the effectiveness of SkinTrans in skin cancer classification. Then multi-scale and overlapping sliding windows are used to serialize the image and multi-scale patch embedding is carried out which pay more attention to multi-scale features. Finally, contrastive learning is used which makes the similar data of skin cancer encode similarly so that the encoding results of different data are as different as possible. Main results: The experiment is carried out based on two datasets, namely (1) HAM10000: a large dataset of multi-source dermatoscopic images of common skin cancers; (2)A clinical dataset of skin cancer collected by dermoscopy. The model proposed has achieved 94.3% accuracy on HAM10000 and 94.1% accuracy on our datasets, which verifies the efficiency of SkinTrans. Conclusions: The transformer network has not only achieved good results in natural language but also achieved ideal results in the field of vision, which also lays a good foundation for skin cancer classification based on multimodal data. This paper is convinced that it will be of interest to dermatologists, clinical researchers, computer scientists and researchers in other related fields, and provide greater convenience for patients. © 2022 The Authors",Classification,HAM10000; Private Clinical Dataset,11031 (HAM10000: 10015; Private: 1016),No (I Balanced via Label Shuffling),Normalization (Z-score),"Horizontal/Vertical flip, Random crop, Random rotation, Color jitter",,"Multi-class (HAM10000: 7 classes; Private: BCC, SCC, MM)",SkinTrans (Improved Vision Transformer with Multi-scale sliding windows),New Architecture (SkinTrans with Contrastive Learning),Yes (HAM10000),"Accuracy, Precision, Recall, F1-score, AUC","ACC: 94.3%, AUC: 0.987 (HAM10000)",Yes,Slow processing speed for high-resolution images; limited clinical trial validation,Optimize processing speed for large images; develop unified multimodal model; collect more clinical data
An efficient image segmentation method for skin cancer imaging using improved golden jackal optimization algorithm,10.1016/j.compbiomed.2022.106075,https://www.scopus.com/inward/record.uri?eid=2-s2.0-85138121379&doi=10.1016%2fj.compbiomed.2022.106075&partnerID=40&md5=a745708123d47a61ed1e6bbd156d1526,Houssein E.H.; Abdelkareem D.A.; Emam M.M.; Hameed M.A.; Younan M.,2022,138.0,"Skin cancer is one of the worst cancers nowadays that poses a severe threat to the health and safety of individuals. Therefore, skin cancer classification and early diagnosis are recommended to preserve human life. Multilevel thresholding image segmentation is well-known and influential technique for extracting regions of interest from skin cancer images to improve the classification process. Therefore, this paper proposes an efficient version of the recently developed golden jackal optimization (GJO) algorithm, the opposition-based golden jackal optimizer (IGJO). The IGJO algorithm is used to solve the multilevel thresholding problem using Otsu's method as an objective function. The proposed algorithm is compared with seven other meta-heuristic algorithms: whale optimization algorithm, seagull optimization algorithm, salp swarm algorithm, Harris hawks optimization, artificial gorilla troops optimizer, marine predators’ algorithms, and original GJO algorithm. The performance of the proposed algorithm is evaluated using four popular performance measures: peak signal-to-noise ratio, structure similarity index, feature similarity index, and mean square error. Experimental results show that the proposed algorithm outperforms other alternative algorithms in terms of PSNR, SSIM, FSIM, and MSE segmentation metrics and effectively resolves the segmentation problem. © 2022 Elsevier Ltd",Segmentation,ISIC,10 (Evaluated subset),N/A,None reported,None reported,Lesion Boundary,N/A,IGJO (Improved Golden Jackal Optimization - Meta-heuristic),New Architecture (Integration of Opposition-Based Learning with GJO),No,"PSNR, SSIM, FSIM, MSE","Outperforms competitors across all metrics (e.g., PSNR up to 28.32)",Yes,Tested on a very small sample size of only ten images,Expand the tested image dataset; combine with machine learning methods; apply to multi-objective problems
Automatic Malignant and Benign Skin Cancer Classification Using a Hybrid Deep Learning Approach,10.3390/diagnostics12102472,https://www.scopus.com/inward/record.uri?eid=2-s2.0-85140618828&doi=10.3390%2fdiagnostics12102472&partnerID=40&md5=9123e35cacd702909bb6f73343c5ea90,Bassel A.; Abdulkareem A.B.; Alyasseri Z.A.A.; Sani N.S.; Mohammed H.J.,2022,109.0,"Skin cancer is one of the major types of cancer with an increasing incidence in recent decades. The source of skin cancer arises in various dermatologic disorders. Skin cancer is classified into various types based on texture, color, morphological features, and structure. The conventional approach for skin cancer identification needs time and money for the predicted results. Currently, medical science is utilizing various tools based on digital technology for the classification of skin cancer. The machine learning-based classification approach is the robust and dominant approach for automatic methods of classifying skin cancer. The various existing and proposed methods of deep neural network, support vector machine (SVM), neural network (NN), random forest (RF), and K-nearest neighbor are used for malignant and benign skin cancer identification. In this study, a method was proposed based on the stacking of classifiers with three folds towards the classification of melanoma and benign skin cancers. The system was trained with 1000 skin images with the categories of melanoma and benign. The training and testing were performed using 70 and 30 percent of the overall data set, respectively. The primary feature extraction was conducted using the Resnet50, Xception, and VGG16 methods. The accuracy, F1 scores, AUC, and sensitivity metrics were used for the overall performance evaluation. In the proposed Stacked CV method, the system was trained in three levels by deep learning, SVM, RF, NN, KNN, and logistic regression methods. The proposed method for Xception techniques of feature extraction achieved 90.9% accuracy and was stronger compared to ResNet50 and VGG 16 methods. The improvement and optimization of the proposed method with a large training dataset could provide a reliable and robust skin cancer classification system. © 2022 by the authors.",Classification,ISIC,"3297 (1800 Benign, 1497 Malignant)",No reported,"Filtering (Median, Mean, Gaussian, Adaptive Wiener)",No reported,,Binary (Benign vs Malignant),"Xception, ResNet50, VGG16 (Feature Extractors); Stacked Ensemble (SVM, NN, RF, KNN, Logistic Regression)",Hybrid Stacking Ensemble (Stacked CV),Yes (ImageNet),"Accuracy, F1-Score, Sensitivity, AUC","ACC: 90.9%, AUC: 0.917 (Xception + StackingCV)","Yes (vs. Single Classifiers: SVM, KNN, RF, etc.)",Inadequate data/lack of variety; lack of balanced samples; limited to visual features (no metadata used),"Use more diverse datasets (varied categories, ages); include image metadata; ensure balanced samples"
Designing a grey wolf optimization based hyper-parameter optimized convolutional neural network classifier for skin cancer detection,10.1016/j.jksuci.2021.05.012,https://www.scopus.com/inward/record.uri?eid=2-s2.0-85107985144&doi=10.1016%2fj.jksuci.2021.05.012&partnerID=40&md5=e8389c504d9c39ec1b363e24af198e7f,Mohakud R.; Dash R.,2022,104.0,"In recent history, Convolutional Neural Networks have attained breakthroughs in addressing many intractable problems in the domain of image processing. But its performance builds upon its chosen hyper parameters and it is a tedious job to manually fine tune these hyper parameters. Hence, in this research, an Automated Hyper-parameter Optimized Convolution Neural Net is proposed which is further applied to uncover the class of skin cancer. The method has utilized a Grey Wolf Optimization algorithm for optimizing the hyper parameters of CNN, by adopting a proper encoding scheme. The effectiveness of the model is verified by comparing it with the performance of Particle Swarm Optimization and Genetic algorithm based hyper-parameter optimized CNN applied on the International Skin Imaging Collaboration skin lesion multi class data set. Simulation results infer that the proposed model is able to produce a testing accuracy up to 98.33% which is around 4% and 1% more compared to PSO and GA based models respectively. Similarly with the proposed model, the testing loss realized is around 0.17% which is 39.2% and 15% less compared to PSO and GA based models respectively. The experimental results clearly demonstrate that the proposed model performs competitively compared to other reported models. © 2021",Classification (Detection),ISIC 2019,25330,"No (Imbalanced: NV=12,875 vs VL=253)","Resizing (Bilinear Interpolation to 100x100), RGB to Grayscale (Luminosity), Filtering",No reported,,"Multi-class (8 classes: Melanoma, Nevus, BCC, AK, Benign Keratosis, Dermatofibroma, Vascular Lesion, SCC)","Custom CNN (3 Conv, 3 Pooling, 2 Dense)",Hyperparameter Optimization (Grey Wolf Optimization - GWO),No,"Accuracy, Precision, Recall, F-Score, Macro F, Average Precision, Loss",ACC: 98.33% (Testing),"Yes (vs. PSO-CNN, GA-CNN)",Training time cost; Limited scope of optimized parameters (only specific layer params),"Optimize training rate/size/activation functions; Apply new algorithms (Arithmetic Optimization, Salp Swarm); Test on other domains"
An Efficient Deep Learning-Based Skin Cancer Classifier for an Imbalanced Dataset,10.3390/diagnostics12092115,https://www.scopus.com/inward/record.uri?eid=2-s2.0-85138620446&doi=10.3390%2fdiagnostics12092115&partnerID=40&md5=0fb258207a50ad34f60efe81138aa819,Alam T.M.; Shaukat K.; Khan W.A.; Hameed I.A.; Almuqren L.A.; Raza M.A.; Aslam M.; Luo S.,2022,138.0,"Efficient skin cancer detection using images is a challenging task in the healthcare domain. In today’s medical practices, skin cancer detection is a time-consuming procedure that may lead to a patient’s death in later stages. The diagnosis of skin cancer at an earlier stage is crucial for the success rate of complete cure. The efficient detection of skin cancer is a challenging task. Therefore, the numbers of skilful dermatologists around the globe are not enough to deal with today’s healthcare. The huge difference between data from various healthcare sector classes leads to data imbalance problems. Due to data imbalance issues, deep learning models are often trained on one class more than others. This study proposes a novel deep learning-based skin cancer detector using an imbalanced dataset. Data augmentation was used to balance various skin cancer classes to overcome the data imbalance. The Skin Cancer MNIST: HAM10000 dataset was employed, which consists of seven classes of skin lesions. Deep learning models are widely used in disease diagnosis through images. Deep learning-based models (AlexNet, InceptionV3, and RegNetY-320) were employed to classify skin cancer. The proposed framework was also tuned with various combinations of hyperparameters. The results show that RegNetY-320 outperformed InceptionV3 and AlexNet in terms of the accuracy, F1-score, and receiver operating characteristic (ROC) curve both on the imbalanced and balanced datasets. The performance of the proposed framework was better than that of conventional methods. The accuracy, F1-score, and ROC curve value obtained with the proposed framework were 91%, 88.1%, and 0.95, which were significantly better than those of the state-of-the-art method, which achieved 85%, 69.3%, and 0.90, respectively. Our proposed framework may assist in disease identification, which could save lives, reduce unnecessary biopsies, and reduce costs for patients, dermatologists, and healthcare professionals. © 2022 by the authors.",Classification,HAM10000,10015,No (Balanced via Data Augmentation),"Normalization, Resizing, Rescaling (1/255)","Rotation, Translation, Rescaling, Flipping, Shearing, Stretching",,"Multi-class (AKIEC, BCC, BKL, DF, MEL, NV, VASC)","RegNetY-320, Inception V3, AlexNet",Application of RegNetY-320; Augmentation Framework,Yes,"Accuracy, F1-score, ROC curve","ACC: 91%, F1: 88.1%, ROC: 0.95 (RegNetY-320 on balanced data)",Yes,Generalizability unknown (only tested on HAM10000); potential bias from dataset,Test on larger training sets and other datasets; compare performance with dermatologists
SCDNet: A Deep Learning-Based Framework for the Multiclassification of Skin Cancer Using Dermoscopy Images,10.3390/s22155652,https://www.scopus.com/inward/record.uri?eid=2-s2.0-85136341545&doi=10.3390%2fs22155652&partnerID=40&md5=e88839a56ed44629475b2fc55ce2fb19,Naeem A.; Anees T.; Fiza M.; Naqvi R.A.; Lee S.-W.,2022,79.0,"Skin cancer is a deadly disease, and its early diagnosis enhances the chances of survival. Deep learning algorithms for skin cancer detection have become popular in recent years. A novel framework based on deep learning is proposed in this study for the multiclassification of skin cancer types such as Melanoma, Melanocytic Nevi, Basal Cell Carcinoma and Benign Keratosis. The proposed model is named as SCDNet which combines Vgg16 with convolutional neural networks (CNN) for the classification of different types of skin cancer. Moreover, the accuracy of the proposed method is also compared with the four state-of-the-art pre-trained classifiers in the medical domain named Resnet 50, Inception v3, AlexNet and Vgg19. The performance of the proposed SCDNet classifier, as well as the four state-of-the-art classifiers, is evaluated using the ISIC 2019 dataset. The accuracy rate of the proposed SDCNet is 96.91% for the multiclassification of skin cancer whereas, the accuracy rates for Resnet 50, Alexnet, Vgg19 and Inception-v3 are 95.21%, 93.14%, 94.25% and 92.54%, respectively. The results showed that the proposed SCDNet performed better than the competing classifiers. © 2022 by the authors.",Classification,HAM10000,10015,No (Balanced via Data Augmentation),Resizingand normalization,"Rotation (90, 180, 270 degrees), horizontal/vertical flipping, and zooming",,"Multi-class (7 classes: MEL, NV, BCC, AKIEC, BKL, DF, VASC)","SCDNet (A custom framework utilizing a modified VGG16 backbone with added Batch Normalization, Dropout layers, and a Global Average Pooling layer)",New Architecture,Yes (ImageNet),"Accuracy, Precision, Recall, F1-score, and Confusion Matrix",Accuracy: 96.91%,"Yes (Compared with various SOTA deep learning models like ResNet, Inception, and standard VGG)","High computational complexity; limited by the fine-grained similarities between certain lesion classes (e.g., Melanoma and Nevus)",Integrating more diverse clinical data (patient metadata) and exploring more lightweight architectures for mobile-based dermatological screening
Skin lesion segmentation and classification: A unified framework of deep neural network features fusion and selection,10.1111/exsy.12497,https://www.scopus.com/inward/record.uri?eid=2-s2.0-85076727040&doi=10.1111%2fexsy.12497&partnerID=40&md5=faef9bdebe00648aca818172573f6b3e,Khan M.A.; Sharif M.I.; Raza M.; Anjum A.; Saba T.; Shad S.A.,2022,111.0,"Automated skin lesion diagnosis from dermoscopic images is a difficult process due to several notable problems such as artefacts (hairs), irregularity, lesion shape, and irrelevant features extraction. These problems make the segmentation and classification process difficult. In this research, we proposed an optimized colour feature (OCF) of lesion segmentation and deep convolutional neural network (DCNN)-based skin lesion classification. A hybrid technique is proposed to remove the artefacts and improve the lesion contrast. Then, colour segmentation technique is presented known as OCFs. The OCF approach is further improved by an existing saliency approach, which is fused by a novel pixel-based method. A DCNN-9 model is implemented to extract deep features and fused with OCFs by a novel parallel fusion approach. After this, a normal distribution-based high-ranking feature selection technique is utilized to select the most robust features for classification. The suggested method is evaluated on ISBI series (2016, 2017, and 2018) datasets. The experiments are performed in two steps and achieved average segmentation accuracy of more than 90% on selected datasets. Moreover, the achieve classification accuracy of 92.1%, 96.5%, and 85.1%, respectively, on all three datasets shows that the presented method has remarkable performance. © 2019 John Wiley & Sons, Ltd.", Segmentation / Classification,ISBI 2016; ISIC 2017; PH2,"4229 (1,279 from ISBI 2016; 2750 from ISIC 2017; 200 from PH2)",No (Addressed using a data rotation approach),Local color-controlled contrast enhancement (LCCCE) based on a combination of HSV transformation and 2D-median filtering,"Data rotation at four different angles (90°, 180°, 270°, and 45°)",Lesion Boundary (via a color CNN-based approach followed by XOR operation and morphological filtering),"Both; Binary (Melanoma vs. Benign) and Multi-class (Melanoma, Common Nevi, and Atypical Nevi)",Inception-v3 and ResNet-50,Ensemble (Feature fusion using Canonical Correlation Analysis (CCA) and selection via entropy-controlled method),Yes (ImageNet),"Accuracy, Sensitivity, Specificity, Precision, F1-Measure, AUC","Accuracy: 98.4% (PH2), 95.1% (ISBI 2016), 94.8% (ISIC 2017)",Yes,Computational cost of training deep models; potential segmentation errors in images with very high artifact noise or similar skin/lesion color,"Evaluation on more complex multi-class datasets (e.g., ISIC 2018/HAM10000) and exploring more efficient feature selection theorems"
MFSNet: A multi focus segmentation network for skin lesion segmentation,10.1016/j.patcog.2022.108673,https://www.scopus.com/inward/record.uri?eid=2-s2.0-85127686767&doi=10.1016%2fj.patcog.2022.108673&partnerID=40&md5=ca4b72b4070d3426e6533f6ef4a24b95,Basak H.; Kundu R.; Sarkar R.,2022,82.0,"Segmentation is essential for medical image analysis to identify and localize diseases, monitor morphological changes, and extract discriminative features for further diagnosis. Skin cancer is one of the most common types of cancer globally, and its early diagnosis is pivotal for the complete elimination of malignant tumors from the body. This research develops an Artificial Intelligence (AI) framework for supervised skin lesion segmentation employing the deep learning approach. The proposed framework, called MFSNet (Multi-Focus Segmentation Network), uses differently scaled feature maps for computing the final segmentation mask using raw input RGB images of skin lesions. In doing so, initially, the images are preprocessed to remove unwanted artifacts and noises. The MFSNet employs the Res2Net backbone, a recently proposed convolutional neural network (CNN), for obtaining deep features used in a Parallel Partial Decoder (PPD) module to get a global map of the segmentation mask. In different stages of the network, convolution features and multi-scale maps are used in two boundary attention (BA) modules and two reverse attention (RA) modules to generate the final segmentation output. MFSNet, when evaluated on three publicly available datasets: PH2, ISIC 2017, and HAM10000, outperforms state-of-the-art methods, justifying the reliability of the framework. The relevant codes for the proposed approach are accessible at https://github.com/Rohit-Kundu/MFSNet. © 2022 Elsevier Ltd",Segmentation,PH2; ISIC 2017; HAM10000,12594 (200 + 2379 + 10015),No reported,"Resizing (256x256), Normalization, Hair removal (Blackhat transformation and Fast Marching Inpainting)",No reported,Lesion Boundary,,"Res2Net backbone, Parallel Partial Decoder (PPD), Boundary Attention (BA) modules, and Reverse Attention (RA) modules",New Architecture,Yes,"mDSC, mIoU, mFM, mSen, mSpe","mDSC: 0.987 (ISIC 2017), 0.954 (PH2), 0.906 (HAM10000)",Yes,Reliance on heavy preprocessing for accuracy; computational cost comparison limited by unavailability of open-source SOTA codes,"Extend to other medical domains (brain MRI, lung CT); incorporate semi-supervision for unlabeled datasets"
Detection of Skin Cancer Based on Skin Lesion Images Using Deep Learning,10.3390/healthcare10071183,https://www.scopus.com/inward/record.uri?eid=2-s2.0-85133234633&doi=10.3390%2fhealthcare10071183&partnerID=40&md5=e886dee67636eaed5c5afca1991041de,Gouda W.; Sama N.U.; Al-Waakid G.; Humayun M.; Jhanjhi N.Z.,2022,225.0,"An increasing number of genetic and metabolic anomalies have been determined to lead to cancer, generally fatal. Cancerous cells may spread to any body part, where they can be life-threatening. Skin cancer is one of the most common types of cancer, and its frequency is increasing worldwide. The main subtypes of skin cancer are squamous and basal cell carcinomas, and mela-noma, which is clinically aggressive and responsible for most deaths. Therefore, skin cancer screening is necessary. One of the best methods to accurately and swiftly identify skin cancer is using deep learning (DL). In this research, the deep learning method convolution neural network (CNN) was used to detect the two primary types of tumors, malignant and benign, using the ISIC2018 dataset. This dataset comprises 3533 skin lesions, including benign, malignant, nonmelanocytic, and mela-nocytic tumors. Using ESRGAN, the photos were first retouched and improved. The photos were augmented, normalized, and resized during the preprocessing step. Skin lesion photos could be classified using a CNN method based on an aggregate of results obtained after many repetitions. Then, multiple transfer learning models, such as Resnet50, InceptionV3, and Inception Resnet, were used for fine-tuning. In addition to experimenting with several models (the designed CNN, Res-net50, InceptionV3, and Inception Resnet), this study’s innovation and contribution are the use of ESRGAN as a preprocessing step. Our designed model showed results comparable to the pretrained model. Simulations using the ISIC 2018 skin lesion dataset showed that the suggested strategy was successful. An 83.2% accuracy rate was achieved by the CNN, in comparison to the Resnet50 (83.7%), InceptionV3 (85.8%), and Inception Resnet (84%) models. © 2022 by the authors. Licensee MDPI, Basel, Switzerland.",Classification (Detection),ISIC 2018,3533,No reported,"ESRGAN (Super-Resolution), Resizing, Normalization",Yes (Unspecified),,Binary (Benign vs Malignant),"Custom CNN, ResNet50, InceptionV3, InceptionResNet",ESRGAN for image enhancement,Yes,Accuracy,ACC: 85.8% (InceptionV3),Yes,,
On the Automatic Detection and Classification of Skin Cancer Using Deep Transfer Learning,10.3390/s22134963,https://www.scopus.com/inward/record.uri?eid=2-s2.0-85133122672&doi=10.3390%2fs22134963&partnerID=40&md5=1fcb12f372e441e0e2ad463adeb9a422,Fraiwan M.; Faouri E.,2022,98.0,"Skin cancer (melanoma and non-melanoma) is one of the most common cancer types and leads to hundreds of thousands of yearly deaths worldwide. It manifests itself through abnormal growth of skin cells. Early diagnosis drastically increases the chances of recovery. Moreover, it may render surgical, radiographic, or chemical therapies unnecessary or lessen their overall usage. Thus, healthcare costs can be reduced. The process of diagnosing skin cancer starts with dermoscopy, which inspects the general shape, size, and color characteristics of skin lesions, and suspected lesions undergo further sampling and lab tests for confirmation. Image-based diagnosis has undergone great advances recently due to the rise of deep learning artificial intelligence. The work in this paper examines the applicability of raw deep transfer learning in classifying images of skin lesions into seven possible categories. Using the HAM1000 dataset of dermoscopy images, a system that accepts these images as input without explicit feature extraction or preprocessing was developed using 13 deep transfer learning models. Extensive evaluation revealed the advantages and shortcomings of such a method. Although some cancer types were correctly classified with high accuracy, the imbalance of the dataset, the small number of images in some categories, and the large number of classes reduced the best overall accuracy to 82.9%. © 2022 by the authors. Licensee MDPI, Basel, Switzerland.",Classification,HAM10000,10015,No (Balanced via Data Augmentation),Resizing and normalization,"Rotation, flipping, zooming, shearing, and translation",,"Multi-class (7 classes: MEL, NV, BCC, AKIEC, BKL, DF, VASC)","Various pre-trained CNN architectures including AlexNet, VGG16, VGG19, ResNet18, ResNet50, ResNet101, GoogleNet, and InceptionV3",Standard (Comparative analysis of transfer learning performance across different architectures),Yes (ImageNet),"Accuracy, Precision, Recall, and F1-score",Accuracy: 93.6% (using ResNet101),Yes (Compared with other deep learning-based approaches),Performance is limited by the quality of images and potential noise in the public dataset,Evaluating the impact of more advanced preprocessing techniques and exploring ensemble methods to further boost classification accuracy
An Enhanced Transfer Learning Based Classification for Diagnosis of Skin Cancer,10.3390/diagnostics12071628,https://www.scopus.com/inward/record.uri?eid=2-s2.0-85133849397&doi=10.3390%2fdiagnostics12071628&partnerID=40&md5=6e1f7b12eb723fbd8694fe1b30481367,Anand V.; Gupta S.; Altameem A.; Nayak S.R.; Poonia R.C.; Saudagar A.K.J.,2022,121.0,"Skin cancer is the most commonly diagnosed and reported malignancy worldwide. To reduce the death rate from cancer, it is essential to diagnose skin cancer at a benign stage as soon as possible. To save lives, an automated system that can detect skin cancer in its earliest stages is necessary. For the diagnosis of skin cancer, various researchers have performed tasks using deep learning and transfer learning models. However, the existing literature is limited in terms of its accuracy and its troublesome and time-consuming process. As a result, it is critical to design an automatic system that can deliver a fast judgment and considerably reduce mistakes in diagnosis. In this work, a deep learning-based model has been designed for the identification of skin cancer at benign and malignant stages using the concept of transfer learning approach. For this, a pre-trained VGG16 model is improved by adding one flatten layer, two dense layers with activation function (LeakyReLU) and another dense layer with activation function (sigmoid) to enhance the accuracy of this model. This proposed model is evaluated on a dataset obtained from Kaggle. The techniques of data augmentation are applied in order to enhance the random-ness among the input dataset for model stability. The proposed model has been validated by considering several useful hyper parameters such as different batch sizes of 8, 16, 32, 64, and 128; different epochs and optimizers. The proposed model is working best with an overall accuracy of 89.09% on 128 batch size with the Adam optimizer and 10 epochs and outperforms state-of-the-art techniques. This model will help dermatologists in the early diagnosis of skin cancers. © 2022 by the authors. Licensee MDPI, Basel, Switzerland.",Classification (Diagnosis Of Skin Cancer At Benign And Malignant Stages),Kaggle,3297,No (Balanced via Data Augmentation),No reported,"Rotation (90°), Flipping (Horizontal/Vertical), Brightness adjustment",,Binary (Benign vs Malignant),VGG16 (Modified with LeakyReLU/Sigmoid dense layers),Fine-tuning / Modified Architecture,Yes (ImageNet),"Accuracy, Precision, Sensitivity, F1 Score",ACC: 89.09%,Yes,Scope for improving overall accuracy and balancing True Positives/True Negatives,Build more suitable models; enhance TP/TN rates simultaneously
Skin Lesion Segmentation Based on Vision Transformers and Convolutional Neural Networks—A Comparative Study,10.3390/app12125990,https://www.scopus.com/inward/record.uri?eid=2-s2.0-85132311131&doi=10.3390%2fapp12125990&partnerID=40&md5=0c8241e6b0ddef05d03754f0fd7654c8,Gulzar Y.; Khan S.A.,2022,82.0,"Melanoma skin cancer is considered as one of the most common diseases in the world. Detecting such diseases at early stage is important to saving lives. During medical examinations, it is not an easy task to visually inspect such lesions, as there are similarities between lesions. Technological advances in the form of deep learning methods have been used for diagnosing skin lesions. Over the last decade, deep learning, especially CNN (convolutional neural networks), has been found one of the promising methods to achieve state-of-art results in a variety of medical imaging applications. However, ConvNets’ capabilities are considered limited due to the lack of understanding of long-range spatial relations in images. The recently proposed Vision Transformer (ViT) for image classification employs a purely self-attention-based model that learns long-range spatial relations to focus on the image’s relevant parts. To achieve better performance, existing transformer-based network architectures require large-scale datasets. However, because medical imaging datasets are small, applying pure transformers to medical image analysis is difficult. ViT emphasizes the low-resolution features, claiming that the successive downsampling results in a lack of detailed localization information, rendering it unsuitable for skin lesion image classification. To improve the recovery of detailed localization information, several ViT-based image segmentation methods have recently been combined with ConvNets in the natural image domain. This study provides a comprehensive comparative study of U-Net and attention-based methods for skin lesion image segmentation, which will assist in the diagnosis of skin lesions. The results show that the hybrid TransUNet, with an accuracy of 92.11% and dice coefficient of 89.84%, outperforms other benchmarking methods. © 2022 by the authors. Licensee MDPI, Basel, Switzerland.",Segmentation,ISIC 2018,3594 (2594 training and 1000 testing images),No reported,Resizing (512x512),No reported,Lesion Boundary,,"U-Net, V-Net, Attention U-Net, TransUNet, Swin-UNet",Ensemble (Hybrid TransUNet combining Transformer and CNN architectures),No,"IoU, Dice Coeff, Precision, Recall, Accuracy",ACC: 92.11% (TransUNet on test set),Yes,Hybrid architectures require significantly more training and inference time compared to standard U-Net or V-Net models,Combining segmentation with classification to identify the possible progression of lesions
Skin Cancer Disease Detection using Transfer Learning Technique,10.3390/app12115714,https://www.scopus.com/inward/record.uri?eid=2-s2.0-85131881555&doi=10.3390%2fapp12115714&partnerID=40&md5=b1aebbb9dcf93cc41b5f5298e5eb9ffa,Rashid J.; Ishfaq M.; Ali G.; Saeed M.R.; Hussain M.; Alkhalifah T.; Alturise F.; Samand N.,2022,89.0,"Melanoma is a fatal type of skin cancer; the fury spread results in a high fatality rate when the malignancy is not treated at an initial stage. The patients’ lives can be saved by accurately detecting skin cancer at an initial stage. A quick and precise diagnosis might help increase the patient’s survival rate. It necessitates the development of a computer-assisted diagnostic support system. This research proposes a novel deep transfer learning model for melanoma classification using MobileNetV2. The MobileNetV2 is a deep convolutional neural network that classifies the sample skin lesions as malignant or benign. The performance of the proposed deep learning model is evaluated using the ISIC 2020 dataset. The dataset contains less than 2% malignant samples, raising the class imbalance. Various data augmentation techniques were applied to tackle the class imbalance issue and add diversity to the dataset. The experimental results demonstrate that the proposed deep learning technique outperforms state-of-the-art deep learning techniques in terms of accuracy and computational cost. © 2022 by the authors. Licensee MDPI, Basel, Switzerland.",Classification,ISIC 2020; ISIC 2019,33126 (ISIC 2020),No (Balanced via Data Augmentation),Resizing,"Rescaling, width shift, rotation, shear range, horizontal flip, zoom range (0.2), brightness transformation, and channel shift",,Binary (Malignant/Melanoma vs. Benign),MobileNetV2,New Architecture (Utilizes a novel deep transfer learning model based on MobileNetV2 with depthwise separable convolutions and inverted residuals),Yes (ImageNet),"Accuracy, F1-score, Precision, Recall, and AUC Score/ROC Curve",Average Accuracy: 98.2%; Leader Board Accuracy: 98.04%,"Yes (Outperformed several state-of-the-art models including CNN-based CMLD, ANN, and ensemble models)",Limited training data can lead to overfitting; original dataset was highly imbalanced (less than 2% malignant),Validating the model on a series of skin cancer images from patients in Pakistan
Improving Medical Images Classification with Label Noise Using Dual-Uncertainty Estimation,10.1109/TMI.2022.3141425,https://www.scopus.com/inward/record.uri?eid=2-s2.0-85122854096&doi=10.1109%2fTMI.2022.3141425&partnerID=40&md5=bc9eb7df2fc593bf4149861a7deffe92,Ju L.; Wang X.; Wang L.; Mahapatra D.; Zhao X.; Zhou Q.; Liu T.; Ge Z.,2022,84.0,"Deep neural networks are known to be data-driven and label noise can have a marked impact on model performance. Recent studies have shown great robustness to classic image recognition even under a high noisy rate. In medical applications, learning from datasets with label noise is more challenging since medical imaging datasets tend to have instance-dependent noise (IDN) and suffer from high observer variability. In this paper, we systematically discuss the two common types of label noise in medical images-disagreement label noise from inconsistency expert opinions and single-Target label noise from biased aggregation of individual annotations. We then propose an uncertainty estimation-based framework to handle these two label noise amid the medical image classification task. We design a dual-uncertainty estimation approach to measure the disagreement label noise and single-Target label noise via improved Direct Uncertainty Prediction and Monte-Carlo-Dropout. A boosting-based curriculum training procedure is later introduced for robust learning. We demonstrate the effectiveness of our method by conducting extensive experiments on three different diseases with synthesized and real-world label noise: skin lesions, prostate cancer, and retinal diseases. We also release a large re-engineered database that consists of annotations from more than ten ophthalmologists with an unbiased golden standard dataset for evaluation and benchmarking. The dataset is available at https://mmai.group/peoples/julie/. © 1982-2012 IEEE.",Classification,ISIC 2019; Gleason 2019; Kaggle DR+ (Private),25331 (ISIC 2019),No (Handles class imbalance using Focal Loss and boosting training),No reported,Horizontal flipping,,Both; Binary (Benign vs. Malignant for ISIC) and Multi-class (8 classes for ISIC; 4 for Gleason; 17 for Retinal),Dropout-ResNet-101 and 9-Layer CNN,New Architecture (Dual-uncertainty estimation framework),Yes (ImageNet),"AUC, Recall, Precision, F1 Score",AUC: 83.26% (ISIC 2019 under 10% noise),Yes,Potential limitations in handling typical medical factors like long-tailed and open-label recognition,Release of a large re-engineered database for ophthalmology benchmarking
Validation of artificial intelligence prediction models for skin cancer diagnosis using dermoscopy images: the 2019 International Skin Imaging Collaboration Grand Challenge,10.1016/S2589-7500(22)00021-8,https://www.scopus.com/inward/record.uri?eid=2-s2.0-85128465006&doi=10.1016%2fS2589-7500%2822%2900021-8&partnerID=40&md5=e976a5d3a063b60571135bdbb1e05cd4,Combalia M.; Codella N.; Rotemberg V.; Carrera C.; Dusza S.; Gutman D.; Helba B.; Kittler H.; Kurtansky N.R.; Liopyris K.; Marchetti M.A.; Podlipnik S.; Puig S.; Rinner C.; Tschandl P.; Weber J.; Halpern A.; Malvehy J.,2022,91.0,"Background: Previous studies of artificial intelligence (AI) applied to dermatology have shown AI to have higher diagnostic classification accuracy than expert dermatologists; however, these studies did not adequately assess clinically realistic scenarios, such as how AI systems behave when presented with images of disease categories that are not included in the training dataset or images drawn from statistical distributions with significant shifts from training distributions. We aimed to simulate these real-world scenarios and evaluate the effects of image source institution, diagnoses outside of the training set, and other image artifacts on classification accuracy, with the goal of informing clinicians and regulatory agencies about safety and real-world accuracy. Methods: We designed a large dermoscopic image classification challenge to quantify the performance of machine learning algorithms for the task of skin cancer classification from dermoscopic images, and how this performance is affected by shifts in statistical distributions of data, disease categories not represented in training datasets, and imaging or lesion artifacts. Factors that might be beneficial to performance, such as clinical metadata and external training data collected by challenge participants, were also evaluated. 25 331 training images collected from two datasets (in Vienna [HAM10000] and Barcelona [BCN20000]) between Jan 1, 2000, and Dec 31, 2018, across eight skin diseases, were provided to challenge participants to design appropriate algorithms. The trained algorithms were then tested for balanced accuracy against the HAM10000 and BCN20000 test datasets and data from countries not included in the training dataset (Turkey, New Zealand, Sweden, and Argentina). Test datasets contained images of all diagnostic categories available in training plus other diagnoses not included in training data (not trained category). We compared the performance of the algorithms against that of 18 dermatologists in a simulated setting that reflected intended clinical use. Findings: 64 teams submitted 129 state-of-the-art algorithm predictions on a test set of 8238 images. The best performing algorithm achieved 58·8% balanced accuracy on the BCN20000 data, which was designed to better reflect realistic clinical scenarios, compared with 82·0% balanced accuracy on HAM10000, which was used in a previously published benchmark. Shifted statistical distributions and disease categories not included in training data contributed to decreases in accuracy. Image artifacts, including hair, pen markings, ulceration, and imaging source institution, decreased accuracy in a complex manner that varied based on the underlying diagnosis. When comparing algorithms to expert dermatologists (2460 ratings on 1269 images), algorithms performed better than experts in most categories, except for actinic keratoses (similar accuracy on average) and images from categories not included in training data (26% correct for experts vs 6% correct for algorithms, p<0·0001). For the top 25 submitted algorithms, 47·1% of the images from categories not included in training data were misclassified as malignant diagnoses, which would lead to a substantial number of unnecessary biopsies if current state-of-the-art AI technologies were clinically deployed. Interpretation: We have identified specific deficiencies and safety issues in AI diagnostic systems for skin cancer that should be addressed in future diagnostic evaluation protocols to improve safety and reliability in clinical practice. Funding: Melanoma Research Alliance and La Marató de TV3. © 2022 The Author(s). Published by Elsevier Ltd. This is an Open Access article under the CC BY-NC-ND 4.0 license",Classification (Validation Of Ai Prediction Models For Skin Cancer Diagnosis Using Dermoscopy Images),HAM10000; BCN20000; etc,33569 (25331 training + 8238 test ),No reported,Resizing; specific preprocessing like hair removal not specified as a requirement,No reported,,"Both: Binary (Malignancy ) and Multi-class (Nevus, Melanoma, Benign Keratosis, Dermatofibroma, BCC, SCC, Vascular Lesion, Actinic Keratosis, and Not Trained )",EfficientNet and ResNet ensembles (top performing models),Ensemble,Yes ,"Balanced Accuracy , AUROC , sAUROC , Sensitivity",Balanced Accuracy: 63.6% (top algorithm); 58.8% on realistic BCN20000 data,Yes,"Poor generalizability to shifted statistical distributions , inability to identify untrained (out-of-distribution) categories , and performance degradation due to image artifacts","Prospective dataset design, closely supervised clinical trials, and developing robust methods to identify images outside of training distributions (""failing safely"")"
Deep Learning Methods for Accurate Skin Cancer Recognition and Mobile Application,10.3390/electronics11091294,https://www.scopus.com/inward/record.uri?eid=2-s2.0-85128434410&doi=10.3390%2felectronics11091294&partnerID=40&md5=1984337d74349b2110c320e70e87b063,Kousis I.; Perikos I.; Hatzilygeroudis I.; Virvou M.,2022,98.0,"Although many efforts have been made through past years, skin cancer recognition from medical images is still an active area of research aiming at more accurate results. Many efforts have been made in recent years based on deep learning neural networks. Only a few, however, are based on a single deep learning model and targeted to create a mobile application. Contributing to both efforts, first we present a summary of the required medical knowledge on skin cancer, followed by an extensive summary of the most recent related works. Afterwards, we present 11 CNN (convolutional neural network) candidate single architectures. We train and test those 11 CNN architectures, using the HAM10000 dataset, concerning seven skin lesion classes. To face the imbalance problem and the high similarity between images of some skin lesions, we apply data augmentation (during training), transfer learning and fine-tuning. From the 11 CNN architecture configurations, DenseNet169 produced the best results. It achieved an accuracy of 92.25%, a recall (sensitivity) of 93.59% and an F1-score of 93.27%, which outperforms existing state-of-the-art efforts. We used a light version of DenseNet169 in constructing a mobile android application, which was mapped as a two-class model (benign or malignant). A picture is taken via the mobile device camera, and after manual cropping, it is classified into benign or malignant type. The application can also inform the user about the allowed sun exposition time based on the current UV radiation degree, the phototype of the user’s skin and the degree of the used sunscreen. In conclusion, we achieved state-of-the-art results in skin cancer recognition based on a single, relatively light deep learning model, which we also used in a mobile application. © 2022 by the authors. Licensee MDPI, Basel, Switzerland.",Classification (Accurate Skin Cancer Recognition From Medical Images),HAM10000,10015,No (Balanced via Data Augmentation),Manual Cropping (in App),"Random crops, Rotations, Zoom, Horizontal/Vertical Flips",,Both (Binary: Benign vs Malignant in App; Multi-class: 7 classes in experiments),"DenseNet169 (Winner), DenseNet121, DenseNet201, VGG16, VGG19, ResNet50, InceptionV3, MobileNetV2, InceptionResNetV2",Comparison / Mobile Application Development,Yes (ImageNet),"Accuracy, Recall (Sensitivity), F1-Score, Precision, Specificity","ACC: 92.25%, Recall: 93.59%, F1: 93.27% (DenseNet169)","Yes (vs. MobileNet+LSTM, MSM-CNN, etc.)",Shortage of smartphone-taken skin lesion image databases for systematic app testing; imbalanced dataset,Use macro lens and stabilizer; AI super-resolution; flip image to be parallel; wireless sensor networks for data transfer; ensembles
MSRF-Net: A Multi-Scale Residual Fusion Network for Biomedical Image Segmentation,10.1109/JBHI.2021.3138024,https://www.scopus.com/inward/record.uri?eid=2-s2.0-85122078618&doi=10.1109%2fJBHI.2021.3138024&partnerID=40&md5=51ed416211a2f96867d8fe9db49a1113,Srivastava A.; Jha D.; Chanda S.; Pal U.; Johansen H.; Johansen D.; Riegler M.; Ali S.; Halvorsen P.,2022,234.0,"Methods based on convolutional neural networks have improved the performance of biomedical image segmentation. However, most of these methods cannot efficiently segment objects of variable sizes and train on small and biased datasets, which are common for biomedical use cases. While methods exist that incorporate multi-scale fusion approaches to address the challenges arising with variable sizes, they usually use complex models that are more suitable for general semantic segmentation problems. In this paper, we propose a novel architecture called Multi-Scale Residual Fusion Network (MSRF-Net), which is specially designed for medical image segmentation. The proposed MSRF-Net is able to exchange multi-scale features of varying receptive fields using a Dual-Scale Dense Fusion (DSDF) block. Our DSDF block can exchange information rigorously across two different resolution scales, and our MSRF sub-network uses multiple DSDF blocks in sequence to perform multi-scale fusion. This allows the preservation of resolution, improved information flow and propagation of both high-and low-level features to obtain accurate segmentation maps. The proposed MSRF-Net allows to capture object variabilities and provides improved results on different biomedical datasets. Extensive experiments on MSRF-Net demonstrate that the proposed method outperforms the cutting-edge medical image segmentation methods on four publicly available datasets. We achieve the Dice Coefficient (DSC) of 0.9217, 0.9420, and 0.9224, 0.8824 on Kvasir-SEG, CVC-ClinicDB, 2018 Data Science Bowl dataset, and ISIC-2018 skin lesion segmentation challenge dataset respectively. We further conducted generalizability tests and achieved DSC of 0.7921 and 0.7575 on CVC-ClinicDB and Kvasir-SEG, respectively.  © 2013 IEEE.",Segmentation,ISIC 2017; ISIC 2018;CVC-ClinicDB,3212 (2000 ISIC 2017 + 1212 ISIC 2018),No (Standard data splits used),Resizingand normalization,"Random rotation, horizontal/vertical flips, and elastic transformations",Both (Focuses on lesion boundaries but evaluates on various biomedical structures),,MSRF-Net (U-shaped architecture featuring Dual-Scale Dense Fusion (DSDF) blocks and a Multi-Scale Residual Fusion sub-network),New Architecture,No (Trained from scratch),"DSC, JI, Recall, Precision, and Accuracy",DSC: 0.8669 (ISIC 2017); DSC: 0.9217 (ISIC 2018),Yes,Performance on highly occluded or extremely low-contrast lesions can still be improved,Extending the MSRF-Net to 3D medical image segmentation and incorporating uncertainty estimation
Single Model Deep Learning on Imbalanced Small Datasets for Skin Lesion Classification,10.1109/TMI.2021.3136682,https://www.scopus.com/inward/record.uri?eid=2-s2.0-85122076853&doi=10.1109%2fTMI.2021.3136682&partnerID=40&md5=b8c9930ee4c2f33cf2e6b6978ccdfde7,Yao P.; Shen S.; Xu M.; Liu P.; Zhang F.; Xing J.; Shao P.; Kaffenberger B.; Xu R.X.,2022,146.0,"Deep convolutional neural network (DCNN) models have been widely explored for skin disease diagnosis and some of them have achieved the diagnostic outcomes comparable or even superior to those of dermatologists. However, broad implementation of DCNN in skin disease detection is hindered by small size and data imbalance of the publically accessible skin lesion datasets. This paper proposes a novel single-model based strategy for classification of skin lesions on small and imbalanced datasets. First, various DCNNs are trained on different small and imbalanced datasets to verify that the models with moderate complexity outperform the larger models. Second, regularization DropOut and DropBlock are added to reduce overfitting and a Modified RandAugment augmentation strategy is proposed to deal with the defects of sample underrepresentation in the small dataset. Finally, a novel Multi-Weighted New Loss (MWNL) function and an end-to-end cumulative learning strategy (CLS) are introduced to overcome the challenge of uneven sample size and classification difficulty and to reduce the impact of abnormal samples on training. By combining Modified RandAugment, MWNL and CLS, our single DCNN model method achieved the classification accuracy comparable or superior to those of multiple ensembling models on different dermoscopic image datasets. Our study shows that this method is able to achieve a high classification performance at a low cost of computational resources and inference time, potentially suitable to implement in mobile devices for automated screening of skin lesions and many other malignancies in low resource settings. © 1982-2012 IEEE.",Classification,ISIC 2017; ISIC 2018; ISIC 2019),35331,No (Handles imbalance via Multi-Weighted New Loss and cumulative learning strategy),Resizing (to 224x224 pixels) and normalization,"Modified RandAugment (including rotation, flip, solarization, etc.)",,Both; Binary (Melanoma vs. Others) and Multi-class (7 or 8 categories depending on dataset),"ResNet-34, EfficientNet-B0","New Architecture (integration of DropBlock, Modified RandAugment, and MWNL into a single-model strategy)",Yes (ImageNet),"Balanced Accuracy (BACC), Precision, Recall, F1-score, AUC",BACC: 82.5% (ISIC 2017); BACC: 84.1% (ISIC 2018); BACC: 64.9% (ISIC 2019),Yes,Computational cost of complex loss functions and the inherent difficulty of fine-grained classification in small datasets,Expanding the strategy to other medical imaging domains and investigating more advanced regularization techniques
Semi-supervised learning for medical image classification using imbalanced training data,10.1016/j.cmpb.2022.106628,https://www.scopus.com/inward/record.uri?eid=2-s2.0-85123608507&doi=10.1016%2fj.cmpb.2022.106628&partnerID=40&md5=9e41edd7fa44c3a6e011a355d68fa127,Huynh T.; Nibali A.; He Z.,2022,80.0,"Background and objective: Medical image classification is often challenging for two reasons: a lack of labelled examples due to expensive and time-consuming annotation protocols, and imbalanced class labels due to the relative scarcity of disease-positive individuals in the wider population. Semi-supervised learning methods exist for dealing with a lack of labels, but they generally do not address the problem of class imbalance. Hence, the purpose of this study is to explore a new approach to perturbation-based semi-supervised learning which tackles the problem of applying semi-supervised learning to medical image classification with imbalanced training data. Methods: In this study we propose Adaptive Blended Consistency Loss (ABCL), a simple yet effective drop-in replacement for consistency loss in perturbation-based semi-supervised learning methods. ABCL counteracts data skew by adaptively mixing the target class distribution of the consistency loss in accordance with class frequency. Our proposed method is evaluated and compared with existing methods on two different imbalanced medical image classification datasets. An ablation study is also provided to analyse the properties and effectiveness of our proposed method. Results: Our experiments with ABCL reveal improvements to unweighted average recall (UAR) when compared with existing consistency losses that are not designed to counteract class imbalance and other existing methods. Our proposed ABCL method is able to improve the performance of the baseline consistency loss approach from 0.59 to 0.67 UAR and outperforms methods that address the class imbalance problem for labelled data (between 0.51 and 0.59 UAR) and for unlabelled data (0.61 UAR) on the imbalanced skin cancer dataset. On the imbalanced retinal fundus glaucoma dataset, ABCL (combined with Weighted Cross Entropy loss) achieves 0.67 UAR, which is an improvement over the best existing approach (0.57 UAR). Conclusions: Overall the results show the effectiveness of ABCL to alleviate the class imbalance problem for semi-supervised classification for medical images. © 2022 Elsevier B.V.",Classification,ISIC 2018 ; ChestX-ray14,112120,No  (Addressed using Adaptive Blended Consistency Loss),Resizingand normalization,"Heavy and light perturbations (e.g., cropping, flipping, color jittering) for consistency training",,"Multi-class (7 classes for skin cancer: MEL, NV, BCC, AKIEC, BKL, DF, VASC)",WideResNet-28-2 and ResNet-50,New Architecture (Proposed ABCL as a drop-in replacement for consistency loss to tackle imbalanced training data),Yes (ImageNet),"Accuracy, F1-score, and Balanced Accuracy",F1-score: 60.1% (ISIC 2018 with 20% labeled data),Yes (Compared against standard semi-supervised methods like FixMatch and MixMatch),"Performance degrades significantly as the number of labeled samples decreases, especially for minority classes",Extending the ABCL framework to other medical imaging tasks and exploring the integration of self-supervised pre-training
Fully transformer network for skin lesion analysis,10.1016/j.media.2022.102357,https://www.scopus.com/inward/record.uri?eid=2-s2.0-85123843454&doi=10.1016%2fj.media.2022.102357&partnerID=40&md5=e0721984d9e006a145eec17d91bb5f12,He X.; Tan E.-L.; Bi H.; Zhang X.; Zhao S.; Lei B.,2022,97.0,"Automatic skin lesion analysis in terms of skin lesion segmentation and disease classification is of great importance. However, these two tasks are challenging as skin lesion images of multi-ethnic population are collected using various scanners in multiple international medical institutes. To address them, most recent works adopt convolutional neural networks (CNNs) for skin lesion analysis. However, due to the intrinsic locality of the convolution operator, CNNs lack the ability to capture contextual information and long-range dependency. To improve the baseline performance established by CNNs, we propose a Fully Transformer Network (FTN) to learn long-range contextual information for skin lesion analysis. FTN is a hierarchical Transformer computing features using Spatial Pyramid Transformer (SPT). SPT has linear computational complexity as it introduces a spatial pyramid pooling (SPP) module into multi-head attention (MHA)to largely reduce the computation and memory usage. We conduct extensive skin lesion analysis experiments to verify the effectiveness and efficiency of FTN using ISIC 2018 dataset. Our experimental results show that FTN consistently outperforms other state-of-the-art CNNs in terms of computational efficiency and the number of tunable parameters due to our efficient SPT and hierarchical network structure. The code and models will be public available at: https://github.com/Novestars/Fully-Transformer-Network. © 2022 Elsevier B.V.",Segmentation / Classification,ISIC 2018; ISIC 2019; ISIC 2020,12619,No (External data used for ISIC 2020 to alleviate imbalance),Resizing (512x512 for Seg; 224x224 for Class),"Random horizontal/vertical flip, Random rotation (0-360°)",Lesion Boundary,Both,FTN (Hierarchical Transformer with Spatial Pyramid Transformer [SPT] and Sliding Window Tokenization [SWT]),New Architecture (Fully Transformer-based hierarchical network),Yes ,"Accuracy, Sensitivity, Specificity, Jaccard Index, Dice, AUC, MAUC, Precision","JI: 82.8%, DSC: 89.8% (Seg); AUC: 89.7% (Class)","Yes (vs. UNet, AttUNet, ResUNet, R2UNet, FCN)",Fails in extreme cases with extremely low contrast between background and foreground,Stimulate more research on other medical image segmentation tasks using Transformers
Machine Learning and Deep Learning Algorithms for Skin Cancer Classification from Dermoscopic Images,10.3390/bioengineering9030097,https://www.scopus.com/inward/record.uri?eid=2-s2.0-85125801383&doi=10.3390%2fbioengineering9030097&partnerID=40&md5=3f21f198e2b1930bd917f83e3f164a99,Bechelli S.; Delhommelle J.,2022,115.0,"We carry out a critical assessment of machine learning and deep learning models for the classification of skin tumors. Machine learning (ML) algorithms tested in this work include logistic regression, linear discriminant analysis, k-nearest neighbors classifier, decision tree classifier and Gaussian naive Bayes, while deep learning (DL) models employed are either based on a custom Convolutional Neural Network model, or leverage transfer learning via the use of pre-trained models (VGG16, Xception and ResNet50). We find that DL models, with accuracies up to 0.88, all outperform ML models. ML models exhibit accuracies below 0.72, which can be increased to up to 0.75 with ensemble learning. To further assess the performance of DL models, we test them on a larger and more imbalanced dataset. Metrics, such as the F-score and accuracy, indicate that, after fine-tuning, pre-trained models perform extremely well for skin tumor classification. This is most notably the case for VGG16, which exhibits an F-score of 0.88 and an accuracy of 0.88 on the smaller database, and metrics of 0.70 and 0.88, respectively, on the larger database. © 2022 by the authors. Licensee MDPI, Basel, Switzerland.",Classification,Kaggle; HAM10000,13312 (3297 from Kaggle and 10015 from HAM10000),No (Balanced via Data Augmentation),Resizing; pixel value rescaling (0 to 1);  vectorization,"Random rotations, random zooms, and random flips",,Binary (Benign vs. Malignant),"Logistic Regression, LDA, KNN, CART, Gaussian Naive Bayes, Custom CNN, VGG16, Xception, ResNet50",Ensemble and Transfer Learning,Yes (ImageNet),"Accuracy, Precision, Recall, F-score, ROC curve, AUC",Accuracy: 0.88; F-score: 0.88 (VGG16 with fine-tuning),Yes,ML models exhibit high false negatives (low recall/F-score); dataset imbalance significantly impacts DL performance metrics like F-score,Systematic study of pre-trained models as resource extractors for other ML classifiers; further optimization of data preprocessing (noise/artifact removal)
W-net and inception residual network for skin lesion segmentation and classification,10.1007/s10489-021-02652-4,https://www.scopus.com/inward/record.uri?eid=2-s2.0-85111899164&doi=10.1007%2fs10489-021-02652-4&partnerID=40&md5=163c3bf138ed52c0dc1ad83a2ef92b9c,Khouloud S.; Ahlem M.; Fadel T.; Amel S.,2022,80.0,"Melanoma is a serious skin disease. Automatic recognition of this lesion by dermoscopic images is a difficult task. Recently, the deep learning paradigm has become a good alternative to detect different types of diseases. In this article, we propose a new deep learning system for melanoma detection. The system consists of three steps: pre-processing, segmentation and classification. The particularity of this work is the introduction of two new deep learning network architectures, W-net and Inception-Resnet, to solve, respectively, the problem of segmentation and the problem of classification. W-net is composed of a ResNet Encoder-Decoder, a ConvNet Encoder-Decoder and a Feature Pyramid network. The use of two concatenated encoder-decoder architectures has significantly improved the segmentation results. Inception-Resnet includes an Inception-Resnet block, which is a fusion of inception with the residual neural network. With this architecture, classification is much more robust. We evaluated the proposed system on the PH2 dataset and on the International Skin Imaging Collaboration datasets (ISIC 2016, ISIC 2017 and ISIC 2018). The results are discussed in terms of accuracy, sensitivity, specificity, dice coefficient and precision. The comparison of the proposed approach with other related work confirmed the advantages of our technique. © 2021, The Author(s), under exclusive licence to Springer Science+Business Media, LLC, part of Springer Nature.",Segmentation / Classification,"PH2, ISIC 2016, ISIC 2017, ISIC 2018",6673 (200 from PH2; 1279 from ISIC 2016; 2600 from ISIC 2017; 2594 from ISIC 2018),No reported,"Gaussian filter (to minimize artifacts like fogs, hairs, and marks), binary thresholding, Canny algorithm, cropping, and resizing (to 180x180 pixels)",No reported,Lesion Boundary,"Both; Binary (Melanoma vs. others) and Multi-class (Melanoma, Keratosis, Benign; and various ISIC 2018 classes)",W-net (ResNet and ConvNet Encoder-Decoder) for segmentation and Inception-ResNet for classification,New Architecture,No,"Accuracy, Sensitivity, Specificity, Dice similarity, Precision, and Recall",Segmentation Accuracy: 97.94% (ISIC 2017); Classification Accuracy: 98.50% (PH2),Yes,Computational cost of dual encoder-decoder architectures; reliance on image clarity for precise border extraction,Combining more advanced deep architectures for accurate cancer classification and using the Inception Resnet block for segmentation tasks
InSiNet: a deep convolutional approach to skin cancer detection and segmentation,10.1007/s11517-021-02473-0,https://www.scopus.com/inward/record.uri?eid=2-s2.0-85123098624&doi=10.1007%2fs11517-021-02473-0&partnerID=40&md5=ae52d55bff05492e028ff2b38505a2ab,Reis H.C.; Turk V.; Khoshelham K.; Kaya S.,2022,111.0,"Cancer is among the common causes of death around the world. Skin cancer is one of the most lethal types of cancer. Early diagnosis and treatment are vital in skin cancer. In addition to traditional methods, method such as deep learning is frequently used to diagnose and classify the disease. Expert experience plays a major role in diagnosing skin cancer. Therefore, for more reliable results in the diagnosis of skin lesions, deep learning algorithms can help in the correct diagnosis. In this study, we propose InSiNet, a deep learning-based convolutional neural network to detect benign and malignant lesions. The performance of the method is tested on International Skin Imaging Collaboration HAM10000 images (ISIC 2018), ISIC 2019, and ISIC 2020, under the same conditions. The computation time and accuracy comparison analysis was performed between the proposed algorithm and other machine learning techniques (GoogleNet, DenseNet-201, ResNet152V2, EfficientNetB0, RBF-support vector machine, logistic regression, and random forest). The results show that the developed InSiNet architecture outperforms the other methods achieving an accuracy of 94.59%, 91.89%, and 90.54% in ISIC 2018, 2019, and 2020 datasets, respectively. Since the deep learning algorithms eliminate the human factor during diagnosis, they can give reliable results in addition to traditional methods. Graphical abstract: [Figure not available: see fulltext.] © 2022, International Federation for Medical and Biological Engineering.",Classification (Detection) / Segmentation,"ISIC 2018, ISIC 2019, ISIC 2020",68472 (10015 from ISIC 2018; 25331 from ISIC 2019; 33126 from ISIC 2020),No (Handled by experimental data splitting),"Hair removal (OpenCV morphologyEx and threshold), Image cropping (Gaussian Blur and Otsu algorithm), resizing, and pixel normalization ([0-1] range)",No reported,Lesion Boundary (via U-Net and DeepLabV3-Plus),Binary (Benign vs. Malignant),InSiNet (Inception Block Skin Network) based on the Inception module,New Architecture,No,"Accuracy, Sensitivity, Specificity, ROC-AUC, Jaccard Index, Dice Coefficient",Accuracy: 94.59% (ISIC 2018),Yes,Hardware limitations constrained the number of images used; need for testing on larger datasets and in .dicom format,Testing the algorithm on larger datasets; enhancing the architecture with DenseNet blocks or meta-heuristic algorithms
A Non-Invasive Interpretable Diagnosis of Melanoma Skin Cancer Using Deep Learning and Ensemble Stacking of Machine Learning Models,10.3390/diagnostics12030726,https://www.scopus.com/inward/record.uri?eid=2-s2.0-85127372282&doi=10.3390%2fdiagnostics12030726&partnerID=40&md5=1b5b548c206432744554526730db7d61,Alfi I.A.; Rahman M.M.; Shorfuzzaman M.; Nazir A.,2022,83.0,"A skin lesion is a portion of skin that observes abnormal growth compared to other areas of the skin. The ISIC 2018 lesion dataset has seven classes. A miniature dataset version of it is also available with only two classes: malignant and benign. Malignant tumors are tumors that are cancerous, and benign tumors are non-cancerous. Malignant tumors have the ability to multiply and spread throughout the body at a much faster rate. The early detection of the cancerous skin lesion is crucial for the survival of the patient. Deep learning models and machine learning models play an essential role in the detection of skin lesions. Still, due to image occlusions and imbalanced datasets, the accuracies have been compromised so far. In this paper, we introduce an interpretable method for the non-invasive diagnosis of melanoma skin cancer using deep learning and ensemble stacking of machine learning models. The dataset used to train the classifier models contains balanced images of benign and malignant skin moles. Hand-crafted features are used to train the base models (logistic regression, SVM, random forest, KNN, and gradient boosting machine) of machine learning. The prediction of these base models was used to train level one model stacking using cross-validation on the training set. Deep learning models (MobileNet, Xception, ResNet50, ResNet50V2, and DenseNet121) were used for transfer learning, and were already pre-trained on ImageNet data. The classifier was evaluated for each model. The deep learning models were then ensembled with different combinations of models and assessed. Furthermore, shapely adaptive explanations are used to construct an interpretability approach that generates heatmaps to identify the parts of an image that are most suggestive of the illness. This allows dermatologists to understand the results of our model in a way that makes sense to them. For evaluation, we calculated the accuracy, F1-score, Cohen’s kappa, confusion matrix, and ROC curves and identified the best model for classifying skin lesions. © 2022 by the authors. Licensee MDPI, Basel, Switzerland.",Classification (Non-Invasive Diagnosis Of Melanoma Skin Cancer),ISIC 2018 ,3297,"Yes (Balanced: 1440 Benign, 1197 Malignant in training)","Rescaling, Normalization, Shuffling","Rotation, Shear, Zoom, Horizontal/Vertical Flip",,Binary (Malignant vs. Benign),"MobileNet, Xception, ResNet50, ResNet50V2, DenseNet121 (DL); Logistic Regression, SVM, RF, KNN, GBM (ML Stacking)","Ensemble Stacking, Interpretability (SHAP)",Yes (ImageNet),"Accuracy, F1-score, Cohen's Kappa, Confusion Matrix, ROC/AUC","ACC: 92.0%, AUC: 0.97 (Ensemble of 3 best DL models)",Yes,Small dataset size; images contain occlusions like hair or rulers,Combine ML and DL approaches; efficient data purification to remove occlusions
Classification of human chronic inflammatory skin disease based on single-cell immune profiling,10.1126/sciimmunol.abl9165,https://www.scopus.com/inward/record.uri?eid=2-s2.0-85128488043&doi=10.1126%2fsciimmunol.abl9165&partnerID=40&md5=c08f873a8aaa8e6f12db6bca61e6242f,Liu Y.; Wang H.; Taylor M.; Cook C.; Martínez-Berdeja A.; North J.P.; Harirchian P.; Hailer A.A.; Zhao Z.; Ghadially R.; Ricardo-Gonzalez R.R.; Grekin R.C.; Mauro T.M.; Kim E.; Choi J.; Purdom E.; Cho R.J.; Cheng J.B.,2022,99.0,"Inflammatory conditions represent the largest class of chronic skin disease, but the molecular dysregulation underlying many individual cases remains unclear. Single-cell RNA sequencing (scRNA-seq) has increased precision in dissecting the complex mixture of immune and stromal cell perturbations in inflammatory skin disease states. We single-cell-profiled CD45+ immune cell transcriptomes from skin samples of 31 patients (7 atopic dermatitis, 8 psoriasis vulgaris, 2 lichen planus (LP), 1 bullous pemphigoid (BP), 6 clinical/histopathologically indeterminate rashes, and 7 healthy controls). Our data revealed active proliferative expansion of the Treg and Trm components and universal T cell exhaustion in human rashes, with a relative attenuation of antigen-presenting cells. Skin-resident memory T cells showed the greatest transcriptional dysregulation in both atopic dermatitis and psoriasis, whereas atopic dermatitis also demonstrated recurrent abnormalities in ILC and CD8+ cytotoxic lymphocytes. Transcript signatures differentiating these rash types included genes previously implicated in T helper cell (TH2)/TH17 diatheses, segregated in unbiased functional networks, and accurately identified disease class in untrained validation data sets. These gene signatures were able to classify clinicopathologically ambiguous rashes with diagnoses consistent with therapeutic response. Thus, we have defined major classes of human inflammatory skin disease at the molecular level and described a quantitative method to classify indeterminate instances of pathologic inflammation. To make this approach accessible to the scientific community, we created a proof-of-principle web interface (RashX), where scientists and clinicians can visualize their patient-level rash scRNA-seq-derived data in the context of our TH2/TH17 transcriptional framework.  © 2022 The Authors.",Classification,"Clinical Data (UCSF), Reynolds et al. (External Validation)",158037 Single Cells profiled; 31 Samples,"No (Imbalanced: 8 PV, 7 AD, 2 LP, 1 BP, 6 CIR, 7 HC)",,No reported,,Molecular Classification: AD vs PV),"Seurat (Louvain Clustering), MAST (Hurdle Model), UMAP",Molecular classification of indeterminate rashes; Web interface (RashX),No,"P-value, Log Fold Change, Normalized Cut Score, Canberra Distance",P = 0.001 (Segregation score),Yes (Validation on Reynolds et al. dataset),"Small sample size; variability in covariates (age, site); underrepresentation of APCs due to CD45+ sorting",Expand dataset with larger cohorts; integrate clonality assessment; standardize molecular features for prognosis/drug response
Multiclass Skin Lesion Classification Using a Novel Lightweight Deep Learning Framework for Smart Healthcare,10.3390/app12052677,https://www.scopus.com/inward/record.uri?eid=2-s2.0-85126330860&doi=10.3390%2fapp12052677&partnerID=40&md5=ea3152907212be644ae0ef359989c78e,Hoang L.; Lee S.-H.; Lee E.-J.; Kwon K.-R.,2022,100.0,"Skin lesion classification has recently attracted significant attention. Regularly, physicians take much time to analyze the skin lesions because of the high similarity between these skin lesions. An automated classification system using deep learning can assist physicians in detecting the skin lesion type and enhance the patient’s health. The skin lesion classification has become a hot research area with the evolution of deep learning architecture. In this study, we propose a novel method using a new segmentation approach and wide-ShuffleNet for skin lesion classification. First, we calculate the entropy-based weighting and first-order cumulative moment (EW-FCM) of the skin image. These values are used to separate the lesion from the background. Then, we input the segmentation result into a new deep learning structure wide-ShuffleNet and determine the skin lesion type. We evaluated the proposed method on two large datasets: HAM10000 and ISIC2019. Based on our numerical results, EW-FCM and wide-ShuffleNet achieve more accuracy than state-ofthe-art approaches. Additionally, the proposed method is superior lightweight and suitable with a small system like a mobile healthcare system. © 2022 by the authors. Licensee MDPI, Basel, Switzerland.",Classification,HAM10000,10015 images,Yes (Balance loss used to handle the class imbalance problem),Resizingand Normalization,"Rotation, Shearing, Zooming, and Flipping (Horizontal/Vertical)",,"Multi-class (7 classes: AKIEC, BCC, BKL, DF, MEL, NV, VASC)",Lightweight CNN (based on MobileNetV2 with a Modified Depthwise Separable Convolution),New Architecture,Yes (ImageNet),"Accuracy, Precision, Recall, F1-score",Accuracy: 95.3%,Yes,"Performance on extremely rare classes (e.g., DF) is lower than on common classes; reliance on dermoscopic images rather than clinical ones",Developing a mobile application for real-time diagnosis; exploring federated learning for privacy-preserving data sharing between hospitals
Eff2Net: An efficient channel attention-based convolutional neural network for skin disease classification,10.1016/j.bspc.2021.103406,https://www.scopus.com/inward/record.uri?eid=2-s2.0-85120481666&doi=10.1016%2fj.bspc.2021.103406&partnerID=40&md5=ef385345748d9f62e50e96c17d2fdaca,Karthik R.; Vaichole T.S.; Kulkarni S.K.; Yadav O.; Khan F.,2022,105.0,"The primary layer of protection for vital organs in the human body is the skin. It functions as a barrier to protect our internal organs from different sources. However, infections caused by fungus, viruses, or even dust can damage the skin. A tiny lesion on the skin can grow into something that can cause serious health problems. A good diagnosis can help the person suffering from a skin disease to recover quickly. This research aims to develop a system for detecting skin diseases using a Convolution Neural Network (CNN). The proposed model named Eff2Net is built on EfficientNetV2 in conjunction with the Efficient Channel Attention (ECA) block. This research attempts to replace the standard Squeeze and Excitation (SE) block in the EfficientNetV2 architecture with the ECA block. By doing so, it was observed that there was a significant drop in the total number of trainable parameters. The proposed CNN learnt around 16 M parameters to classify the disease, which is comparatively less than the existing deep learning approaches reported in the literature. This skin disease classification was performed on four classes: acne, actinic keratosis (AK), melanoma, and psoriasis. The model achieved an overall testing accuracy of 84.70%. © 2021 Elsevier Ltd",Classification,DermNet NZ; Derm7pt; DermatoWeb; Fitzpatrick17k; Skin Cancer Detection Dataset; PAD-UFES-20; IEEE DataPort; SD-198; Kaggle (Skin disease image; Various Skin Diseases); DermAtlas; Hellenic Derm Atlas; Meddean,4930 (Original); 17329 (Augmented),Yes (Balanced via Augmentation),Resizing (300x300),"Random contrast enhancement, Horizontal flipping, Negative 90-degree rotation, Random zooming",,"Multi-class (4 classes: Acne, Actinic Keratosis, Melanoma, Psoriasis)",Eff2Net (EfficientNetV2 backbone with Efficient Channel Attention blocks),New Architecture (Modified EfficientNetV2 with ECA),No,"Accuracy, Precision, Recall, F1-score, Confusion Matrix",ACC: 84.70%,"Yes (vs. InceptionV3, ResNet-50, DenseNet-201, EfficientNet-B4, EfficientNetV2-S)",Increasing classes increases complexity; Study limited to 4 specific diseases,Apply to other disease classification problems using microscopic and histopathological images
Melanoma Classification Using a Novel Deep Convolutional Neural Network with Dermoscopic Images,10.3390/s22031134,https://www.scopus.com/inward/record.uri?eid=2-s2.0-85123859617&doi=10.3390%2fs22031134&partnerID=40&md5=356128550fdc606db5efaf12ccd07bd1,Kaur R.; Gholamhosseini H.; Sinha R.; Lindén M.,2022,125.0,"Automatic melanoma detection from dermoscopic skin samples is a very challenging task. However, using a deep learning approach as a machine vision tool can overcome some challenges. This research proposes an automated melanoma classifier based on a deep convolutional neural network (DCNN) to accurately classify malignant vs. benign melanoma. The structure of the DCNN is carefully designed by organizing many layers that are responsible for extracting low to high-level features of the skin images in a unique fashion. Other vital criteria in the design of DCNN are the selection of multiple filters and their sizes, employing proper deep learning layers, choosing the depth of the network, and optimizing hyperparameters. The primary objective is to propose a lightweight and less complex DCNN than other state-of-the-art methods to classify melanoma skin cancer with high efficiency. For this study, dermoscopic images containing different cancer samples were obtained from the International Skin Imaging Collaboration datastores (ISIC 2016, ISIC2017, and ISIC 2020). We evaluated the model based on accuracy, precision, recall, specificity, and F1-score. The proposed DCNN classifier achieved accuracies of 81.41%, 88.23%, and 90.42% on the ISIC 2016, 2017, and 2020 datasets, respectively, demonstrating high performance compared with the other state-of-the-art networks. Therefore, this proposed approach could provide a less complex and advanced framework for automating the melanoma diagnostic process and expediting the identification process to save a life. © 2022 by the authors. Licensee MDPI, Basel, Switzerland.",Classification,ISIC 2017; ISIC 2018; and ISIC 2019,"2000 (ISIC 2017), 10,015 (ISIC 2018), 25331 (ISIC 2019) 4",No (Used Oversampling),Resizing and pixel value normalization (standardization),"Rotation, flipping, zooming, and brightness/contrast adjustments 7",Lesion Boundary 8,Binary (Melanoma vs. Non-Melanoma) 9,Novel DCNN (7 Convolutional layers + 3 Fully Connected layers) 10,New Architecture 11,No,"Accuracy, Sensitivity, Specificity, Precision, F1-score, AUC 13",Accuracy: 92.2% (ISIC 2018); 89.2% (ISIC 2019) 14,Yes 15,Computational complexity of the novel architecture; performance drops as the number of disease classes increases 16,Improving the architecture for multi-class classification and real-time mobile deployment 17
FusionM4Net: A multi-stage multi-modal learning algorithm for multi-label skin lesion classification,10.1016/j.media.2021.102307,https://www.scopus.com/inward/record.uri?eid=2-s2.0-85120318204&doi=10.1016%2fj.media.2021.102307&partnerID=40&md5=575e57c4896c9e935d14ef837e44b2b3,Tang P.; Yan X.; Nan Y.; Xiang S.; Krammer S.; Lasser T.,2022,81.0,"Skin disease is one of the most common diseases in the world. Deep learning-based methods have achieved excellent skin lesion recognition performance, most of which are based on only dermoscopy images. In recent works that use multi-modality data (patient's meta-data, clinical images, and dermoscopy images), the methods adopt a one-stage fusion approach and only optimize the information fusion at the feature level. These methods do not use information fusion at the decision level and thus cannot fully use the data of all modalities. This work proposes a novel two-stage multi-modal learning algorithm (FusionM4Net) for multi-label skin diseases classification. At the first stage, we construct a FusionNet, which exploits and integrates the representation of clinical and dermoscopy images at the feature level, and then uses a Fusion Scheme 1 to conduct the information fusion at the decision level. At the second stage, to further incorporate the patient's meta-data, we propose a Fusion Scheme 2, which integrates the multi-label predictive information from the first stage and patient's meta-data information to train an SVM cluster. The final diagnosis is formed by the fusion of the predictions from the first and second stages. Our algorithm was evaluated on the seven-point checklist dataset, a well-established multi-modality multi-label skin disease dataset. Without using the patient's meta-data, the proposed FusionM4Net's first stage (FusionM4Net-FS) achieved an average accuracy of 75.7% for multi-classification tasks and 74.9% for diagnostic tasks, which is more accurate than other state-of-the-art methods. By further fusing the patient's meta-data at FusionM4Net's second stage (FusionM4Net-SS), the entire FusionM4Net finally boosts the average accuracy to 77.0% and the diagnostic accuracy to 78.5%, which indicates its robust and excellent classification performance on the label-imbalanced dataset. The corresponding code is available at: https://github.com/pixixiaonaogou/MLSDR. © 2021 Elsevier B.V.",Classification,Seven-point checklist,"1011 (413 Train, 203 Validation, 395 Test)",No (Handled via data augmentation and weighted average fusion schemes),Resizing (224x224x3),"Random vertical and horizontal flips, shifts, and distortions","Attributes (Pigment Network, Streaks, Pigment, Regression Structures, Dots/Globules, Vascular Structures, Blue Whitish Veil)",Both (Multi-label classification of 7 attributes plus diagnostic label),FusionNet (Two ResNet-50 backbones) + SVM Cluster,New Architecture (Multi-stage fusion at feature and decision levels),Yes (ImageNet),"Accuracy (AVG), AUC, SEN, SPE, PRE",AVG Accuracy: 77.0%; Diagnostic Accuracy: 78.5%,Yes,Ignores label dependencies for the multi-label task,Use Graph Convolutional Networks (GCN) to capture label dependencies
Multi-features extraction based on deep learning for skin lesion classification,10.1016/j.tice.2021.101701,https://www.scopus.com/inward/record.uri?eid=2-s2.0-85120059180&doi=10.1016%2fj.tice.2021.101701&partnerID=40&md5=288fb0a81e6666f90ba2b8403018ee72,Benyahia S.; Meftah B.; Lézoray O.,2022,103.0,"For various forms of skin lesion, many different feature extraction methods have been investigated so far. Indeed, feature extraction is a crucial step in machine learning processes. In general, we can distinct handcrafted and deep learning features. In this paper, we investigate the efficiency of using 17 commonly pre-trained convolutional neural networks (CNN) architectures as feature extractors and of 24 machine learning classifiers to evaluate the classification of skin lesions from two different datasets: ISIC 2019 and PH2. In this research, we find out that a DenseNet201 combined with Fine KNN or Cubic SVM achieved the best results in accuracy (92.34% and 91.71%) for the ISIC 2019 dataset. The results also show that the suggested method outperforms others approaches with an accuracy of 99% on the PH2 dataset. © 2021 Elsevier Ltd",Classification,ISIC 2019; PH2,25531 (25331 from ISIC 2019 + 200 from PH2),No (Balanced via Data Augmentation),"Hair removal, smoothing (Adaptive median filters), and image enhancement (color correction, illumination/contrast/edge enhancement)","Rotation, zooming, shearing, cropping, flipping, skewing, and random color/brightness adjustments",,"Multi-class (8 classes for ISIC 2019: MEL, NV, BCC, AK, BKL, DF, VASC, SCC; 3 classes for PH2: common nevus, atypical nevus, melanoma)","17 pre-trained CNN architectures (including DenseNet201, ResNet series, InceptionV3, GoogLeNet, and MobileNet) used as feature extractors combined with 24 machine learning classifiers",Ensemble; Investigates two-step pipeline of deep learning feature extraction followed by traditional machine learning classifiers,Yes Yes (ImageNet),"ACC, Sensitivity, Specificity, Precision, Balanced Accuracy, and F-measure",ACC: 92.34% (ISIC 2019 with DenseNet201 + Fine KNN); ACC: 99.00% (PH2 with DenseNet201 + Cubic SVM),Yes (Compared with state-of-the-art models for both datasets),Traditional feature extraction is complex and dependent on a priori information; large public datasets are needed for reliable analysis,Designing hybrid models that integrate innumerable characteristics and identifying the optimal combinations of feature extractors and classifiers for specific clinical applications
Modified U-NET Architecture for Segmentation of Skin Lesion,10.3390/s22030867,https://www.scopus.com/inward/record.uri?eid=2-s2.0-85123281366&doi=10.3390%2fs22030867&partnerID=40&md5=e0dbd84794877551d7aa5d93664aeab4,Anand V.; Gupta S.; Koundal D.; Nayak S.R.; Barsocchi P.; Bhoi A.K.,2022,132.0,"Dermoscopy images can be classified more accurately if skin lesions or nodules are segmented. Because of their fuzzy borders, irregular boundaries, inter-and intra-class variances, and so on, nodule segmentation is a difficult task. For the segmentation of skin lesions from dermoscopic pictures, several algorithms have been developed. However, their accuracy lags well behind the industry standard. In this paper, a modified U-Net architecture is proposed by modifying the feature map’s dimension for an accurate and automatic segmentation of dermoscopic images. Apart from this, more kernels to the feature map allowed for a more precise extraction of the nodule. We evaluated the effectiveness of the proposed model by considering several hyper parameters such as epochs, batch size, and the types of optimizers, testing it with augmentation techniques implemented to enhance the amount of photos available in the PH2 dataset. The best performance achieved by the proposed model is with an Adam optimizer using a batch size of 8 and 75 epochs. © 2022 by the authors. Licensee MDPI, Basel, Switzerland.",Segmentation,PH2,200,No (Fixed split used),Resizing,Offline flipping and rotation,Lesion Boundary,,Modified U-Net (Modified feature map dimensions and increased kernels),New Architecture,No (Trained from scratch/standard initialization),"Jaccard Index, Dice Coefficient, Precision, Recall, Accuracy, Loss",Jaccard Coefficient: 0.976; Accuracy: 0.977,Yes,Limited dataset size (PH2); scope for further improving Dice Coefficient and Precision,Use segmented images for classification purposes to improve diagnosis accuracy; analyze Adadelta and SGD optimizers on different batch sizes/epochs
FAT-Net: Feature adaptive transformers for automated skin lesion segmentation,10.1016/j.media.2021.102327,https://www.scopus.com/inward/record.uri?eid=2-s2.0-85121231844&doi=10.1016%2fj.media.2021.102327&partnerID=40&md5=68848533fa9bce59dc8c28bb5fbcd835,Wu H.; Chen S.; Chen G.; Wang W.; Lei B.; Wen Z.,2022,437.0,"Skin lesion segmentation from dermoscopic image is essential for improving the quantitative analysis of melanoma. However, it is still a challenging task due to the large scale variations and irregular shapes of the skin lesions. In addition, the blurred lesion boundaries between the skin lesions and the surrounding tissues may also increase the probability of incorrect segmentation. Due to the inherent limitations of traditional convolutional neural networks (CNNs) in capturing global context information, traditional CNN-based methods usually cannot achieve a satisfactory segmentation performance. In this paper, we propose a novel feature adaptive transformer network based on the classical encoder-decoder architecture, named FAT-Net, which integrates an extra transformer branch to effectively capture long-range dependencies and global context information. Furthermore, we also employ a memory-efficient decoder and a feature adaptation module to enhance the feature fusion between the adjacent-level features by activating the effective channels and restraining the irrelevant background noise. We have performed extensive experiments to verify the effectiveness of our proposed method on four public skin lesion segmentation datasets, including the ISIC 2016, ISIC 2017, ISIC 2018, and PH2 datasets. Ablation studies demonstrate the effectiveness of our feature adaptive transformers and memory-efficient strategies. Comparisons with state-of-the-art methods also verify the superiority of our proposed FAT-Net in terms of both accuracy and inference speed. The code is available at https://github.com/SZUcsh/FAT-Net. © 2021 Elsevier B.V.",Segmentation ,ISIC 2016; ISIC 2017; ISIC 2018; PH2,6823 (ISIC 2016: 1279; ISIC 2017: 2750; ISIC 2018: 2594; PH2: 200),No (Pixel-level imbalance handled via Dice Loss),"Resizing (224x224), Patch Tokenization","Vertical Flip, Rotation, Brightness/Contrast, Hue/Saturation/Value",Lesion Boundary,,"FAT-Net (Dual Encoder: ResNet-34 + DeiT-tiny, Feature Adaptation Module, Memory-Efficient Decoder)",New Architecture (Dual CNN-Transformer Encoder),Yes (ImageNet),"Sensitivity, Specificity, Accuracy, IoU, Dice Coefficient, FPS","Dice: 91.59% (ISIC 2016), 85.00% (ISIC 2017), 89.03% (ISIC 2018), 94.40% (PH2)","Yes (vs. U-Net, AttU-Net, CPFNet, DAGAN, etc.)",Struggles with extremely low contrast and complex color variations,
Skin cancer detection from dermoscopic images using deep learning and fuzzy k-means clustering,10.1002/jemt.23908,https://www.scopus.com/inward/record.uri?eid=2-s2.0-85113439504&doi=10.1002%2fjemt.23908&partnerID=40&md5=e73bf302bcfd319b95b0ae0b49288096,Nawaz M.; Mehmood Z.; Nazir T.; Naqvi R.A.; Rehman A.; Iqbal M.; Saba T.,2022,216.0,"Melanoma skin cancer is the most life-threatening and fatal disease among the family of skin cancer diseases. Modern technological developments and research methodologies made it possible to detect and identify this kind of skin cancer more effectively; however, the automated localization and segmentation of skin lesion at earlier stages is still a challenging task due to the low contrast between melanoma moles and skin portion and a higher level of color similarity between melanoma-affected and -nonaffected areas. In this paper, we present a fully automated method for segmenting the skin melanoma at its earliest stage by employing a deep-learning-based approach, namely faster region-based convolutional neural networks (RCNN) along with fuzzy k-means clustering (FKM). Several clinical images are utilized to test the presented method so that it may help the dermatologist in diagnosing this life-threatening disease at its earliest stage. The presented method first preprocesses the dataset images to remove the noise and illumination problems and enhance the visual information before applying the faster-RCNN to obtain the feature vector of fixed length. After that, FKM has been employed to segment the melanoma-affected portion of skin with variable size and boundaries. The performance of the presented method is evaluated on the three standard datasets, namely ISBI-2016, ISIC-2017, and PH2, and the results show that the presented method outperforms the state-of-the-art approaches. The presented method attains an average accuracy of 95.40, 93.1, and 95.6% on the ISIC-2016, ISIC-2017, and PH2 datasets, respectively, which is showing its robustness to skin lesion recognition and segmentation. © 2021 Wiley Periodicals LLC.",Segmentation,ISIC-2016; ISIC-2017; PH2,3480 total (1280 from ISIC-2016; 2000 from ISIC-2017; 200 from PH2),No (Balanced via Data Augmentation),"Illumination adjustment, hair/blood vessel removal (morphological closing), and un-sharp filtering",No reported,Lesion Boundary (via Faster-RCNN and Fuzzy k-means clustering),Binary (Melanoma vs. Non-melanoma),Faster RCNN with VGG-16 backbone,Ensemble (combining Faster-RCNN for localization and FKM for segmentation),Yes,"Accuracy, Sensitivity, Specificity, and mAP",Accuracy: 95.4% (ISIC-2016); 95.2% (ISIC-2017); 96.1% (PH2),Yes,Potential sensitivity to images with intense chrominance changes and high computational cost,Extending the method to other skin diseases beyond melanoma
"Analysis of the ISIC image datasets: Usage, benchmarks and recommendations",10.1016/j.media.2021.102305,https://www.scopus.com/inward/record.uri?eid=2-s2.0-85120090707&doi=10.1016%2fj.media.2021.102305&partnerID=40&md5=a696c75534f0e819a6268dd21d661a21,Cassidy B.; Kendrick C.; Brodzicki A.; Jaworek-Korjakowska J.; Yap M.H.,2022,170.0,"The International Skin Imaging Collaboration (ISIC) datasets have become a leading repository for researchers in machine learning for medical image analysis, especially in the field of skin cancer detection and malignancy assessment. They contain tens of thousands of dermoscopic photographs together with gold-standard lesion diagnosis metadata. The associated yearly challenges have resulted in major contributions to the field, with papers reporting measures well in excess of human experts. Skin cancers can be divided into two major groups - melanoma and non-melanoma. Although less prevalent, melanoma is considered to be more serious as it can quickly spread to other organs if not treated at an early stage. In this paper, we summarise the usage of the ISIC dataset images and present an analysis of yearly releases over a period of 2016 - 2020. Our analysis found a significant number of duplicate images, both within and between the datasets. Additionally, we also noted duplicates spread across testing and training sets. Due to these irregularities, we propose a duplicate removal strategy and recommend a curated dataset for researchers to use when working on ISIC datasets. Given that ISIC 2020 focused on melanoma classification, we conduct experiments to provide benchmark results on the ISIC 2020 test set, with additional analysis on the smaller ISIC 2017 test set. Testing was completed following the application of our duplicate removal strategy and an additional data balancing step. As a result of removing 14,310 duplicate images from the training set, our benchmark results show good levels of melanoma prediction with an AUC of 0.80 for the best performing model. As our aim was not to maximise network performance, we did not include additional steps in our experiments. Finally, we provide recommendations for future research by highlighting irregularities that may present research challenges. A list of image files with reference to the original ISIC dataset sources for the recommended curated training set will be shared on our GitHub repository (available at www.github.com/mmu-dermatology-research/isic_duplicate_removal_strategy). © 2021 Elsevier B.V.",Classification (Analysis And Recommendation For Usage Of Isic Image Datasets),ISIC 2017; ISIC 2018; ISIC 2019; ISIC 2020,93083 (Total Raw); 56987 (Curated),No (Imbalanced); Balanced via Undersampling,"Duplicate Removal, Resizing (224x224), Center-cropping","Rotation, Zoom, Width/Height Shift, Shearing, Horizontal/Vertical Flip",,Both (Binary: Melanoma vs. Non-Melanoma; Multi-class: 7 classes),"DenseNet (121, 169, 201), EfficientNet (B0-B4), InceptionResNetV2, InceptionV3, ResNet (50, 101, 152, V2), VGG (16, 19), Xception",Benchmark / Analysis,No,"AUC, Accuracy, Precision, Recall, F1-score",AUC: 0.80 (VGG19 on ISIC 2020),Yes,"Class imbalance in test sets; Lack of ground truth for ISIC 2020 test set; Dataset noise (hair, rulers, markers) affects accuracy; Small dataset size after balancing",Use ensemble networks for noise; Compare balancing techniques (augmentation vs undersampling); Investigate feature extraction and color spaces
Deep learning-based skin lesion diagnosis model using dermoscopic images,10.32604/IASC.2022.019117,https://www.scopus.com/inward/record.uri?eid=2-s2.0-85115911030&doi=10.32604%2fIASC.2022.019117&partnerID=40&md5=5152ea9112a05b0dab8e0311340714b2,Reshma G.; Al-Atroshi C.; Nassa V.K.; Geetha B.T.; Sunitha G.; Galety M.G.; Neelakandan S.,2022,85.0,"In recent years, intelligent automation in the healthcare sector becomes more familiar due to the integration of artificial intelligence (AI) techniques. Intelligent healthcare systems assist in making better decisions, which further enable the patient to provide improved medical services. At the same time, skin lesion is a deadly disease that affects people of all age groups. Skin lesion segmentation and classification play a vital part in the earlier and precise skin cancer diagnosis by intelligent systems. However, the automated diagnosis of skin lesions in der-moscopic images is challenging because of the problems such as artifacts (hair, gel bubble, ruler marker), blurry boundary, poor contrast, and variable sizes and shapes of the lesion images. This study develops intelligent multilevel thresh-olding with deep learning (IMLT-DL) based skin lesion segmentation and classification model using dermoscopic images to address these problems. Primarily, the presented IMLT-DL model incorporates the Top hat filtering and inpainting technique for the pre-processing of the dermoscopic images. In addition, the Mayfly Optimization (MFO) with multilevel Kapur’s thresholding-based segmentation process is involved in determining the infected regions. Besides, an Inception v3 based feature extractor is applied to derive a valuable set of feature vectors. Finally, the classification process is carried out using a gradient boosting tree (GBT) model. The presented model’s performance takes place against the International Skin Imaging Collaboration (ISIC) dataset, and the experimental outcomes are inspected in different evaluation measures. The resultant experimental values ensure that the proposed IMLT-DL model outperforms the existing methods by achieving higher accuracy of 0.992. © 2022, Tech Science Press. All rights reserved.",Segmentation / Classification,ISIC Archive,Not specified (Test set: 309),No (Imbalanced in test set),"Grayscale conversion, Top hat filtering, Inpainting (Hair removal)",No reported,Lesion Boundary,"Multi-class (Angioma, Nevus, Lentigo NOS, Solar Lentigo, Melanoma, Seborrheic Keratosis, BCC)","Inception v3 (Feature Extractor), Gradient Boosting Tree (GBT)",New Method (IMLT-DL: MFO segmentation + Inception v3 features + GBT),Yes (Feature Extraction),"Sensitivity, Specificity, Accuracy, Precision, G-measure, ROC",ACC: 99.2%,Yes,No reported,Improve segmentation using advanced DL-based instantaneous techniques
Skin Cancer Detection Using Combined Decision of Deep Learners,10.1109/ACCESS.2022.3220329,https://www.scopus.com/inward/record.uri?eid=2-s2.0-85141553890&doi=10.1109%2fACCESS.2022.3220329&partnerID=40&md5=272e21b89203a29e5adf817eb0eb7932,Imran A.; Nasir A.; Bilal M.; Sun G.; Alzahrani A.; Almuhaimeed A.,2022,92.0,"Cancer is a deadly disease that arises due to the growth of uncontrollable body cells. Every year, a large number of people succumb to cancer and it's been labeled as the most serious public health snag. Cancer can develop in any part of the human anatomy, which may consist of trillions of cellules. One of the most frequent type of cancer is skin cancer which develops in the upper layer of the skin. Previously, machine learning techniques have been used for skin cancer detection using protein sequences and different kinds of imaging modalities. The drawback of the machine learning approaches is that they require human-engineered features, which is a very laborious and time-taking activity. Deep learning addressed this issue to some extent by providing the facility of automatic feature extraction. In this study, convolution-based deep neural networks have been used for skin cancer detection using ISIC public dataset. Cancer detection is a sensitive issue, which is prone to errors if not timely and accurately detected. The performance of the individual machine learning models to detect cancer is limited. The combined decision of individual learners is expected to be more accurate than the individual learners. The ensemble learning technique exploits the diversity of learners to yield a better decision. Thus, the prediction accuracy can be enhanced by combing the decision of individual learners for sensitive issues such as cancer detection. In this paper, an ensemble of deep learners has been developed using learners of VGG, CapsNet, and ResNet for skin cancer detection. The results show that the combined decision of deep learners is superior to the finding of individual learners in terms of sensitivity, accuracy, specificity, F-score, and precision. The experimental results of this study provide a compelling reason to be applied for other disease detection.  © 2013 IEEE.",Classification (Detection),ISIC 2019,5800 (3000 malignant and 2800 benign),"Yes (Malignant images were limited to 2,800 to match the number of benign images and avoid algorithmic bias)",Resizing,,,Binary (Malignant vs. Benign),"Ensemble of VGG16, CapsNet, and ResNet",Ensemble (Combined decision of three deep learners using majority weighting),No (Models were developed/trained on the training dataset),"Accuracy, Sensitivity, Specificity, F-Score, False-positive, and Precision",Accuracy: 93.5%,Yes (Compared against individual learners and state-of-the-art methods),Limited performance of individual learners on sensitive issues; limited medical data availability for deep learning training,Studying the achievement of reinforcement learning-based techniques for skin cancer detection
"DermoExpert: Skin lesion classification using a hybrid convolutional neural network through segmentation, transfer learning, and augmentation",10.1016/j.imu.2021.100819,https://www.scopus.com/inward/record.uri?eid=2-s2.0-85122529635&doi=10.1016%2fj.imu.2021.100819&partnerID=40&md5=0496eb0b8e91392b1e17c421d7d999f2,Hasan M.K.; Elahi M.T.E.; Alam M.A.; Jawad M.T.; Martí R.,2022,109.0,"Background and Objective: Although automated Skin Lesion Classification (SLC) is a crucial integral step in computer-aided diagnosis, it remains challenging due to variability in textures, colors, indistinguishable boundaries, and shapes. Methods: This article proposes an automated dermoscopic SLC framework named Dermoscopic Expert (DermoExpert). It combines the pre-processing and hybrid Convolutional Neural Network (hybrid-CNN). The proposed hybrid-CNN has three distinct feature extractor modules, which are fused to achieve better-depth feature maps of the lesion. Those single and fused feature maps are classified using different fully connected layers, then ensembled to predict a lesion class. In the proposed pre-processing, we apply lesion segmentation, augmentation (geometry- and intensity-based), and class rebalancing (penalizing the majority class's loss and merging additional images to the minority classes). Moreover, we leverage transfer learning from the pre-trained models. Finally, we deploy the weights of our DermoExpert to a possible web application. Results: We evaluate our DermoExpert on the ISIC-2016, ISIC-2017, and ISIC-2018 datasets, where the DermoExpert has achieved the area under the receiver operating characteristic curve (AUC) of 0.96, 0.95, and 0.97, respectively. The experimental results improve the state-of-the-art by the margins of 10.0% and 2.0%, respectively, for the ISIC-2016 and ISIC-2017 datasets in terms of AUC. The DermoExpert also outperforms by 3.0% for the ISIC-2018 dataset concerning a balanced accuracy. Conclusion: Since DermoExpert provides better classification outcomes on three different datasets, leading to a better recognition tool to assist dermatologists. Our source code and segmented masks for the ISIC-2018 dataset will be available as a public benchmark for future improvements. © 2022 The Authors",Classification,ISIC-2016; ISIC-2017; ISIC-2018,14044 (ISIC-2016: 1279; ISIC-2017: 2750; ISIC-2018: 10015),No (Weighted loss and additional external data used for rebalancing),"Lesion Segmentation (ROI extraction via DSNet), Resizing (192x192), Standardization, Rescaling","Geometry-based (Rotation 180°/270°), Intensity-based (Gamma, Logarithmic, Sigmoid corrections, Stretching/Shrinking)",Lesion Boundary,Both,"Hybrid-CNN (Custom blocks based on ResNet, Xception, DenseNet), DSNet (Segmentation)",Hybrid/Ensemble (Two-level ensembling: channel concatenation and FC averaging),Yes (ImageNet),"Recall, Specificity, IoU, Precision, F1-score, AUC","AUC: 0.97 (ISIC-2018), 0.96 (ISIC-2016)",Yes,"Difficulty balancing rare classes in ISIC-2018 (e.g., Dermatofibroma); High inter-class similarity (Nevus/Mel/SK) reduces ISIC-2017 performance",Generate synthetic realistic images (GANs) for underrepresented classes; Improve segmentation
Dermatologist-Level Classification of Skin Cancer Using Cascaded Ensembling of Convolutional Neural Network and Handcrafted Features Based Deep Neural Network,10.1109/ACCESS.2022.3149824,https://www.scopus.com/inward/record.uri?eid=2-s2.0-85124719303&doi=10.1109%2fACCESS.2022.3149824&partnerID=40&md5=d5d32ec5083edc523210060b0d92a094,Sharma A.K.; Tiwari S.; Aggarwal G.; Goenka N.; Kumar A.; Chakrabarti P.; Chakrabarti T.; Gono R.; Leonowicz Z.; Jasinski M.,2022,108.0,"Skin cancer is caused due to unusual development of skin cells and deadly type cancer. Early diagnosis is very significant and can avoid some categories of skin cancers, such as melanoma and focal cell carcinoma. The recognition and the classification of skin malignant growth in the beginning time is expensive and challenging. The deep learning architectures such as recurrent networks and convolutional neural networks (ConvNets) are developed in the past, which are proven appropriate for non-handcrafted extraction of complex features. To additional expand the efficiency of the ConvNet models, a cascaded ensembled network that uses an integration of ConvNet and handcrafted features based multi-layer perceptron is proposed in this work. This offered model utilizes the convolutional neural network model to mine non-handcrafted image features and colour moments and texture features as handcrafted features. It is demonstrated that accuracy of ensembled deep learning model is improved to 98.3% from 85.3% of convolutional neural network model.  © 2013 IEEE.",Classification,HAM10000,10015 (Augmented via SMOTE),No (Imbalanced); Balanced via SMOTE (Synthetic Minority Oversampling Technique),Resizing (28x28),SMOTE (Oversampling),,"Multi-class (7 classes: Actinic keratoses, Basal cell carcinoma, Benign keratosis, Dermatofibroma, Melanoma, Melanocytic nevi, Vascular skin lesions)",Custom CNN (4 layers) + MLP (Cascaded Ensemble),"Ensemble / Feature Fusion (CNN + Handcrafted Features: Color Moments, GLCM)",No,"Precision, Sensitivity, F-score, Accuracy, AUC",ACC: 98.3% (Cascaded Ensemble),Yes (vs. Standalone CNN),Higher computational complexity compared to standalone CNN due to additional feature extraction step,"Combine clinical features (sex, age, itching, burns, medical history) with handcrafted features for a more robust model"
Ms RED: A novel multi-scale residual encoding and decoding network for skin lesion segmentation,10.1016/j.media.2021.102293,https://www.scopus.com/inward/record.uri?eid=2-s2.0-85119193292&doi=10.1016%2fj.media.2021.102293&partnerID=40&md5=d6ca8ce5d39488f3cc3d35fc2917cbb7,Dai D.; Dong C.; Xu S.; Yan Q.; Li Z.; Zhang C.; Luo N.,2022,156.0,"Computer-Aided Diagnosis (CAD) for dermatological diseases offers one of the most notable showcases where deep learning technologies display their impressive performance in acquiring and surpassing human experts. In such the CAD process, a critical step is concerned with segmenting skin lesions from dermoscopic images. Despite remarkable successes attained by recent deep learning efforts, much improvement is still anticipated to tackle challenging cases, e.g., segmenting lesions that are irregularly shaped, bearing low contrast, or possessing blurry boundaries. To address such inadequacies, this study proposes a novel Multi-scale Residual Encoding and Decoding network (Ms RED) for skin lesion segmentation, which is able to accurately and reliably segment a variety of lesions with efficiency. Specifically, a multi-scale residual encoding fusion module (MsR-EFM) is employed in an encoder, and a multi-scale residual decoding fusion module (MsR-DFM) is applied in a decoder to fuse multi-scale features adaptively. In addition, to enhance the representation learning capability of the newly proposed pipeline, we propose a novel multi-resolution, multi-channel feature fusion module (M2F2), which replaces conventional convolutional layers in encoder and decoder networks. Furthermore, we introduce a novel pooling module (Soft-pool) to medical image segmentation for the first time, retaining more helpful information when down-sampling and getting better segmentation performance. To validate the effectiveness and advantages of the proposed network, we compare it with several state-of-the-art methods on ISIC 2016, 2017, 2018, and PH2. Experimental results consistently demonstrate that the proposed Ms RED attains significantly superior segmentation performance across five popularly used evaluation criteria. Last but not least, the new model utilizes much fewer model parameters than its peer approaches, leading to a greatly reduced number of labeled samples required for model training, which in turn produces a substantially faster converging training process than its peers. The source code is available at https://github.com/duweidai/Ms-RED. © 2021 Elsevier B.V.",Segmentation,ISIC 2016; ISIC 2017; ISIC 2018; and PH²,6323 (Training/Validation/Test totals across all listed datasets),No reported method (Standard splits utilized: ISIC 2018 at 70%/10%/20%; PH² at 80/20/100 images),Resizing,"Rotation (-20 to 20 degrees), horizontal flip, and cropping",Lesion Boundary,,"Ms RED (Backbone based on U-Net with multi-scale residual paths, MSR-EFM, MsR-DFM, and $M^{2}F^{2}$ modules)",New Architecture,Yes (ImageNet),"JI, Dice, ACC, Recall, and Precision",JI: 0.8703 (ISIC 2016); JI: 0.9014 (PH²),Yes,Relies on local convolution operations which ignore global contextual information and long-range dependencies,Exploring hybrid networks that combine CNNs with lightweight Transformers to bridge the encoder and decoder for global context fusion
MALUNet: A Multi-Attention and Light-weight UNet for Skin Lesion Segmentation,10.1109/BIBM55620.2022.9995040,https://www.scopus.com/inward/record.uri?eid=2-s2.0-85146639844&doi=10.1109%2fBIBM55620.2022.9995040&partnerID=40&md5=cc06a3925913bc637764b9acb67dddb8,Ruan J.; Xiang S.; Xie M.; Liu T.; Fu Y.,2022,219.0,"Recently, some pioneering works have preferred applying more complex modules to improve segmentation performances. However, it is not friendly for actual clinical environments due to limited computing resources. To address this challenge, we propose a light-weight model to achieve competitive performances for skin lesion segmentation at the lowest cost of parameters and computational complexity so far. Briefly, we propose four modules: (1) DGA consists of dilated convolution and gated attention mechanisms to extract global and local feature information; (2) IEA, which is based on external attention to characterize the overall datasets and enhance the connection between samples; (3) CAB is composed of 1D convolution and fully connected layers to perform a global and local fusion of multi-stage features to generate attention maps at channel axis; (4) SAB, which operates on multi-stage features by a shared 2D convolution to generate attention maps at spatial axis. We combine four modules with our U-shape architecture and obtain a light-weight medical image segmentation model dubbed as MALUNet. Compared with UNet, our model improves the mIoU and DSC metrics by 2.39% and 1.49%, respectively, with a 44x and 166x reduction in the number of parameters and computational complexity. In addition, we conduct comparison experiments on two skin lesion segmentation datasets (ISIC2017 and ISIC2018). Experimental results show that our model achieves state-of-the-art in balancing the number of parameters, computational complexity and segmentation performances. Code is available at https://github.com/JCruan519/MALUNet.  © 2022 IEEE.",Segmentation,ISIC2017; ISIC2018,4844 (ISIC2017: 2150; ISIC2018: 2694),No (Augmentation used),Normalization; Resizing (256x256),Vertical Flip; Horizontal Flip; Random Rotation,Lesion Boundary,,"MALUNet (U-shape with DGA, IEA, CAB, SAB)",New Architecture,No,mIoU; DSC; Accuracy; Sensitivity; Specificity; Params; GFLOPs,"ISIC 2018: mIoU 80.25%, DSC 89.04%",Yes,Proposed only for skin lesion segmentation,"Improve performance via pruning/NAS, apply to other diseases"
ACPL: Anti-curriculum Pseudo-labelling for Semi-supervised Medical Image Classification,10.1109/CVPR52688.2022.02004,https://www.scopus.com/inward/record.uri?eid=2-s2.0-85138192829&doi=10.1109%2fCVPR52688.2022.02004&partnerID=40&md5=3014f75d8a546b147bc466d01570ec08,Liu F.; Tian Y.; Chen Y.; Liu Y.; Belagiannis V.; Carneiro G.,2022,96.0,"Effective semi-supervised learning (SSL) in medical image analysis (MIA) must address two challenges: 1) work effectively on both multi-class (e.g., lesion classification) and multi-label (e.g., multiple-disease diagnosis) problems, and 2) handle imbalanced learning (because of the high variance in disease prevalence). One strategy to explore in SSL MIA is based on the pseudo labelling strategy, but it has a few shortcomings. Pseudo-labelling has in general lower accuracy than consistency learning, it is not specifically design for both multi-class and multi-label problems, and it can be challenged by imbalanced learning. In this paper, unlike traditional methods that select confident pseudo label by threshold, we propose a new SSL algorithm, called anti-curriculum pseudo-labelling (ACPL), which introduces novel techniques to select informative unlabelled samples, improving training balance and allowing the model to work for both multi-label and multi-class problems, and to estimate pseudo labels by an accurate ensemble of classifiers (improving pseudo label accuracy). We run extensive experiments to evaluate ACPL on two public medical image classification benchmarks: Chest X-Ray 14 for thorax disease multi-label classification and ISIC2018 for skin lesion multi-class classification. Our method outperforms previous SOTA SSL methods on both datasets 11Supported by Australian Research Council through grants DP180103232 and FT190100525. 22Code is available at https://github.com/FBLADL/ACPL. © 2022 IEEE.",Classification,ISIC 2018,10015,No,"Resizing (shorter side to 256, then cropped to 224x224)","Random crop, horizontal/vertical flip, and random rotation",,"Multi-class (7 classes: mel, nv, bcc, akiec, bkl, df, vasc)",DenseNet-121,New Architecture (Anti-curriculum Pseudo-labelling),Yes (ImageNet),"Balanced Accuracy (BACC), AUC, Precision, Recall, F1",BACC: 0.88; AUC: 0.99,Yes,Performance limited by category imbalance and high visual similarity between certain classes,Focus on cleaning data and refining image feature extraction
FIBA: Frequency-Injection based Backdoor Attack in Medical Image Analysis,10.1109/CVPR52688.2022.02021,https://www.scopus.com/inward/record.uri?eid=2-s2.0-85136008370&doi=10.1109%2fCVPR52688.2022.02021&partnerID=40&md5=b325d6ae07e94018bc80d69b78c26a85,Feng Y.; Ma B.; Zhang J.; Zhao S.; Xia Y.; Tao D.,2022,83.0,"In recent years, the security of AI systems has drawn increasing research attention, especially in the medical imaging realm. To develop a secure medical image analysis (MIA) system, it is a must to study possible backdoor attacks (BAs), which can embed hidden malicious behaviors into the system. However, designing a unified BA method that can be applied to various MIA systems is challenging due to the diversity of imaging modalities (e.g., X-Ray, CT, and MRI) and analysis tasks (e.g., classification, detection, and segmentation). Most existing BA methods are designed to attack natural image classification models, which apply spatial triggers to training images and inevitably corrupt the semantics of poisoned pixels, leading to the failures of attacking dense prediction models. To address this issue, we propose a novel Frequency-Injection based Backdoor Attack method (FIBA) that is capable of delivering attacks in various MIA tasks. Specifically, FIBA leverages a trigger function in the frequency domain that can inject the low-frequency information of a trigger image into the poisoned image by linearly combining the spectral amplitude of both images. Since it preserves the semantics of the poisoned image pixels, FIBA can perform attacks on both classification and dense prediction models. Experiments on three benchmarks in MIA (i.e., ISIC-2019 [4] for skin lesion classification, KiTS-19 [17] for kidney tumor segmentation, and EAD-2019 [1] for endoscopic artifact detection), validate the effectiveness of FIBA and its superiority over stateof-the-art methods in attacking MIA models and bypassing backdoor defense. Source code will be available at code. © 2022 IEEE.",Developing A Unified Backdoor Attack Method For Various Medical Image Analysis Tasks,ISIC-2019,25331,No (Balanced via Data Augmentation),Grayscale conversion (for CT images) and resizing,Frequency-injection (blending spectral amplitude) and pseudo trigger robust training,,"Multi-class (8 categories: melanoma, melanocytic nevus, basal cell carcinoma, actinic keratosis, benign keratosis, dermatofibroma, vascular lesion, and squamous cell carcinoma)",ResNet50,New Architecture (Frequency-Injection based Backdoor Attack),Yes (ImageNet),Benign Accuracy (BA) and Attack Success Rate (ASR),BA: 85.43%; ASR: 99.53%,Yes,FFT and iFFT operations are slightly more time-consuming (1.5x–1.8x) than spatial triggers,Faster GPU-based implementation and research into developing more secure/trustworthy AI systems against attacks
Finding and removing Clever Hans: Using explanation methods to debug and improve deep models,10.1016/j.inffus.2021.07.015,https://www.scopus.com/inward/record.uri?eid=2-s2.0-85113458167&doi=10.1016%2fj.inffus.2021.07.015&partnerID=40&md5=266f4e856422a7b806d5207ac06c06d3,Anders C.J.; Weber L.; Neumann D.; Samek W.; Müller K.-R.; Lapuschkin S.,2022,83.0,"Contemporary learning models for computer vision are typically trained on very large (benchmark) datasets with millions of samples. These may, however, contain biases, artifacts, or errors that have gone unnoticed and are exploitable by the model. In the worst case, the trained model does not learn a valid and generalizable strategy to solve the problem it was trained for, and becomes a “Clever Hans” predictor that bases its decisions on spurious correlations in the training data, potentially yielding an unrepresentative or unfair, and possibly even hazardous predictor. In this paper, we contribute by providing a comprehensive analysis framework based on a scalable statistical analysis of attributions from explanation methods for large data corpora. Based on a recent technique — Spectral Relevance Analysis — we propose the following technical contributions and resulting findings: (a) a scalable quantification of artifactual and poisoned classes where the machine learning models under study exhibit Clever Hans behavior, (b) several approaches we collectively denote as Class Artifact Compensation, which are able to effectively and significantly reduce a model's Clever Hans behavior, i.e., we are able to un-Hans models trained on (poisoned) datasets, such as the popular ImageNet data corpus. We demonstrate that Class Artifact Compensation, defined in a simple theoretical framework, may be implemented as part of a neural network's training or fine-tuning process, or in a post-hoc manner by injecting additional layers, preventing any further propagation of undesired Clever Hans features, into the network architecture. Using our proposed methods, we provide qualitative and quantitative analyses of the biases and artifacts in, e.g., the ImageNet dataset, the Adience benchmark dataset of unfiltered faces, and the ISIC 2019 skin lesion analysis dataset. We demonstrate that these insights can give rise to improved, more representative, and fairer models operating on implicitly cleaned data corpora. © 2021 The Authors",Debugging And Improving Deep Models By Removing Clever Hans Behavior,ISIC 2019; ImageNet; Adience; Modified MNIST; CIFAR-10,25331 (ISIC 2019),No (ISIC 2019 is highly imbalanced; Class Artifact Compensation used to mitigate bias),"Center-cropping (ImageNet), Resizing","A-ClArC (Augmentative Class Artifact Compensation): strategic data augmentation with artifact signals (e.g., watermarks, skin markers)",,Both (ISIC 2019: Multi-class; Adience: Binary Gender),"VGG-16, Custom CNNs","New Framework (Class Artifact Compensation: A-ClArC and P-ClArC) for unlearning/suppressing ""Clever Hans"" biases",Yes (ImageNet),"Accuracy, AUC, ROC, Spectral Relevance Analysis (SpRAy), Softmax Probabilities",ACC: 82.15% (ISIC 2019 baseline); Accuracy on poisoned sets improved significantly after ClArC,Yes (compared to standard baseline and Spectral Signature),Identifying CH artifacts requires human expert domain knowledge; ClArC does not necessarily increase standard benchmark accuracy but improves true generalization,Developing more accurate/general artifact representations; Automating CH detection further; Exploring the intersection of security and functional data cleaning
Skin-Net: a novel deep residual network for skin lesions classification using multilevel feature extraction and cross-channel correlation with detection of outlier,10.1186/s40537-023-00769-6,https://www.scopus.com/inward/record.uri?eid=2-s2.0-85162215776&doi=10.1186%2fs40537-023-00769-6&partnerID=40&md5=b6215d37b063990b05a75c4ab2a2549c,Alsahafi Y.S.; Kassem M.A.; Hosny K.M.,2023,88.0,"Human Skin cancer is commonly detected visually through clinical screening followed by a dermoscopic examination. However, automated skin lesion classification remains challenging due to the visual similarities between benign and melanoma lesions. In this work, the authors proposed a new Artificial Intelligence-Based method to classify skin lesions. In this method, we used Residual Deep Convolution Neural Network. We implemented several convolution filters for multi-layer feature extraction and cross-channel correlation by sliding dot product filters instead of sliding filters along the horizontal axis. The proposed method overcomes the imbalanced dataset problem by converting the dataset from image and label to vector of image and weight. The proposed method is tested and evaluated using the challenging datasets ISIC-2019 & ISIC-2020. It outperformed the existing deep convolutional networks in the multiclass classification of skin lesions. Graphical Abstract: [Figure not available: see fulltext.]. © 2023, The Author(s).",Classification,ISIC-2019 and ISIC-2020,58457 (25331 from ISIC-2019 and 33126 from ISIC-2020),No (Addressed by converting dataset to image and weights vector),Resizing,"Random rotation (0-360°), vertical and horizontal flips, and vertical and horizontal shifts (applied only to minority classes in ISIC-2019)",,Both; Multi-class (9 classes for ISIC-2019 including outliers; 7 classes for ISIC-2020),Skin-Net (54-layer Residual Deep Convolutional Neural Network with cross-channel correlation),New Architecture,No (randomly initialized parameters),"Accuracy, Sensitivity, Specificity, Precision, F-score, Confusion Matrix, and ROC","ISIC-2020: Accuracy 99.05%, Specificity 99.42%, Sensitivity 96.57%",Yes,"High computational expense (not lightweight), unsuitable for microdevices or memory-limited hardware, and currently tested only on skin lesions",Generalizing the model for different classification tasks beyond skin lesions and identifying various other malignancies
A Novel Vision Transformer Model for Skin Cancer Classification,10.1007/s11063-023-11204-5,https://www.scopus.com/inward/record.uri?eid=2-s2.0-85150891644&doi=10.1007%2fs11063-023-11204-5&partnerID=40&md5=ec84d897646771923f3e894cf7570c02,Yang G.; Luo S.; Greer P.,2023,58.0,"Skin cancer can be fatal if it is found to be malignant. Modern diagnosis of skin cancer heavily relies on visual inspection through clinical screening, dermoscopy, or histopathological examinations. However, due to similarity among cancer types, it is usually challenging to identify the type of skin cancer, especially at its early stages. Deep learning techniques have been developed over the last few years and have achieved success in helping to improve the accuracy of diagnosis and classification. However, the latest deep learning algorithms still do not provide ideal classification accuracy. To further improve the performance of classification accuracy, this paper presents a novel method of classifying skin cancer in clinical skin images. The method consists of four blocks. First, class rebalancing is applied to the images of seven skin cancer types for better classification performance. Second, an image is preprocessed by being split into patches of the same size and then flattened into a series of tokens. Third, a transformer encoder is used to process the flattened patches. The transformer encoder consists of N identical layers with each layer containing two sublayers. Sublayer one is a multihead self-attention unit, and sublayer two is a fully connected feed-forward network unit. For each of the two sublayers, a normalization operation is applied to its input, and a residual connection of its input and its output is calculated. Finally, a classification block is implemented after the transformer encoder. The block consists of a flattened layer and a dense layer with batch normalization. Transfer learning is implemented to build the whole network, where the ImageNet dataset is used to pretrain the network and the HAM10000 dataset is used to fine-tune the network. Experiments have shown that the method has achieved a classification accuracy of 94.1%, outperforming the current state-of-the-art model IRv2 with soft attention on the same training and testing datasets. On the Edinburgh DERMOFIT dataset also, the method has better performance compared with baseline models. © 2023, The Author(s).",Classification,HAM10000; Edinburgh DERMOFIT,10015 (HAM10000); 1300 (DERMOFIT),No (Imbalanced); Balanced via Random Oversampling and Undersampling,"Resizing (384x384), Normalization (0-1), Patch Extraction","Rotation, Width/Height Shift, Zoom, Flip, Random Saturation, Contrast, Brightness",,"Multi-class (7 classes: AKIEC, BCC, BKL, DF, MEL, NV, VASC; 10 classes for DERMOFIT)",ViTfSCD (Based on ViT-Base/Large with modified classification head),New Architecture (ViTfSCD with Batch Norm in head),Yes (ImageNet),"Accuracy, Precision, Sensitivity, Specificity, F1-score",ACC: 94.1% (ViTfSCD-Large on HAM10000),Yes,High computational cost/parameters; Data hungry (needs large pretraining); Poor generalization to mobile/noisy images,"Scale up model size; Pretrain on larger datasets (e.g., JFT-300M)"
A Novel framework of Adaptive fuzzy-GLCM Segmentation and Fuzzy with Capsules Network (F-CapsNet) Classification,10.1007/s00521-023-08666-y,https://www.scopus.com/inward/record.uri?eid=2-s2.0-85161861928&doi=10.1007%2fs00521-023-08666-y&partnerID=40&md5=df613429816da95b5ce391d8ada638d5,Ali R.; Manikandan A.; Xu J.,2023,52.0,"In this paper, offer a new framework for skin disease image recognition using deep learning techniques and local descriptor encoding approaches. For the purpose of detecting melanoma early, skin lesions must be accurately classified. In this research, an automatic image preprocessing approach is proposed for the removal of noise artefacts in photographs, including thin and thick hair objects, surgical ink markings, dark halo effects, and ebony frames. Due to hazy contrasts and distortions at the border margins, segmenting images are quite challenging. So, this research suggests a partitioning technique based on a fuzzy gray-level co-occurrence matrix (GLCM) that is both effective and adaptive. An alternative to convolutional neural networks (CNN) is proposed: the capsule-based network. An object's existence and the relationship between its functions are represented by a group of neurons (in logical units) that make up a vector called a capsule. While synthetic product neural networks use max-pooling layers to define capsule coupling between subsequent layers, capsule networks repeatedly utilise a dynamic routing technique to do so. Alternatively said, the routing-by-agreement approach offers learning between capsule layers. To assess the efficacy of the F-CapsNet technique, three widely used datasets—the ISIC 2017 Challenge, the 2019 Challenge, and the PH2 datasets—are employed. The suggested technique has an average accuracy of 99.16% for the ISBI 2017 test dataset and 99.45% accuracy for the ISBI 2019 test dataset. Additionally, the PH2 test dataset shows that the suggested approach has an average accuracy of 98.42%. © 2023, The Author(s), under exclusive licence to Springer-Verlag London Ltd., part of Springer Nature.","Classification (Skin Disease Image Recognition, Specifically Melanoma Detection)",ISBI 2017; ISIC 2019; PH2,"20250 (ISBI 2017: 2750, ISIC 2019: 17300, PH2: 200)","Balanced (Mentioned ""including balance data"")",Vignette/Dark Frame Removal; Resizing (255x255); Hair Removal; Ink Marker Removal; Contrast Stretching; Log Transformation,Not reported,Lesion Boundary,Binary (Melanoma vs. Non-Melanoma),F-CapsNet (Fuzzy-based Capsule Network),New Architecture (Fuzzy Logic + CapsNet),No,Accuracy; Sensitivity; Specificity; AUC; Jaccard; Dice; Execution Time,Accuracy: 99.45% (ISIC 2019),Yes,None reported,None reported
EIU-Net: Enhanced feature extraction and improved skip connections in U-Net for skin lesion segmentation,10.1016/j.compbiomed.2023.107081,https://www.scopus.com/inward/record.uri?eid=2-s2.0-85161565505&doi=10.1016%2fj.compbiomed.2023.107081&partnerID=40&md5=dc6d54f3380f776755da274fd1f9f4c9,Yu Z.; Yu L.; Zheng W.; Wang S.,2023,64.0,"Skin lesion segmentation is a computer-aided diagnosis method for quantitative analysis of melanoma that can improve efficiency and accuracy. Although many methods based on U-Net have achieved tremendous success, they still cannot handle challenging tasks well due to weak feature extraction. In response to skin lesion segmentation, a novel method called EIU-Net is proposed to tackle the challenging task. To capture the local and global contextual information, we employ inverted residual blocks and an efficient pyramid squeeze attention (EPSA) block as the main encoders at different stages, while atrous spatial pyramid pooling (ASPP) is utilized after the last encoder and the soft-pool method is introduced for downsampling. Also, we propose a novel method named multi-layer fusion (MLF) module to effectively fuse the feature distributions and capture significant boundary information of skin lesions in different encoders to improve the performance of the network. Furthermore, a reshaped decoders fusion module is used to obtain multi-scale information by fusing feature maps of different decoders to improve the final results of skin lesion segmentation. To validate the performance of our proposed network, we compare it with other methods on four public datasets, including the ISIC 2016, ISIC 2017, ISIC 2018, and PH2 datasets. And the main metric Dice scores achieved by our proposed EIU-Net are 0.919, 0.855, 0.902, and 0.916 on the four datasets, respectively, outperforming other methods. Ablation experiments also demonstrate the effectiveness of the main modules in our proposed network. Our code is available at https://github.com/AwebNoob/EIU-Net. © 2023 Elsevier Ltd",Segmentation,ISIC 2016; ISIC 2017; ISIC 2018; PH2,~6825 (ISIC 2016: 1279; ISIC 2017: 2750; ISIC 2018: 2596; PH2: 200),No (Augmentation used to increase diversity),"Resizing (224x320), Normalization [0-1]","Horizontal/Vertical flips, Random contrast enhancement, HSV adjustment, Regional coarse dropout",Lesion Boundary,,"EIU-Net (U-Net with Inverted Residual Blocks, EPSA, ASPP, Multi-layer Fusion, Reshaped Decoders Fusion)",New Architecture,No,"Jaccard Index, Dice Coefficient, Accuracy, Sensitivity, Specificity","Dice: 0.919 (ISIC 2016), 0.855 (ISIC 2017), 0.902 (ISIC 2018)","Yes (vs. U-Net, CE-Net, CPFNet, FAT-Net, DCSAU-Net, etc.)","Fails on extremely low contrast, highly irregular boundaries, and serious hair occlusion",Reduce network parameters; Improve boundary distinction
Classification of skin cancer using adjustable and fully convolutional capsule layers,10.1016/j.bspc.2023.104949,https://www.scopus.com/inward/record.uri?eid=2-s2.0-85153480340&doi=10.1016%2fj.bspc.2023.104949&partnerID=40&md5=f8e209e5cf9ae3e134d8f004a6f1155c,Goceri E.,2023,56.0,"Early and accurate diagnosis plays a significant role in increasing the survival rate of patients with skin cancer. Therefore, automated methods with convolutional neural networks have been developed to help dermatologists in making their decision about the disease. However, these kinds of networks have these two important shortcomings that cause low performance when real-word images are used: (i) They need huge number of training datasets, and (ii) they lead to the loss of information because of the pooling process. Although, capsule networks have been proposed recently to solve these issues and to achieve classification of skin cancers with high accuracy, they have their own defects or disadvantages. Therefore, in this work, a new neural network constructed by adjustable and convolutional capsule layers is proposed. In the adjustable capsule layer, the spatial relationships of capsule vectors are encoded with a constant learnable bias. The capsule vectors are used in a sub-network to obtain adjustable values. The proposed network can learn encoding and modelling of the spatial relation between capsule vectors and preserves the vectors’ orientations. The main contributions of this work are as follows: (i) A novel network including capsule layers is presented. (ii) The performance of the proposed network in the multi-class classification of skin cancer is presented. (iii) Comparative evaluations of the capsule networks applied for the classification of skin cancers are presented. Experiments indicate that the proposed network is promising in the classification of seven kinds of skin cancer (with an accuracy of 95.24%). © 2023 Elsevier Ltd",Classification,HAM10000,805 (Balanced subset selected from HAM10000),Yes (Manually balanced),Resizing (224x224),"Shearing, Translation, Rotation, HSV transformation, Noise injection (Gaussian)",,"Multi-class (7 classes: Vascular lesion, Actinic keratoses, BCC, Dermatofibroma, Melanocytic nevi, Melanoma, Benign keratosis)",AFConv-CapsNet (VGG19 Backbone + Adjustable Capsule Layer),New Architecture (Adjustable Capsule Layer + Self-Routing),Yes,"Accuracy, Sensitivity, Specificity, F1-Score, MCC","Acc: 95.24%, Sp: 99.23%, F1: 95.02%","Yes (vs. DenseNet121, MobileNetV2, InceptionResNetV2, FixCaps, MEL-Cap)",Higher computation time than CNNs; Not tested on dark skin/diverse races; Small subset of data used,Test on datasets with diverse race/skin type/age; evaluate on other medical imaging tasks
MSCA-Net: Multi-scale contextual attention network for skin lesion segmentation,10.1016/j.patcog.2023.109524,https://www.scopus.com/inward/record.uri?eid=2-s2.0-85150247431&doi=10.1016%2fj.patcog.2023.109524&partnerID=40&md5=6e3129be7c6ae0ed7ed5e8bca330c1e0,Sun Y.; Dai D.; Zhang Q.; Wang Y.; Xu S.; Lian C.,2023,87.0,"Lesion segmentation algorithms automatically outline lesion areas in medical images, facilitating more effective identification and assessment of the clinically relevant features, and improving the efficacy and diagnosis accuracy. However, most fully convolutional network based segmentation methods suffer from spatial and contextual information loss when decreasing image resolution. To overcome this shortcoming, this paper proposes a skin lesion segmentation model, namely, the Multi-Scale Contextual Attention Network (MSCA-Net), which can exploit the multi-scale contextual information in images. Inspired by the skip connection of U-Net, we design a multi-scale bridge (MSB) module which interacts with multi-scale features to effectively fuse the multi-scale contextual information of the encoder and decoder path features. We further propose a global-local channel spatial attention module (GL-CSAM), aiming at capturing global contextual information. In addition, to take full advantage of the multi-scale features of the decoder, we propose a scale-aware deep supervision (SADS) module to achieve hierarchical iterative deep supervision. Comprehensive experimental results on the public dataset of ISIC 2017, ISIC 2018, and PH2 show that our proposed method outperforms other state-of-the-art methods, demonstrating the efficacy of our method in skin lesion segmentation. Our code is available at https://github.com/YonghengSun1997/MSCA-Net. © 2023",Segmentation,"ISIC 2017, ISIC 2018, PH2","4,794 (ISIC 2017: 2000, ISIC 2018: 2594, PH2: 200)",,Resize (224x320),"Random horizontal flip, random vertical flip, random crop",Lesion Boundary,,"MSCA-Net (U-Net backbone, ResNet34 encoder, MSB, GL-CSAM, SADS)",New Architecture,Yes [ResNet34],"Jaccard Index (JI), Dice Score Coefficient (DSC), Accuracy (ACC), Sensitivity (SE), Specificity (SP)","ISIC 2018: ACC 96.41%, DSC 90.52%, JI 84.18%",Yes,High parameter count from the backbone; boundary errors for small-size lesions,"Design a lightweight backbone; explore hard example mining, focal loss, and two-stage frameworks"
Multi-Class Skin Cancer Classification Using Vision Transformer Networks and Convolutional Neural Network-Based Pre-Trained Models,10.3390/info14070415,https://www.scopus.com/inward/record.uri?eid=2-s2.0-85166386318&doi=10.3390%2finfo14070415&partnerID=40&md5=ce4b40678d87918e4da64f98089d70d7,Arshed M.A.; Mumtaz S.; Ibrahim M.; Ahmed S.; Tahir M.; Shafi M.,2023,52.0,"Skin cancer, particularly melanoma, has been recognized as one of the most lethal forms of cancer. Detecting and diagnosing skin lesions accurately can be challenging due to the striking similarities between the various types of skin lesions, such as melanoma and nevi, especially when examining the color images of the skin. However, early diagnosis plays a crucial role in saving lives and reducing the burden on medical resources. Consequently, the development of a robust autonomous system for skin cancer classification becomes imperative. Convolutional neural networks (CNNs) have been widely employed over the past decade to automate cancer diagnosis. Nonetheless, the emergence of the Vision Transformer (ViT) has recently gained a considerable level of popularity in the field and has emerged as a competitive alternative to CNNs. In light of this, the present study proposed an alternative method based on the off-the-shelf ViT for identifying various skin cancer diseases. To evaluate its performance, the proposed method was compared with 11 CNN-based transfer learning methods that have been known to outperform other deep learning techniques that are currently in use. Furthermore, this study addresses the issue of class imbalance within the dataset, a common challenge in skin cancer classification. In addressing this concern, the proposed study leverages the vision transformer and the CNN-based transfer learning models to classify seven distinct types of skin cancers. Through our investigation, we have found that the employment of pre-trained vision transformers achieved an impressive accuracy of 92.14%, surpassing CNN-based transfer learning models across several evaluation metrics for skin cancer diagnosis. © 2023 by the authors.",Classification,HAM10000,"10015 (7140 for training, 140 for validation, 140 for testing)",Yes (Addressed via data augmentation for minority classes and random under-sampling to achieve 980 samples per class for training),Resizingand normalization,"Position augmentation (scaling, cropping, affine transformation, padding, flipping, translation, rotation) and color augmentation (hue, brightness, saturation, contrast)",,"Multi-class (7 classes: AKIEC, BCC, BKL, DF, MEL, NV, VASC)","Vision Transformer (ViT) and various CNN architectures (ResNet50, ResNet101, ResNet152, VGG16, VGG19, etc.)",New Architecture (Applying off-the-shelf ViT as a competitive alternative to CNNs for multi-class skin cancer classification),Yes (ImageNet-21k / ImageNet),"Accuracy, Precision, Recall, and F1-score",Accuracy: 92.14% (ViT model),Yes (Compared with 11 CNN-based transfer learning methods and previous SOTA studies),Requires further improvements in preprocessing techniques for deep learning models,Further investigate and optimize preprocessing techniques to enhance model reliability
Skin cancer detection using ensemble of machine learning and deep learning techniques,10.1007/s11042-023-14697-3,https://www.scopus.com/inward/record.uri?eid=2-s2.0-85148096175&doi=10.1007%2fs11042-023-14697-3&partnerID=40&md5=47cd4da1f7d7b286ea44df5fe9d6fdf4,Tembhurne J.V.; Hebbar N.; Patil H.Y.; Diwan T.,2023,97.0,"Skin cancer is one of the most common forms of cancer, which makes it pertinent to be able to diagnose it accurately. In particular, melanoma is a form of skin cancer that is fatal and accounts for 6 of every 7-skin cancer related death. Moreover, in hospitals where dermatologists have to diagnose multiple cases of skin cancer, there are high possibilities of false negatives in diagnosis. To avoid such incidents, there here has been exhaustive research conducted by the research community all over the world to build highly accurate automated tools for skin cancer detection. In this paper, we introduce a novel approach of combining machine learning and deep learning techniques to solve the problem of skin cancer detection. The deep learning model uses state-of-the-art neural networks to extract features from images whereas the machine learning model processes image features which are obtained after performing the techniques such as Contourlet Transform and Local Binary Pattern Histogram. Meaningful feature extraction is crucial for any image classification roblem. As a result, by combining the manual and automated features, our designed model achieves a higher accuracy of 93% with an individual recall score of 99.7% and 86% for the benign and malignant forms of cancer, respectively. We benchmarked the model on publicly available Kaggle dataset containing processed images from ISIC Archive dataset. The proposed ensemble outperforms both expert dermatologists as well as other state-of-the-art deep learning and machine learning methods. Thus, this novel method can be of high assistance to dermatologists to help prevent any misdiagnosis. © 2023, The Author(s), under exclusive licence to Springer Science+Business Media, LLC, part of Springer Nature.",Classification (Detection),Kaggle (Processed ISIC Archive),3297 (2.637 Training; 660 Testing),Balanced,Resize (224x224),Rotation; Horizontal/Vertical Flip; Brightness; Contrast; Zoom,,Binary (Malignant vs. Benign),Ensemble (Modified VGG19 + Logistic Regression + Linear SVM),Ensemble of Handcrafted (ML) and Automatic (DL) features,Yes,Accuracy; Precision; Recall; F1-Score,Accuracy: 93%,Yes,Slight increase in model inference time due to ensemble complexity,Extend to 3D multimedia applications; Integrate into smartphones/web apps
A multimodal transformer to fuse images and metadata for skin disease classification,10.1007/s00371-022-02492-4,https://www.scopus.com/inward/record.uri?eid=2-s2.0-85129369938&doi=10.1007%2fs00371-022-02492-4&partnerID=40&md5=4786e3e43ff720317b291626686c7a03,Cai G.; Zhu Y.; Wu Y.; Jiang X.; Ye J.; Yang D.,2023,76.0,"Skin disease cases are rising in prevalence, and the diagnosis of skin diseases is always a challenging task in the clinic. Utilizing deep learning to diagnose skin diseases could help to meet these challenges. In this study, a novel neural network is proposed for the classification of skin diseases. Since the datasets for the research consist of skin disease images and clinical metadata, we propose a novel multimodal Transformer, which consists of two encoders for both images and metadata and one decoder to fuse the multimodal information. In the proposed network, a suitable Vision Transformer (ViT) model is utilized as the backbone to extract image deep features. As for metadata, they are regarded as labels and a new Soft Label Encoder (SLE) is designed to embed them. Furthermore, in the decoder part, a novel Mutual Attention (MA) block is proposed to better fuse image features and metadata features. To evaluate the model’s effectiveness, extensive experiments have been conducted on the private skin disease dataset and the benchmark dataset ISIC 2018. Compared with state-of-the-art methods, the proposed model shows better performance and represents an advancement in skin disease diagnosis. © 2022, The Author(s), under exclusive licence to Springer-Verlag GmbH Germany, part of Springer Nature.",Classification,Private dataset and ISIC 2018,10775 total (760 private + 10015 public),No; uses weighted cross-entropy loss to handle category imbalance,Resizing,"Random crop, random rotation, and flip",,"Multi-class (skn, skd, sti, gan, sin, fdb, sdb, tdb, sch for private; bkl, mel, bcc, nv, akiec, df, vasc for public)","Vision Transformer (NesT-B for private, ViT-L for public) with a novel Mutual Attention decoder",New Architecture (Multimodal Transformer with Soft Label Encoder and Mutual Attention block),Yes (ImageNet ILSVRC-2012),"Accuracy, AUC, Sensitivity, Specificity, F1",ACC: 93.81% (on ISIC 2018); ACC: 81.6% (on private dataset),Yes,High similarities in private dataset images leading to lower accuracy in specific categories; imbalanced datasets,Focus on image feature extraction improvements; data collection and data cleaning for skin diseases
Skin Cancer Classification Using Deep Spiking Neural Network,10.1007/s10278-023-00776-2,https://www.scopus.com/inward/record.uri?eid=2-s2.0-85146697264&doi=10.1007%2fs10278-023-00776-2&partnerID=40&md5=435015040a2f1db34485d4162d41dc3c,Qasim Gilani S.; Syed T.; Umair M.; Marques O.,2023,75.0,"Skin cancer is one of the primary causes of death globally, and experts diagnose it by visual inspection, which can be inaccurate. The need for developing a computer-aided method to aid dermatologists in diagnosing skin cancer is highlighted by the fact that early identification can lower the number of deaths caused by skin malignancies. Among computer-aided techniques, deep learning is the most popular for identifying cancer from skin lesion images. Due to their power-efficient behavior, spiking neural networks are attractive deep neural networks for hardware implementation. We employed deep spiking neural networks using the surrogate gradient descent method to classify 3670 melanoma and 3323 non-melanoma images from the ISIC 2019 dataset. We achieved an accuracy of 89.57% and an F1 score of 90.07% using the proposed spiking VGG-13 model, which is higher than the VGG-13 and AlexNet using less trainable parameters. © 2023, The Author(s) under exclusive licence to Society for Imaging Informatics in Medicine.",Classification,ISIC 2019,6993 (3670 Melanoma; 3323 Non-Melanoma),Balanced,Poisson encoding (Conversion to spikes),Not reported,,Binary (Melanoma vs. Non-Melanoma),Spiking VGG-13 (Integrate and Fire neurons),Application of Deep Spiking Neural Network with Surrogate Gradient Descent,No,Accuracy; F1 score; Sensitivity; Specificity; Precision,"Accuracy: 89.57%, F1 score: 90.07%",Yes,Challenging visualization of deep spiking neural networks,None reported
XBound-Former: Toward Cross-Scale Boundary Modeling in Transformers,10.1109/TMI.2023.3236037,https://www.scopus.com/inward/record.uri?eid=2-s2.0-85147310864&doi=10.1109%2fTMI.2023.3236037&partnerID=40&md5=9b4a194d7e2d70d460c739c28ab5a2fe,Wang J.; Chen F.; Ma Y.; Wang L.; Fei Z.; Shuai J.; Tang X.; Zhou Q.; Qin J.,2023,73.0,"Skin lesion segmentation from dermoscopy images is of great significance in the quantitative analysis of skin cancers, which is yet challenging even for dermatologists due to the inherent issues, i.e., considerable size, shape and color variation, and ambiguous boundaries. Recent vision transformers have shown promising performance in handling the variation through global context modeling. Still, they have not thoroughly solved the problem of ambiguous boundaries as they ignore the complementary usage of the boundary knowledge and global contexts. In this paper, we propose a novel cross-scale boundary-aware transformer, XBound-Former, to simultaneously address the variation and boundary problems of skin lesion segmentation. XBound-Former is a purely attention-based network and catches boundary knowledge via three specially designed learners. First, we propose an implicit boundary learner (im-Bound) to constrain the network attention on the points with noticeable boundary variation, enhancing the local context modeling while maintaining the global context. Second, we propose an explicit boundary learner (ex-Bound) to extract the boundary knowledge at multiple scales and convert it into embeddings explicitly. Third, based on the learned multi-scale boundary embeddings, we propose a cross-scale boundary learner (X-Bound) to simultaneously address the problem of ambiguous and multi-scale boundaries by using learned boundary embedding from one scale to guide the boundary-aware attention on the other scales. We evaluate the model on two skin lesion datasets and one polyp lesion dataset, where our model consistently outperforms other convolution- and transformer-based models, especially on the boundary-wise metrics. All resources could be found in https://github.com/jcwang123/xboundformer.  © 1982-2012 IEEE.",Segmentation,ISIC-2016; PH2; ISIC-2018; Polyp-seg,ISIC-2016: 1279; PH2: 200; ISIC-2018: 2594; Polyp: >3000,No (Cross-validation used for ISIC-2018),Resize (512x512),Vertical Flip; Horizontal Flip; Random Scale (0.9-1.1),Lesion Boundary,,XBound-Former (PVTv2 + im-Bound + ex-Bound + X-Bound),New Architecture (Cross-Scale Boundary-Aware Transformer),Yes (PVTv2),Dice; IoU; ASSD; HD95,"ISIC 2016: IoU 87.69%, Dice 93.08%",Yes,Fails on extremely low-contrast lesions; false boundary key-point detection can harm segmentation,Fuse deep learning with low-level feature extractors; use separate models for boundary branches
The effect of choosing optimizer algorithms to improve computer vision tasks: a comparative study,10.1007/s11042-022-13820-0,https://www.scopus.com/inward/record.uri?eid=2-s2.0-85139123895&doi=10.1007%2fs11042-022-13820-0&partnerID=40&md5=a65e008ea5ed6bf55fcd57d51538951e,Hassan E.; Shams M.Y.; Hikal N.A.; Elmougy S.,2023,139.0,"Optimization algorithms are used to improve model accuracy. The optimization process undergoes multiple cycles until convergence. A variety of optimization strategies have been developed to overcome the obstacles involved in the learning process. Some of these strategies have been considered in this study to learn more about their complexities. It is crucial to analyse and summarise optimization techniques methodically from a machine learning standpoint since this can provide direction for future work in both machine learning and optimization. The approaches under consideration include the Stochastic Gradient Descent (SGD), Stochastic Optimization Descent with Momentum, Rung Kutta, Adaptive Learning Rate, Root Mean Square Propagation, Adaptive Moment Estimation, Deep Ensembles, Feedback Alignment, Direct Feedback Alignment, Adfactor, AMSGrad, and Gravity. prove the ability of each optimizer applied to machine learning models. Firstly, tests on a skin cancer using the ISIC standard dataset for skin cancer detection were applied using three common optimizers (Adaptive Moment, SGD, and Root Mean Square Propagation) to explore the effect of the algorithms on the skin images. The optimal training results from the analysis indicate that the performance values are enhanced using the Adam optimizer, which achieved 97.30% accuracy. The second dataset is COVIDx CT images, and the results achieved are 99.07% accuracy based on the Adam optimizer. The result indicated that the utilisation of optimizers such as SGD and Adam improved the accuracy in training, testing, and validation stages. © 2022, The Author(s).",Comparison Of Optimization Algorithms For Improving Model Accuracy,Public: ISIC Archive,900 (Training); 379 (Testing),No reported,"Resizing, Color normalization","Rotation, Flip",,Binary (Malignant vs. Benign),CNN (LeNet-like),Standard (Comparative study of optimizers),No,"ACC, Sensitivity, Specificity",ACC: 85.5%,Yes,Small dataset size for deep learning training,Exploring different architectures and larger datasets
Classification of skin cancer from dermoscopic images using deep neural network architectures,10.1007/s11042-022-13847-3,https://www.scopus.com/inward/record.uri?eid=2-s2.0-85139654037&doi=10.1007%2fs11042-022-13847-3&partnerID=40&md5=efb6e79dec2113424eefb75f754e8156,S M J.; P M.; Aravindan C.; Appavu R.,2023,94.0,"A powerful medical decision support system for classifying skin lesions from dermoscopic images is an important tool to prognosis of skin cancer. In the recent years, Deep Convolutional Neural Network (DCNN) have made a significant advancement in detecting skin cancer types from dermoscopic images, in-spite of its fine grained variability in its appearance. The main objective of this research work is to develop a DCNN based model to automatically classify skin cancer types into melanoma and non-melanoma with high accuracy. The datasets used in this work were obtained from the popular challenges ISIC-2019 and ISIC-2020, which have different image resolutions and class imbalance problems. To address these two problems and to achieve high performance in classification we have used EfficientNet architecture based on transfer learning techniques, which learns more complex and fine grained patterns from lesion images by automatically scaling depth, width and resolution of the network. We have augmented our dataset to overcome the class imbalance problem and also used metadata information to improve the classification results. Further to improve the efficiency of the EfficientNet we have used ranger optimizer which considerably reduces the hyper parameter tuning, which is required to achieve state-of-the-art results. We have conducted several experiments using different transferring models and our results proved that EfficientNet variants outperformed in the skin lesion classification tasks when compared with other architectures. The performance of the proposed system was evaluated using Area under the ROC curve (AUC - ROC) and obtained the score of 0.9681 by optimal fine tuning of EfficientNet-B6 with ranger optimizer. © 2022, The Author(s), under exclusive licence to Springer Science+Business Media, LLC, part of Springer Nature.",Classification,ISIC 2019 and ISIC 2020,58457 total (33126 training + 25331 test),No; addressed using data augmentation,Resizing,Yes (augmented dataset to overcome class imbalance),,Binary (Melanoma vs. Non-Melanoma),"EfficientNet (B0 to B7 variants), DenseNet121, ResNet50, InceptionResNet V2",Ensemble (combined image features and metadata),Yes (ImageNet),Area under the ROC curve (AUC-ROC),AUC: 0.9681,Yes,High execution time due to the complexity of the EfficientNet architecture,Investigation into reducing computational complexity and real-time clinical deployment
Deep transfer learning approaches for Monkeypox disease diagnosis,10.1016/j.eswa.2022.119483,https://www.scopus.com/inward/record.uri?eid=2-s2.0-85145978246&doi=10.1016%2fj.eswa.2022.119483&partnerID=40&md5=2d0a1c43ad1ed4c1aac605e22020c9e7,Ahsan M.M.; Uddin M.R.; Ali M.S.; Islam M.K.; Farjana M.; Sakib A.N.; Momin K.A.; Luna S.A.,2023,91.0,"Monkeypox has become a significant global challenge as the number of cases increases daily. Those infected with the disease often display various skin symptoms and can spread the infection through contamination. Recently, Machine Learning (ML) has shown potential in image-based diagnoses, such as detecting cancer, identifying tumor cells, and identifying coronavirus disease (COVID)-19 patients. Thus, ML could potentially be used to diagnose Monkeypox as well. In this study, we developed a Monkeypox diagnosis model using Generalization and Regularization-based Transfer Learning approaches (GRA-TLA) for binary and multiclass classification. We tested our proposed approach on ten different convolutional Neural Network (CNN) models in three separate studies. The preliminary computational results showed that our proposed approach, combined with Extreme Inception (Xception), was able to distinguish between individuals with and without Monkeypox with an accuracy ranging from 77% to 88% in Studies One and Two, while Residual Network (ResNet)-101 had the best performance for multiclass classification in Study Three, with an accuracy ranging from 84% to 99%. In addition, we found that our proposed approach was computationally efficient compared to existing TL approaches in terms of the number of parameters (NP) and Floating-Point Operations per Second (FLOPs) required. We also used Local Interpretable Model-Agnostic Explanations (LIME) to explain our model's predictions and feature extractions, providing a deeper understanding of the specific features that may indicate the onset of Monkeypox. © 2023 Elsevier Ltd",Classification (Monkeypox),Monkeypox2022; Kaggle,"1830 (Augmented); 76 (Original: 43 Monkeypox, 33 Normal)",No (Imbalanced); Balanced via Data Augmentation,"Resizing (224x224), Zero-padding, Grayscale to RGB conversion","Rotation, Width/Height shift, Zoom, Shear, Horizontal flip, Reflective fill",,"Both (Binary: Monkeypox vs Normal/Others; Multi-class: Monkeypox, Chickenpox, Measles, Normal)","VGG16, ResNet (50, 101, 152V2), Xception, EfficientNet (B0, B7, V2M, V2L), NasNetLarge",Transfer Learning / Generalization and Regularization (GRA-TLA),Yes (ImageNet),"Accuracy Precision, Recall, F1-score, Sensitivity, Specificity, FLOPs, LIME, SHAP, GradCAM","ACC: 99% (ResNet101, Multi-class); ACC: 94% (Xception, Binary)","Yes (vs. ResNet50, Inception-V3, ShuffleNet-V2, MobileNet V2)",Data scarcity and privacy issues; lack of patient metadata; early stopping prevented full model training; no clinical pilot test,"Conduct clinical pilot tests (e.g., in Bangladesh); collect more data; integrate patient metadata; develop mobile diagnosis tool"
MonkeyNet: A robust deep convolutional neural network for monkeypox disease detection and classification,10.1016/j.neunet.2023.02.022,https://www.scopus.com/inward/record.uri?eid=2-s2.0-85148912890&doi=10.1016%2fj.neunet.2023.02.022&partnerID=40&md5=8d9dd8cedb4ff6f047bd83755b57c3df,Bala D.; Hossain M.S.; Hossain M.A.; Abdullah M.I.; Rahman M.M.; Manavalan B.; Gu N.; Islam M.S.; Huang Z.,2023,113.0,"The monkeypox virus poses a new pandemic threat while we are still recovering from COVID-19. Despite the fact that monkeypox is not as lethal and contagious as COVID-19, new patient cases are recorded every day. If preparations are not made, a global pandemic is likely. Deep learning (DL) techniques are now showing promise in medical imaging for figuring out what diseases a person has. The monkeypox virus-infected human skin and the region of the skin can be used to diagnose the monkeypox early because an image has been used to learn more about the disease. But there is still no reliable Monkeypox database that is available to the public that can be used to train and test DL models. As a result, it is essential to collect images of monkeypox patients. The “MSID” dataset, short form of “Monkeypox Skin Images Dataset”, which was developed for this research, is free to use and can be downloaded from the Mendeley Data database by anyone who wants to use it. DL models can be built and used with more confidence using the images in this dataset. These images come from a variety of open-source and online sources and can be used for research purposes without any restrictions. Furthermore, we proposed and evaluated a modified DenseNet-201 deep learning-based CNN model named MonkeyNet. Using the original and augmented datasets, this study suggested a deep convolutional neural network that was able to correctly identify monkeypox disease with an accuracy of 93.19% and 98.91% respectively. This implementation also shows the Grad-CAM which indicates the level of the model's effectiveness and identifies the infected regions in each class image, which will help the clinicians. The proposed model will also help doctors make accurate early diagnoses of monkeypox disease and protect against the spread of the disease. © 2023 Elsevier Ltd",Detection / Classification (Monkeypox),MSID (Monkeypox Skin Images Dataset),"770 (Original), 8,689 (Augmented)","No (Imbalanced, addressed via data augmentation)","Resize (224x224), Convert to RGB, Max Normalization","Rotation, Horizontal/Vertical Flip, Zoom, Shear, Width/Height Shift, Brightness/Contrast/Hue/Saturation Jitter",N/A,"Multi-class (Monkeypox, Chickenpox, Measles, Normal)",MonkeyNet (Modified DenseNet-201),"Modified Architecture (Added global average pooling, batch normalization, dense, dropout layers)",Yes,"Accuracy, Precision, Recall, F-1 score, AUC",Accuracy: 98.91% (Augmented dataset),Yes,Small size of the original dataset collected from web sources,Evaluate on a larger clinical dataset; implement the model as a mobile application
GFANet: Gated Fusion Attention Network for skin lesion segmentation,10.1016/j.compbiomed.2022.106462,https://www.scopus.com/inward/record.uri?eid=2-s2.0-85149057382&doi=10.1016%2fj.compbiomed.2022.106462&partnerID=40&md5=38f3c605cfda71455b89bae03257877c,Qiu S.; Li C.; Feng Y.; Zuo S.; Liang H.; Xu A.,2023,55.0,"Automatic segmentation of skin lesions is crucial for diagnosing and treating skin diseases. Although current medical image segmentation methods have significantly improved the results of skin lesion segmentation, the following major challenges still affect the segmentation performance: (i) segmentation targets have irregular shapes and diverse sizes and (ii) low contrast or blurred boundaries between lesions and background. To address these issues, this study proposes a Gated Fusion Attention Network (GFANet) which designs two progressive relation decoders to accurately segment skin lesions images. First, we use a Context Features Gated Fusion Decoder (CGFD) to fuse multiple levels of contextual features, and then a prediction result is generated as the initial guide map. Then, it is optimized by a prediction decoder consisting of a shape flow and a final Gated Convolution Fusion (GCF) module, where we iteratively use a set of Channel Reverse Attention (CRA) modules and GCF modules in the shape flow to combine the features of the current layer and the prediction results of the adjacent next layer to gradually extract boundary information. Finally, to speed up network convergence and improve segmentation accuracy, we use GCF to fuse low-level features from the encoder and the final output of the shape flow. To verify the effectiveness and advantages of the proposed GFANet, we conduct extensive experiments on four publicly available skin lesion datasets (International Skin Imaging Collaboration [ISIC] 2016, ISIC 2017, ISIC 2018, and PH2) and compare them with state-of-the-art methods. The experimental results show that the proposed GFANet achieves excellent segmentation performance in commonly used evaluation metrics, and the segmentation results are stable. The source code is available at https://github.com/ShiHanQ/GFANet. © 2022",Segmentation,ISIC 2017; ISIC 2018; PH2,~5544 (ISIC 2017: 2750; ISIC 2018: 2594; PH2: 200),No (Pixel-level imbalance handled by combining Binary Cross-Entropy and Dice loss),"Resizing (224x224), Normalization","Random flip (horizontal and vertical), Random rotation",Lesion Boundary,,GFANet (ResNet-34 backbone with Gated Fusion and Progressive Relation Decoders),New Architecture (Context Features Gated Fusion and Boundary-Sensitive Progressive Relation decoders),Yes (ImageNet),"Dice, Jaccard Index (IoU), Accuracy, Sensitivity, Specificity","Dice: 0.925 (ISIC 2018), 0.871 (ISIC 2017), 0.951 (PH2)","Yes (vs. U-Net, AttU-Net, DAGAN, CE-Net, FAT-Net, etc.)",Performance drops on extremely low-contrast lesions or those with heavy hair/veils,Explore more efficient feature extractors to reduce parameters; Apply to other medical imaging tasks
Multiclass skin lesion localization and classification using deep learning based features fusion and selection framework for smart healthcare,10.1016/j.neunet.2023.01.022,https://www.scopus.com/inward/record.uri?eid=2-s2.0-85146720766&doi=10.1016%2fj.neunet.2023.01.022&partnerID=40&md5=9f5ab9b84f343892720a37b6fbb6c325,Maqsood S.; Damaševičius R.,2023,107.0,"Background: The idea of smart healthcare has gradually gained attention as a result of the information technology industry's rapid development. Smart healthcare uses next-generation technologies i.e., artificial intelligence (AI) and Internet of Things (IoT), to intelligently transform current medical methods to make them more efficient, dependable and individualized. One of the most prominent uses of telemedicine and e-health in medical image analysis is teledermatology. Telecommunications technologies are used in this industry to send medical information to professionals. Teledermatology is a useful method for the identification of skin lesions, particularly in rural locations, because the skin is visually perceptible. One of the most recent tools for diagnosing skin cancer is dermoscopy. To classify skin malignancies, numerous computational approaches have been proposed in the literature. However, difficulties still exist i.e., lesions with low contrast, imbalanced datasets, high level of memory complexity, and the extraction of redundant features. Methods: In this work, a unified CAD model is proposed based on a deep learning framework for skin lesion segmentation and classification. In the proposed approach, the source dermoscopic images are initially pre-processed using a contrast enhancement based modified bio-inspired multiple exposure fusion approach. In the second stage, a custom 26-layered convolutional neural network (CNN) architecture is designed to segment the skin lesion regions. In the third stage, four pre-trained CNN models (Xception, ResNet-50, ResNet-101 and VGG16) are modified and trained using transfer learning on the segmented lesion images. In the fourth stage, the deep features vectors are extracted from all the CNN models and fused using the convolutional sparse image decomposition fusion approach. In the fifth stage, the univariate measurement and Poisson distribution feature selection approach is used for the best features selection for classification. Finally, the selected features are fed to the multi-class support vector machine (MC-SVM) for the final classification. Results: The proposed approach employed to the HAM10000, ISIC2018, ISIC2019, and PH2 datasets and achieved an accuracy of 98.57%, 98.62%, 93.47%, and 98.98% respectively which are better than previous works. Conclusion: When compared to renowned state-of-the-art methods, experimental results show that the proposed skin lesion detection and classification approach achieved higher performance in terms of both visually and enhanced quantitative evaluation with enhanced accuracy. © 2023 Elsevier Ltd",Classification,ISIC 2018; ISIC 2019; and HAM10000,37944 (ISIC 2018: 2594; ISIC 2019: 25331; HAM10000: 10019),No (Standard data splits used; class imbalance handled via data augmentation),Resizingand normalization,"Vertical flip, horizontal flip, and rotation (90, 180, 270 degrees)",Both (Localization of lesion area and multi-class classification),"Multi-class (7 to 8 classes depending on the dataset: MEL, NV, BCC, AKIEC, BKL, DF, VASC, SCC)",Feature fusion framework using DenseNet-201 and DarkNet-53 backbones,New Architecture (Hybrid feature fusion and selection using Skewness-controlled Kurtosis-based Ant Colony Optimization),Yes (Pre-trained models on ImageNet),"Accuracy, Precision, Recall, F1-Score, and AUC",Accuracy: 99.1% (ISIC 2018); 98.7% (ISIC 2019); 98.4% (HAM10000),Yes,High computational complexity due to dual-stream feature fusion; dependency on high-quality dermoscopic images,Exploring more lightweight architectures for mobile deployment and extending the framework to real-time video stream analysis
Fusion of U-Net and CNN model for segmentation and classification of skin lesion from dermoscopy images,10.1016/j.eswa.2022.119230,https://www.scopus.com/inward/record.uri?eid=2-s2.0-85142499528&doi=10.1016%2fj.eswa.2022.119230&partnerID=40&md5=44a352f5670b02d101805fce7f0740cd,Anand V.; Gupta S.; Koundal D.; Singh K.,2023,217.0,"Skin is one of the most significant organs, which serves as a barrier to the outside surroundings of the human body. To improve mortality, skin disease detection at a prior stage is necessary else it may convert to skin cancer. But its diagnosis at the prior stage that may increase life expectancy is a great experiment since it has a similar look to skin diseases. To deal with biomedical images, a new innovative automated system is required that can quickly and precisely identify skin lesions. Deep Learning is attracting a lot of attention in the treatment of numerous disorders. A fusion model is proposed here with the integration of the U-Net and Convolution Neural Network model. For this, the U-Net model has been utilized to segment the diseases using skin images and the Convolution Neural Network model has been proposed for the multi-class classification of segmented images. The model is simulated and analyzed using the HAM10000 dataset having 10,015 dermoscopy images of seven different classifications of skin diseases. The proposed model has been analyzed using two optimizers i.e. Adam and Adadelta on 20 epochs and 32 batch sizes for the skin disease classification. The model has outperformed on Adadelta optimizer with an accuracy value of 97.96%. © 2022",Segmentation / Classification,HAM10000,10015,No reported,"Resizing (to 192x256 for U-Net; segmented output resized to 28x28 for CNN) , ROI extraction (via U-Net)",No reported,Lesion Boundary,"Multi-class (7 classes: MEL, NV, BCC, AKIEC, BKL, DF, VASC)","U-Net (Segmentation) + Custom CNN (Classification: 5 Conv, 3 MP, 3 Dense)",New Architecture (Fusion of U-Net and CNN),No,"Accuracy, Precision, Sensitivity, Specificity",ACC: 97.96% (with Adadelta optimizer),Yes,Misclassification occurs due to different diseases sharing similar visual characteristics,Enhance images in preprocessing; Explore ensemble approaches for classification; Generalize to other biomedical images
Multiclass skin lesion classification in dermoscopic images using swin transformer model,10.1007/s00521-022-08053-z,https://www.scopus.com/inward/record.uri?eid=2-s2.0-85142912605&doi=10.1007%2fs00521-022-08053-z&partnerID=40&md5=5a42f89c28ba9a189943ca513afbe48b,Ayas S.,2023,55.0,"Automatic skin lesion classification in dermoscopic images is a very challenging task due to the huge intraclass variation, the high degree of interclass visual similarity, low contrast between skin lesion and surrounding normal skin, and the existence of extraneous and intrinsic artifacts. However, existing algorithms for skin lesion classification are developed by leveraging convolutional neural networks (CNNs), and the effectiveness of these algorithms is mostly validated for binary classification of skin lesions. In addition, the relatively low diagnostic sensitivity achieved by these studies demonstrates the uncertainty involved in skin lesion classification. In order to overcome these difficulties, a swin transformer model for multiclass skin lesion classification is proposed by taking advantage of both transformer and CNNs that are based on end-to-end mapping and do not require prior knowledge. Furthermore, the problem of class imbalance is addressed through a weighted cross entropy loss. Moreover, key components of the proposed approach are explored in detail in order to ensure efficient and effective learning process with multiclass data in the skin lesion classification. The proposed method is extensively evaluated on International Skin Imaging Collaboration (ISIC) 2019 Skin Lesion Analysis Towards Melanoma Detection Challenge dataset and achieves a sensitivity, specificity, accuracy, and balanced accuracy value of 82.3 % , 97.9 % , 97.2 % , and 82.3 % , respectively. Experimental results demonstrate that the proposed method has the highest balanced accuracy value and outperforms most of the other state-of-the-art methods in multiclass skin lesion classification. © 2022, The Author(s), under exclusive licence to Springer-Verlag London Ltd., part of Springer Nature.",Classification,ISIC 2019,"25,331",No (Addressed via Weighted Cross Entropy Loss with inverse class frequency weighting),Resize (224x224); Normalization,Random Horizontal/Vertical Flips; Color Jitter (Brightness; Contrast; Saturation),,"Multi-class (AK, BCC, BKL, DF, MEL, NV, SCC, VASC)",Swin Transformer (Swin-L),Application of Swin Transformer to skin lesion classification,Yes (ImageNet-22K),Sensitivity; Specificity; Accuracy; Balanced Accuracy,"Balanced Accuracy: 82.3%, Accuracy: 97.2%",Yes,"Absence of preprocessing/postprocessing stages; lower sensitivity for minority classes (e.g., DF)",Integrate preprocessing and postprocessing stages; explore specific transformer-based models
SSD-KD: A self-supervised diverse knowledge distillation method for lightweight skin lesion classification using dermoscopic images,10.1016/j.media.2022.102693,https://www.scopus.com/inward/record.uri?eid=2-s2.0-85144766603&doi=10.1016%2fj.media.2022.102693&partnerID=40&md5=77fb9d46b844950dfadb738447d9c0b5,Wang Y.; Wang Y.; Cai J.; Lee T.K.; Miao C.; Wang Z.J.,2023,88.0,"Skin cancer is one of the most common types of malignancy, affecting a large population and causing a heavy economic burden worldwide. Over the last few years, computer-aided diagnosis has been rapidly developed and make great progress in healthcare and medical practices due to the advances in artificial intelligence, particularly with the adoption of convolutional neural networks. However, most studies in skin cancer detection keep pursuing high prediction accuracies without considering the limitation of computing resources on portable devices. In this case, the knowledge distillation (KD) method has been proven as an efficient tool to help improve the adaptability of lightweight models under limited resources, meanwhile keeping a high-level representation capability. To bridge the gap, this study specifically proposes a novel method, termed SSD-KD, that unifies diverse knowledge into a generic KD framework for skin disease classification. Our method models an intra-instance relational feature representation and integrates it with existing KD research. A dual relational knowledge distillation architecture is self-supervised trained while the weighted softened outputs are also exploited to enable the student model to capture richer knowledge from the teacher model. To demonstrate the effectiveness of our method, we conduct experiments on ISIC 2019, a large-scale open-accessed benchmark of skin diseases dermoscopic images. Experiments show that our distilled MobileNetV2 can achieve an accuracy as high as 85% for the classification tasks of 8 different skin diseases with minimal parameters and computing requirements. Ablation studies confirm the effectiveness of our intra- and inter-instance relational knowledge integration strategy. Compared with state-of-the-art knowledge distillation techniques, the proposed method demonstrates improved performance. To the best of our knowledge, this is the first deep knowledge distillation application for multi-disease classification on the large-scale dermoscopy database. Our codes and models are available at https://github.com/enkiwang/Portable-Skin-Lesion-Diagnosis. © 2022 Elsevier B.V.",Classification,ISIC 2019,25331,No; addressed using Weighted Cross Entropy loss,Resizing,"Horizontal and vertical flips, adjustments in brightness, contrast, and saturation, image scaling, and random noise",,"Multi-class (MM, MN, BCC, AK, BKL, DF, VASC, SCC)","ResNet50 (Teacher), MobileNetV2 (Student), EfficientNetB7 (Teacher), EfficientNetB0 (Student)",Knowledge Distillation (SSD-KD),Yes (ImageNet),"ACC, BACC, mAP, AUC","ACC: 86.6%, BACC: 85.8%, mAP: 0.808 (using EfficientNetB7/B0 pair)",Yes,Improvement from adding different modules to BLKD was not very obvious; relied on fixed hyperparameters rather than exhaustive fine-tuning for all modules,"Incorporate Transformer architectures, multi-teacher KD, and teaching assistant mechanisms; apply to other medical imaging scenarios"
Monkeypox Detection Using CNN with Transfer Learning,10.3390/s23041783,https://www.scopus.com/inward/record.uri?eid=2-s2.0-85148970141&doi=10.3390%2fs23041783&partnerID=40&md5=06e6d150fb1747097cb15e2435dcc1e2,Altun M.; Gürüler H.; Özkaraca O.; Khan F.; Khan J.; Lee Y.,2023,84.0,"Monkeypox disease is caused by a virus that causes lesions on the skin and has been observed on the African continent in the past years. The fatal consequences caused by virus infections after the COVID pandemic have caused fear and panic among the public. As a result of COVID reaching the pandemic dimension, the development and implementation of rapid detection methods have become important. In this context, our study aims to detect monkeypox disease in case of a possible pandemic through skin lesions with deep-learning methods in a fast and safe way. Deep-learning methods were supported with transfer learning tools and hyperparameter optimization was provided. In the CNN structure, a hybrid function learning model was developed by customizing the transfer learning model together with hyperparameters. Implemented on the custom model MobileNetV3-s, EfficientNetV2, ResNET50, Vgg19, DenseNet121, and Xception models. In our study, AUC, accuracy, recall, loss, and F1-score metrics were used for evaluation and comparison. The optimized hybrid MobileNetV3-s model achieved the best score, with an average F1-score of 0.98, AUC of 0.99, accuracy of 0.96, and recall of 0.97. In this study, convolutional neural networks were used in conjunction with optimization of hyperparameters and a customized hybrid function transfer learning model to achieve striking results when a custom CNN model was developed. The custom CNN model design we have proposed is proof of how successfully and quickly the deep learning methods can achieve results in classification and discrimination. © 2023 by the authors.",Detection (Monkeypox),"Custom Dataset (Web scraped from public areas, Kaggle)",2056,"No (Imbalanced: 204 negative, 574 positive before augmentation)","Resize (224x224), Normalization (1./255)","Flip (Horizontal, Vertical), Rotation (90 degrees Clockwise/Counter-Clockwise/Upside Down)",,"Binary (Monkeypox vs. Other Skin Lesions like Lyme, Drug Rash, Ring Worm)","EfficientNetV2s, MobileNetV3-s, VGG19, ResNet50, DenseNet121, Xception","Customized Transfer Learning (added intermediate layers, hybrid ReLU/Softmax activation)",Yes [ImageNet],"MSE, AUC, Accuracy, Loss, F1-score, Precision, Recall",F1-score: 97.8% (MobileNetV3-s),Yes,Reliance on web-scraped images due to lack of official medical datasets,Publication of official datasets by health institutions; application of YOLO and Detectron2 deep learning models
Skin cancer diagnosis based on deep transfer learning and sparrow search algorithm,10.1007/s00521-022-07762-9,https://www.scopus.com/inward/record.uri?eid=2-s2.0-85138714690&doi=10.1007%2fs00521-022-07762-9&partnerID=40&md5=1b9c56d9a1979261bd6a0a526d8c9fbb,Balaha H.M.; Hassan A.E.-S.,2023,103.0,"Skin cancer affects the lives of millions of people every year, as it is considered the most popular form of cancer. In the USA alone, approximately three and a half million people are diagnosed with skin cancer annually. The survival rate diminishes steeply as the skin cancer progresses. Despite this, it is an expensive and difficult procedure to discover this cancer type in the early stages. In this study, a threshold-based automatic approach for skin cancer detection, classification, and segmentation utilizing a meta-heuristic optimizer named sparrow search algorithm (SpaSA) is proposed. Five U-Net models (i.e., U-Net, U-Net++, Attention U-Net, V-net, and Swin U-Net) with different configurations are utilized to perform the segmentation process. Besides this, the meta-heuristic SpaSA optimizer is used to perform the optimization of the hyperparameters using eight pre-trained CNN models (i.e., VGG16, VGG19, MobileNet, MobileNetV2, MobileNetV3Large, MobileNetV3Small, NASNetMobile, and NASNetLarge). The dataset is gathered from five public sources in which two types of datasets are generated (i.e., 2-classes and 10-classes). For the segmentation, concerning the “skin cancer segmentation and classification” dataset, the best reported scores by U-Net++ with DenseNet201 as a backbone architecture are 0.104, 94.16 % , 91.39 % , 99.03 % , 96.08 % , 96.41 % , 77.19 % , 75.47 % in terms of loss, accuracy, F1-score, AUC, IoU, dice, hinge, and squared hinge, respectively, while for the “PH2” dataset, the best reported scores by the Attention U-Net with DenseNet201 as backbone architecture are 0.137, 94.75 % , 92.65 % , 92.56 % , 92.74 % , 96.20 % , 86.30 % , 92.65 % , 69.28 % , and 68.04 % in terms of loss, accuracy, F1-score, precision, sensitivity, specificity, IoU, dice, hinge, and squared hinge, respectively. For the “ISIC 2019 and 2020 Melanoma” dataset, the best reported overall accuracy from the applied CNN experiments is 98.27 % by the MobileNet pre-trained model. Similarly, for the “Melanoma Classification (HAM10K)” dataset, the best reported overall accuracy from the applied CNN experiments is 98.83 % by the MobileNet pre-trained model. For the “skin diseases image” dataset, the best reported overall accuracy from the applied CNN experiments is 85.87 % by the MobileNetV2 pre-trained model. After computing the results, the suggested approach is compared with 13 related studies. © 2022, The Author(s).",Segmentation / Classification / Detection,ISIC 2019 and 2020 Melanoma; HAM10000; PH2; Skin diseases image dataset; and Skin cancer segmentation and classification,69148 total (ISIC 2019/20: 36780; HAM10000: 10015; Skin diseases: 27153; PH2: 200; Segmentation/Classification: 10015),Yes (Data balancing applied before training using various data augmentation techniques to ensure even distribution across categories),"Resizingand scaling (Standardization, Normalization, Min-Max, and Max-Absolute)","Flipping (Horizontal/Vertical), Rotation, Shifting (Width/Height), Shearing, Zooming, Cropping, Color change, and Brightness change",Both (Focuses on segmenting the tumor portion followed by multi-class classification),"Both (2-class: Melanoma vs. NotMelanoma/Nevus; 10-class: Atopic Dermatitis, Basal Cell Carcinoma, Benign Keratosis, Eczema, Melanocytic Nevi, Melanoma, Psoriasis, Seborrheic Keratoses, Tinea, and Warts)","8 pre-trained CNNs for classification (e.g., MobileNet, VGG, NASNet) and 5 U-Net variants for segmentation (U-Net, U-Net++, Attention U-Net, V-Net, Swin U-Net)",New Architecture (Threshold-based automatic approach using Sparrow Search Algorithm (SpaSA) for hyperparameter optimization of CNN and U-Net models),Yes,"Accuracy, F1-score, AUC, IoU, Dice, Precision, Sensitivity, Specificity, Hinge, and Squared Hinge",Segmentation (PH2): 94.75% (Attention U-Net with DenseNet201); Classification (HAM10000): 98.83% (MobileNet),"Yes (Compared with 13 prior related studies, outperforming many of them)",Training is time-consuming due to high-dimensional features; only 8 CNN and 5 U-Net architectures were evaluated,Evaluating the system with additional available datasets and further enhancing the performance of the segmentation phase
DeepSkin: A Deep Learning Approach for Skin Cancer Classification,10.1109/ACCESS.2023.3274848,https://www.scopus.com/inward/record.uri?eid=2-s2.0-85159800035&doi=10.1109%2fACCESS.2023.3274848&partnerID=40&md5=1b0367c2b1a106d6b796ae179278716e,Gururaj H.L.; Manju N.; Nagarjun A.; Manjunath Aradhya V.N.; Flammini F.,2023,95.0,"Skin cancer is one of the most rapidly spreading illnesses in the world and because of the limited resources available. Early detection of skin cancer is crucial accurate diagnosis of skin cancer identification for preventive approach in general. Detecting skin cancer at an early stage is challenging for dermatologists, as well in recent years, both supervised and unsupervised learning tasks have made extensive use of deep learning. One of these models, Convolutional Neural Networks (CNN), has surpassed all others in object detection and classification tests. The dataset is screened from MNIST: HAM10000 which consists of seven different types of skin lesions with the sample size of 10015 is used for the experimentation. The data pre-processing techniques like sampling, dull razor and segmentation using autoencoder and decoder is employed. Transfer learning techniques like DenseNet169 and Resnet 50 were used to train the model to obtain the results.  © 2013 IEEE.",Classification,HAM10000,10015,Yes (Oversampling and Undersampling),"Dull Razor (Hair Removal), Resizing, Normalization","Sampling (Oversampling, Undersampling)",Lesion Boundary,"Multi-class (7 classes: akiec, bcc, bkl, df, mel, vasc, nv)","DenseNet169, ResNet50",Application / Transfer Learning / Comparative Study,Yes (ImageNet),"Accuracy, F1-score, Precision, Recall","ACC: 91.2%, F1: 91.7% (DenseNet169 + Undersampling)","Yes (vs. other CNN models, e.g., ResNet50)","Technical implementation issues (DenseNet169 did not support oversampling, ResNet50 did not support undersampling); limited resources",Increase forecast accuracy through parameter tuning
DiffMIC: Dual-Guidance Diffusion Network for Medical Image Classification,10.1007/978-3-031-43987-2_10,https://www.scopus.com/inward/record.uri?eid=2-s2.0-85174706066&doi=10.1007%2f978-3-031-43987-2_10&partnerID=40&md5=a02b25e54a5abb3bebc68c845aacf784,Yang Y.; Fu H.; Aviles-Rivero A.I.; Schönlieb C.-B.; Zhu L.,2023,56.0,"Diffusion Probabilistic Models have recently shown remarkable performance in generative image modeling, attracting significant attention in the computer vision community. However, while a substantial amount of diffusion-based research has focused on generative tasks, few studies have applied diffusion models to general medical image classification. In this paper, we propose the first diffusion-based model (named DiffMIC) to address general medical image classification by eliminating unexpected noise and perturbations in medical images and robustly capturing semantic representation. To achieve this goal, we devise a dual conditional guidance strategy that conditions each diffusion step with multiple granularities to improve step-wise regional attention. Furthermore, we propose learning the mutual information in each granularity by enforcing Maximum-Mean Discrepancy regularization during the diffusion forward process. We evaluate the effectiveness of our DiffMIC on three medical classification tasks with different image modalities, including placental maturity grading on ultrasound images, skin lesion classification using dermatoscopic images, and diabetic retinopathy grading using fundus images. Our experimental results demonstrate that DiffMIC outperforms state-of-the-art methods by a significant margin, indicating the universality and effectiveness of the proposed model. Our code is publicly available at https://github.com/scott-yjyang/DiffMIC. © The Author(s), under exclusive license to Springer Nature Switzerland AG 2023.",Classification,"PMG2000 (Private), HAM10000, APTOS2019","HAM10000: 10,015; PMG2000: 2,098; APTOS2019: 3,662",No (HAM10000 and APTOS2019 are imbalanced),"Center-crop, Resize (224x224)","Random flipping, Random rotation",,Multi-class (HAM10000: 7 classes),DiffMIC (Denoising U-Net with ResNet18 encoder),"New Architecture (Dual-granularity Conditional Guidance, MMD regularization)",No,"Accuracy, F1-score","HAM10000: Accuracy 90.6%, F1-score 81.6%",Yes,None reported,Serve as an essential baseline for future research in diffusion-based medical image classification
ICL-Net: Global and Local Inter-Pixel Correlations Learning Network for Skin Lesion Segmentation,10.1109/JBHI.2022.3162342,https://www.scopus.com/inward/record.uri?eid=2-s2.0-85127531057&doi=10.1109%2fJBHI.2022.3162342&partnerID=40&md5=1aeedf26c9d52fd15e48ebd0dff01943,Cao W.; Yuan G.; Liu Q.; Peng C.; Xie J.; Yang X.; Ni X.; Zheng J.,2023,59.0,"Skin lesion segmentation is a fundamental procedure in computer-aided melanoma diagnosis. However, due to the diverse shape, variable size, blurry boundary, and noise interference of lesion regions, existing methods may struggle with the challenge of inconsistency within classes and indiscrimination between classes. In view of this, we propose a novel method to learn and model inter-pixel correlations from both global and local aspects, which can increase inter-class variances and intra-class similarities. Specifically, under the encoder-decoder architecture, we first design a pyramid transformer inter-pixel correlations (PTIC) module, aiming at capturing the non-local context information of different levels and further exploring the global pixel-level relationship to deal with the large variance of shape and size. Further, we devise a local neighborhood metric learning (LNML) module to strengthen the local semantic correlations learning capability and increase the separability between classes in the feature space. These two modules can complementarily strengthen the feature representation capability via exploiting the inter-pixel semantic correlations, thus further improving intra-class consistency and inter-class variance. Comprehensive experiments are performed on public skin lesion segmentation datasets: ISIC 2018, ISIC2016, and PH2, and experimental results demonstrate that the proposed method achieves better segmentation performance than other state-of-the-art methods.  © 2013 IEEE.",Segmentation,ISIC 2017 and ISIC 2018,12507 total (2594 from ISIC 2018 and 9913 from ISIC 2017),No; handles target variations through spatial and correlation modeling,Resizingand normalization,Random flipping and rotation,Lesion Boundary,,ResNet-34 backbone with Pyramid Transformer Inter-pixel Correlations (PTIC) and Local Neighborhood Metric Learning (LNML) modules,New Architecture (ICL-Net) 3,Yes (ResNet-34 pre-trained on ImageNet),"Jaccard Similarity (JA), Dice Coefficient (DI), Accuracy (AC), Sensitivity (SE), Specificity (SP)",DI: 91.07% (ISIC 2017); DI: 90.63% (ISIC 2018),"Yes (Compared against U-Net, CE-Net, FAT-Net, and others)",Challenges in segmenting lesions with extremely blurry boundaries or those heavily obscured by artifacts,Extending the method to 3D medical image segmentation and exploring more efficient transformer variants 4
EGE-UNet: An Efficient Group Enhanced UNet for Skin Lesion Segmentation,10.1007/978-3-031-43901-8_46,https://www.scopus.com/inward/record.uri?eid=2-s2.0-85174690290&doi=10.1007%2f978-3-031-43901-8_46&partnerID=40&md5=1d6a0f135cd28a02645294842642f2a9,Ruan J.; Xie M.; Gao J.; Liu T.; Fu Y.,2023,166.0,"Transformer and its variants have been widely used for medical image segmentation. However, the large number of parameter and computational load of these models make them unsuitable for mobile health applications. To address this issue, we propose a more efficient approach, the Efficient Group Enhanced UNet (EGE-UNet). We incorporate a Group multi-axis Hadamard Product Attention module (GHPA) and a Group Aggregation Bridge module (GAB) in a lightweight manner. The GHPA groups input features and performs Hadamard Product Attention mechanism (HPA) on different axes to extract pathological information from diverse perspectives. The GAB effectively fuses multi-scale information by grouping low-level features, high-level features, and a mask generated by the decoder at each stage. Comprehensive experiments on the ISIC2017 and ISIC2018 datasets demonstrate that EGE-UNet outperforms existing state-of-the-art methods. In short, compared to the TransFuse, our model achieves superior segmentation performance while reducing parameter and computation costs by 494x and 160x, respectively. Moreover, to our best knowledge, this is the first model with a parameter count limited to just 50KB. Our code is available at https://github.com/JCruan519/EGE-UNet. © The Author(s), under exclusive license to Springer Nature Switzerland AG 2023.",Segmentation,ISIC2017; ISIC2018,ISIC2017: 2150; ISIC2018: 2694,,"Normalization, Resize (256x256)","Horizontal Flipping, Vertical Flipping, Random Rotation",Lesion Boundary,,EGE-UNet (U-shaped with GHPA and GAB modules),New Architecture (Lightweight),No,"mIoU, DSC","ISIC2018: mIoU 80.94%, DSC 89.46%",Yes,Designed currently only for skin lesion segmentation; not yet deployed in real-world environments,Deploy in real-world environments; extend lightweight design to other tasks
Semantic segmentation in medical images through transfused convolution and transformer networks,10.1007/s10489-022-03642-w,https://www.scopus.com/inward/record.uri?eid=2-s2.0-85128816770&doi=10.1007%2fs10489-022-03642-w&partnerID=40&md5=0108a8ce0d0eba23ac41b5a7354eeefc,Dhamija T.; Gupta A.; Gupta S.; Anjum; Katarya R.; Singh G.,2023,60.0,"Recent decades have witnessed rapid development in the field of medical image segmentation. Deep learning-based fully convolution neural networks have played a significant role in the development of automated medical image segmentation models. Though immensely effective, such networks only take into account localized features and are unable to capitalize on the global context of medical image. In this paper, two deep learning based models have been proposed namely USegTransformer-P and USegTransformer-S. The proposed models capitalize upon local features and global features by amalgamating the transformer-based encoders and convolution-based encoders to segment medical images with high precision. Both the proposed models deliver promising results, performing better than the previous state of the art models in various segmentation tasks such as Brain tumor, Lung nodules, Skin lesion and Nuclei segmentation. The authors believe that the ability of USegTransformer-P and USegTransformer-S to perform segmentation with high precision could remarkably benefit medical practitioners and radiologists around the world. © 2022, The Author(s), under exclusive licence to Springer Science+Business Media, LLC, part of Springer Nature.",Segmentation,ISIC 2018; Data Science Bowl 2018; BraTS 2020,2594 for skin lesion,No; data imbalance is addressed using a combined loss function of Binary Cross Entropy and Dice Loss,Resizing and normalization,Random flipping and rotation,Lesion Boundary,,USegTransformer-P and USegTransformer-S (Hybrid Transformer and CNN architectures),New Architecture,No,"Dice Coefficient (DSC), Jaccard Index (IoU)",DSC: 91.13% (ISIC 2018),Yes,High computational complexity of transformer modules; requires significant memory for high-resolution images,Optimizing transformer efficiency for mobile medical devices and expanding to 3D volumetric data
DAE-Former: Dual Attention-Guided Efficient Transformer for Medical Image Segmentation,10.1007/978-3-031-46005-0_8,https://www.scopus.com/inward/record.uri?eid=2-s2.0-85174629875&doi=10.1007%2f978-3-031-46005-0_8&partnerID=40&md5=86121f50c3f776b6b0085f2300e464e2,Azad R.; Arimond R.; Aghdam E.K.; Kazerouni A.; Merhof D.,2023,92.0,"Transformers have recently gained attention in the computer vision domain due to their ability to model long-range dependencies. However, the self-attention mechanism, which is the core part of the Transformer model, usually suffers from quadratic computational complexity with respect to the number of tokens. Many architectures attempt to reduce model complexity by limiting the self-attention mechanism to local regions or by redesigning the tokenization process. In this paper, we propose DAE-Former, a novel method that seeks to provide an alternative perspective by efficiently designing the self-attention mechanism. More specifically, we reformulate the self-attention mechanism to capture both spatial and channel relations across the whole feature dimension while staying computationally efficient. Furthermore, we redesign the skip connection path by including the cross-attention module to ensure the feature reusability and enhance the localization power. Our method outperforms state-of-the-art methods on multi-organ cardiac and skin lesion segmentation datasets, without pre-training weights. The code is publicly available at GitHub. © 2023, The Author(s), under exclusive license to Springer Nature Switzerland AG.",Segmentation,Synapse; ISIC 2018,Synapse: 3779 slices,No,Resize (224x224),None reported,Lesion Boundary,,DAE-Former (U-Net-like Hierarchical Pure Transformer with Efficient Dual Attention and SCCA),New Architecture,No,"DSC, HD, SE, SP, ACC","ISIC 2018: DSC 0.9147, ACC 0.9641",Yes,None reported,Not reported
Evaluation of denoising techniques to remove speckle and Gaussian noise from dermoscopy images,10.1016/j.compbiomed.2022.106474,https://www.scopus.com/inward/record.uri?eid=2-s2.0-85144406648&doi=10.1016%2fj.compbiomed.2022.106474&partnerID=40&md5=aaf58e2bec0a0996c040a49f83eeef8b,Goceri E.,2023,90.0,"Computerized methods provide analyses of skin lesions from dermoscopy images automatically. However, the images acquired from dermoscopy devices are noisy and cause low accuracy in automated methods. Therefore, various methods have been applied for denoising in the literature. There are some review-type papers about these methods. However, their authors have focused on either denoising with a specific approach or denoising from other images rather than dermoscopy images, which have a different characteristic. It is not possible to determine which method is the most suitable for denoising from dermoscopy images according to the results presented in them. Therefore, a review on the denoising approaches applied with dermoscopy images is required and, according to our knowledge, there is no such a review-type paper. To fill this gap in the literature, the required review has been performed in this work. Also, in this work, the methods in the literature have been implemented using the same data sets containing images with speckle or Gaussian types of noise. The results have been analyzed not only visually but also quantitatively to compare capabilities of the techniques. Our experiments indicated that each denoising technique has its own disadvantages and advantages. The main contributions of this paper are three-fold: (i) A comprehensive review on the denoising approaches applied with dermoscopy images has been presented. (ii) The denoising techniques have been implemented with the same images for meaningful comparisons. (iii) Both visual and quantitative analyses with different metrics have been performed and comparative performance evaluations have been presented. © 2022 Elsevier Ltd",Evaluation Of Denoising Techniques For Dermoscopy Images,HAM10000,805 (115 from each of 7 categories),Yes (Balanced subset constructed),"Denoising (Evaluated 23 methods including AWF, Anisotropic, Bilateral, BM3D, DCT, DnCNN, Gaussian, GMM, NLM, TV, Wavelet)","Noise Addition (Gaussian, Speckle, Salt-and-pepper, Poisson added for testing)",,,DnCNN (Deep Learning method used),Comparative review/implementation of 23 existing denoising methods,No (DnCNN trained from scratch on subset),"PSNR, MSE, SSIM, Processing Time","PSNR: 45.24, SSIM: 0.97 (Patch shape integrated NLM)",Yes (Comparatively evaluates 23 methods),Deep learning requires large datasets and computational resources; Filtering methods often blur edges or require experimental parameter tuning,Test on larger datasets
Deep Learning based Model for Detection of Vitiligo Skin Disease using Pretrained Inception V3,10.33889/IJMEMS.2023.8.5.059,https://www.scopus.com/inward/record.uri?eid=2-s2.0-85171449904&doi=10.33889%2fIJMEMS.2023.8.5.059&partnerID=40&md5=691133bcdbee5391496d4bfe73799ad6,Sharma S.; Guleria K.; Kumar S.; Tiwari S.,2023,62.0,"Skin diseases are commonly identified problems all over the world. There are various kinds of skin diseases, such as skin cancer, vulgaris, ichthyosis, and eczema. Vitiligo is one of the skin diseases that can occur in any area of the body, including the inner part of the mouth. This type of skin can have immense negative impacts on the human body, involving memory issues, hypertension, and mental health problems. Conventionally, dermatologists use biopsy, blood tests, and patch testing to identify the presence of skin diseases and provide medications to patients. However, these treatments don't always provide results due to the transformation of a macule into a patch. Various machine learning (ML) and deep learning (DL) models have been developed for the early identification of macules to avoid delays in treatments. This work has implemented a DL-based model for predicting and classifying vitiligo skin disease in healthy skin. The features from the images have been extracted using a pre-trained Inception V3 model and substituted for each classifier, namely, naive Bayes, convolutional neural network (CNN), random forest, and decision tree. The results have been determined as accuracy, recall, precision, area under the curve (AUC), and F1-score for Inception V3 with naive Bayes as 99.5%, 0.995, 0.995, 0.997, and 0.995, respectively. The Inception V3 with CNN has achieved 99.8% accuracy, 0.998 recall, 0.998 precision, 1.00 AUC, and 0.998 F1-score. Further, Inception V3 with random forest shows 99.9% accuracy, 0.999 recall, 0.999 precision, 1.00 AUC, and 0.999 F1-score values whereas, Inception V3 with decision tree classifier shows an accuracy value of 97.8%, 0.978 recall, 0.977 precision, 0.969 AUC, and 0.977 F1-score. Results exhibit that Inception V3 with a random forest classifier outperforms in terms of accuracy, recall, precision, and F1-score, whereas for the AUC metric, Inception V3 with a random forest and Inception V3 with CNN have shown the same outcomes of 1.00. © 2023 International Journal of Mathematical, Engineering and Management Sciences. All rights reserved.",Detection (Vitiligo),Kaggle (Zienab_esam; 2022),1202,"No (Healthy: 847, Vitiligo: 355)",,,,Binary (Healthy Skin vs Vitiligo Skin),"Inception V3 (Feature Extraction) + Random Forest, Naive Bayes, Decision Tree, CNN (Classifiers)",Transfer Learning,Yes (Inception V3),"Accuracy, Recall, Precision, AUC, F1-score, ROC","ACC: 99.9%, AUC: 1.00 (Inception V3 + Random Forest)",Yes,Dataset limitation (size) implies need for more extensive primary research,Expand dataset with augmentation; conduct extensive primary research
SkinSAM: Empowering Skin Cancer Segmentation with Segment Anything Model,https://doi.org/10.48550/arXiv.2304.13973,https://arxiv.org/abs/2304.13973,"Mingzhe Hu, Yuheng Li, Xiaofeng Yang",2023,93.0,"Skin cancer is a prevalent and potentially fatal disease that requires accurate and efficient diagnosis and treatment. Although manual tracing is the current standard in clinics, automated tools are desired to reduce human labor and improve accuracy. However, developing such tools is challenging due to the highly variable appearance of skin cancers and complex objects in the background. In this paper, we present SkinSAM, a fine-tuned model based on the Segment Anything Model that showed outstanding segmentation performance. The models are validated on HAM10000 dataset which includes 10015 dermatoscopic images. While larger models (ViT_L, ViT_H) performed better than the smaller one (ViT_b), the finetuned model (ViT_b_finetuned) exhibited the greatest improvement, with a Mean pixel accuracy of 0.945, Mean dice score of 0.8879, and Mean IoU score of 0.7843. Among the lesion types, vascular lesions showed the best segmentation results. Our research demonstrates the great potential of adapting SAM to medical image segmentation tasks.",Segmentation,HAM10000,10015,No,Image normalization and resizing,"Random select a point within the mask; bounding box defined as mask dimensions plus 20 pixels, randomly shifted up to 30 pixels and scaled by up to 10%",Lesion Boundary,"Multi-class (7 classes: MEL, NV, BCC, AKIEC, BKL, DF, VASC)","Vision Transformer (ViT-Base, ViT-Large, ViT-Huge) backbones for Segment Anything Model (SAM)",New Architecture (Finetuned SAM),Yes (SA-1B),"Mean Pixel Accuracy, Mean Dice Score, Mean IoU","ViT_b_finetuned: Mean Pixel Accuracy: 0.945, Mean Dice: 0.8879, Mean IoU: 0.7843",No (primarily compared variants of SAM),Limited to 2D surface representation; lacks 3D structural information; heavy reliance on prompts for high performance; limited computational resources for finetuning larger models,Adapting SAM for 3D medical image segmentation; finetuning larger backbones like ViT_h; exploring SAM as a tool for generating ground truth labels
Enhancing Medical Image Segmentation with TransCeption: A Multi-Scale Feature Fusion Approach,https://doi.org/10.48550/arXiv.2301.10847,https://arxiv.org/abs/2301.10847,"Reza Azad, Yiwei Jia, Ehsan Khodapanah Aghdam, Julien Cohen-Adad, Dorit Merhof",2023,85.0,"While CNN-based methods have been the cornerstone of medical image segmentation due to their promising performance and robustness, they suffer from limitations in capturing long-range dependencies. Transformer-based approaches are currently prevailing since they enlarge the reception field to model global contextual correlation. To further extract rich representations, some extensions of the U-Net employ multi-scale feature extraction and fusion modules and obtain improved performance. Inspired by this idea, we propose TransCeption for medical image segmentation, a pure transformer-based U-shape network featured by incorporating the inception-like module into the encoder and adopting a contextual bridge for better feature fusion. The design proposed in this work is based on three core principles: (1) The patch merging module in the encoder is redesigned with ResInception Patch Merging (RIPM). Multi-branch transformer (MB transformer) adopts the same number of branches as the outputs of RIPM. Combining the two modules enables the model to capture a multi-scale representation within a single stage. (2) We construct an Intra-stage Feature Fusion (IFF) module following the MB transformer to enhance the aggregation of feature maps from all the branches and particularly focus on the interaction between the different channels of all the scales. (3) In contrast to a bridge that only contains token-wise self-attention, we propose a Dual Transformer Bridge that also includes channel-wise self-attention to exploit correlations between scales at different stages from a dual perspective. Extensive experiments on multi-organ and skin lesion segmentation tasks present the superior performance of TransCeption compared to previous work. The code is publicly available at \url{this https URL}.",Segmentation,Synapse Multi-Organ; ISIC 2018,2594 (ISIC 2018),No,Resizing (224x224),"Flipping, Gaussian blurring, Linear contrast, Scaling, Rotation, Shearing, Translation, Gaussian noise",Lesion Boundary,,TransCeption (Pure Transformer U-Net with ResInception Patch Merging and Dual Transformer Bridge),New Architecture,No,"Dice Score, Accuracy, Specificity, Sensitivity, Hausdorff Distance",DSC: 0.9124 (ISIC 2018),"Yes (vs. U-Net, Att-UNet, TransUNet, Swin-Unet, MISSFormer)",Previous transformers limited in multi-scale representation; Token-aware bridges ignore inter-channel interactions,
BCN20000: Dermoscopic Lesions in the Wild,10.1038/s41597-024-03387-w,https://www.scopus.com/inward/record.uri?eid=2-s2.0-85196214485&doi=10.1038%2fs41597-024-03387-w&partnerID=40&md5=07372b492bfd9a4ca3ba34dcd5877532,Hernández-Pérez C.; Combalia M.; Podlipnik S.; Codella N.C.F.; Rotemberg V.; Halpern A.C.; Reiter O.; Carrera C.; Barreiro A.; Helba B.; Puig S.; Vilaplana V.; Malvehy J.,2024,39.0,"Advancements in dermatological artificial intelligence research require high-quality and comprehensive datasets that mirror real-world clinical scenarios. We introduce a collection of 18,946 dermoscopic images spanning from 2010 to 2016, collated at the Hospital Clínic in Barcelona, Spain. The BCN20000 dataset aims to address the problem of unconstrained classification of dermoscopic images of skin cancer, including lesions in hard-to-diagnose locations such as those found in nails and mucosa, large lesions which do not fit in the aperture of the dermoscopy device, and hypo-pigmented lesions. Our dataset covers eight key diagnostic categories in dermoscopy, providing a diverse range of lesions for artificial intelligence model training. Furthermore, a ninth out-of-distribution (OOD) class is also present on the test set, comprised of lesions which could not be distinctively classified as any of the others. By providing a comprehensive collection of varied images, BCN20000 helps bridge the gap between the training data for machine learning models and the day-to-day practice of medical practitioners. Additionally, we present a set of baseline classifiers based on state-of-the-art neural networks, which can be extended by other researchers for further experimentation. © The Author(s) 2024.",Classification,BCN20000,18946 (12413 Train; 6533 Test),No (Imbalanced); Balanced via Weighted Sampling,"Cropping (ROI detection/Dark frame removal), Normalization, Resizing","Resized crops, Grayscale/Permutation, Color Jitter (Brightness, Saturation, Contrast, Hue), Flips",Lesion Boundary (ROI Cropping via Thresholding/Moments),"Multi-class (NV, MEL, BCC, SCC, DF, BKL, AK, VASC; Test set: Unknown/OOD)","ResNet (18, 34, 50), EfficientNet (B0, B1, B2)",Dataset Introduction / Baseline Classifiers,Yes (ImageNet),Balanced Accuracy,Balanced Accuracy: 0.461 (EfficientNet-B2 on Cropped),No (Baselines provided),"Class imbalance; dark corners/frames in images; presence of out-of-distribution (OOD) lesions; hard-to-diagnose locations (nails, mucosa)",Develop algorithms for unconstrained environments; handle OOD samples; improve performance on hard-to-diagnose lesions
Enhancing Skin Cancer Diagnosis Using Swin Transformer with Hybrid Shifted Window-Based Multi-head Self-attention and SwiGLU-Based MLP,10.1007/s10278-024-01140-8,https://www.scopus.com/inward/record.uri?eid=2-s2.0-105007771791&doi=10.1007%2fs10278-024-01140-8&partnerID=40&md5=54459452e023e4132a65107beba7ea6b,Pacal I.; Alaftekin M.; Zengul F.D.,2024,32.0,"Skin cancer is one of the most frequently occurring cancers worldwide, and early detection is crucial for effective treatment. Dermatologists often face challenges such as heavy data demands, potential human errors, and strict time limits, which can negatively affect diagnostic outcomes. Deep learning–based diagnostic systems offer quick, accurate testing and enhanced research capabilities, providing significant support to dermatologists. In this study, we enhanced the Swin Transformer architecture by implementing the hybrid shifted window-based multi-head self-attention (HSW-MSA) in place of the conventional shifted window-based multi-head self-attention (SW-MSA). This adjustment enables the model to more efficiently process areas of skin cancer overlap, capture finer details, and manage long-range dependencies, while maintaining memory usage and computational efficiency during training. Additionally, the study replaces the standard multi-layer perceptron (MLP) in the Swin Transformer with a SwiGLU-based MLP, an upgraded version of the gated linear unit (GLU) module, to achieve higher accuracy, faster training speeds, and better parameter efficiency. The modified Swin model-base was evaluated using the publicly accessible ISIC 2019 skin dataset with eight classes and was compared against popular convolutional neural networks (CNNs) and cutting-edge vision transformer (ViT) models. In an exhaustive assessment on the unseen test dataset, the proposed Swin-Base model demonstrated exceptional performance, achieving an accuracy of 89.36%, a recall of 85.13%, a precision of 88.22%, and an F1-score of 86.65%, surpassing all previously reported research and deep learning models documented in the literature. © The Author(s) 2024.",Classification (Enhance Skin Cancer Diagnosis Using Deep Learning),ISIC 2019,25331,"No (Imbalanced: NV=12,875 vs. DF=239)",Resizing (224x224),"Rotation, Scaling, Mirroring, Adding noise, Changing colors",,"Multi-class (8 classes: MEL, NV, BCC, AK, BKL, DF, VASC, SCC)",Swin Transformer (Modified with HSW-MSA and SwiGLU-based MLP),New Architecture (HSW-MSA + SwiGLU enhancements),Yes (ImageNet),"Accuracy, Precision, Recall, F1-score",ACC: 89.36%,"Yes (vs. 42 models including VGG16, ResNet, ViT, MaxViT, MobileViT)",Lack of skin tone diversity (bias towards lighter skin); Class imbalance; Limited dataset size for data-intensive models,Test on larger/more diverse datasets (skin types/ethnicities); Reduce computational load
I2U-Net: A dual-path U-Net with rich information interaction for medical image segmentation,10.1016/j.media.2024.103241,https://www.scopus.com/inward/record.uri?eid=2-s2.0-85196296320&doi=10.1016%2fj.media.2024.103241&partnerID=40&md5=30403ffb8a0fc0508b2b9282c1d1d008,Dai D.; Dong C.; Yan Q.; Sun Y.; Zhang C.; Li Z.; Xu S.,2024,43.0,"Although the U-shape networks have achieved remarkable performances in many medical image segmentation tasks, they rarely model the sequential relationship of hierarchical layers. This weakness makes it difficult for the current layer to effectively utilize the historical information of the previous layer, leading to unsatisfactory segmentation results for lesions with blurred boundaries and irregular shapes. To solve this problem, we propose a novel dual-path U-Net, dubbed I2U-Net. The newly proposed network encourages historical information re-usage and re-exploration through rich information interaction among the dual paths, allowing deep layers to learn more comprehensive features that contain both low-level detail description and high-level semantic abstraction. Specifically, we introduce a multi-functional information interaction module (MFII), which can model cross-path, cross-layer, and cross-path-and-layer information interactions via a unified design, making the proposed I2U-Net behave similarly to an unfolded RNN and enjoying its advantage of modeling time sequence information. Besides, to further selectively and sensitively integrate the information extracted by the encoder of the dual paths, we propose a holistic information fusion and augmentation module (HIFA), which can efficiently bridge the encoder and the decoder. Extensive experiments on four challenging tasks, including skin lesion, polyp, brain tumor, and abdominal multi-organ segmentation, consistently show that the proposed I2U-Net has superior performance and generalization ability over other state-of-the-art methods. The code is available at https://github.com/duweidai/I2U-Net. © 2024",Segmentation,ISIC2018 (Public); PH² (Public),2794 (2594 in ISIC2018 + 200 in PH²),No; Joint loss (Dice + Cross-Entropy) used to address class distribution imbalance,Resampling/Resizing (to 224x224 pixels),No reported,Lesion Boundary,,"I2U-Net (Dual-path U-Net with ResNet-34 encoder, MFII, and HIFA modules)",New Architecture,Yes (ImageNet 2012 for encoder in ablation study; otherwise trained from scratch),"IoU, Dice","ISIC2018: IoU 83.66%, Dice 90.10%; PH²: IoU 85.70%, Dice 91.83%",Yes,High computational cost/parameters in the dual-path ResNet-34 encoder leading to longer inference times,"Design a lightweight backbone, utilize Neural Architecture Search (NAS), and extend to more 2D/3D medical segmentation tasks"
GAN based augmentation using a hybrid loss function for dermoscopy images,10.1007/s10462-024-10897-x,https://www.scopus.com/inward/record.uri?eid=2-s2.0-85200559211&doi=10.1007%2fs10462-024-10897-x&partnerID=40&md5=b1b792936b2ba4626448560c8870c77b,Goceri E.,2024,38.0,"Dermatology is the most appropriate field to utilize pattern recognition-based automated techniques for objective, accurate, and rapid diagnosis because diagnosis mainly relies on visual examinations of skin lesions. Recent approaches utilizing deep learning techniques have shown remarkable results in this field. However, they necessitate a substantial quantity of images and the availability of dermoscopy images is often limited. Also, even if enough images are available, their labeling requires expert knowledge and is time-consuming. To overcome these issues, an efficient augmentation approach is needed to expand training datasets from input images. Therefore, in this work, a generative adversarial network has been developed using a new hybrid loss function constructed with traditional loss functions to enhance the generation power of the architecture. Also, the effect of the proposed approach and different generative network-based augmentations, which have been used with dermoscopy images in the literature, on the classification of skin lesions has been investigated. Therefore, the main contributions of this work are: (i) introducing a new generative model for the augmentation of dermoscopy images; (ii) presenting the effect of the proposed model on the classification of the images; (iii) comparative evaluations of the effectiveness of different generative network-based augmentations in the classification of seven forms of skin lesions. The classification accuracy when the proposed augmentation is used is 93.12%, which is higher than its counterparts. Experimental results indicate the significance of augmentation techniques in the classification of skin lesions and the efficiency of the proposed structure in improving the classification accuracy. © The Author(s) 2024.",Classification,HAM10000,2065 (770 original + 1295 augmented),Yes (Balanced to 110 images per class for all 7 classes),"Resizing (to backbone default), Smoothing via hybrid loss",Proposed GAN-based augmentation (Hybrid loss: Content + SSIM + Smooth L1),,"Multi-class (7 classes: VASC, AKIEC, BKL, MEL, DF, NV, BCC)","Inception-v4, Inception-ResNet-V2 (Backbone for GAN: Pix2pix/U-Net)","New Loss Function (Hybrid loss combining Content, SSIM, and Smooth L1)",Yes (ImageNet),"Accuracy, Sensitivity, Specificity, F1-Score, MCC",ACC: 93.12% (Inception-ResNet-V2),"Yes (vs. Pix2pix, DCGAN, StyleGAN, SL-StyleGAN, SPGGAN, SPGGAN-TTUR)","Not yet applied to other medical imaging modalities (e.g., MR, CT, X-ray)",Apply the proposed augmentation to other medical image types to test performance
A hybrid deep learning skin cancer prediction framework,10.1016/j.jestch.2024.101818,https://www.scopus.com/inward/record.uri?eid=2-s2.0-85202065626&doi=10.1016%2fj.jestch.2024.101818&partnerID=40&md5=8ce3bf3bfc5d05408002c5ba4b66b917,Farea E.; Saleh R.A.A.; AbuAlkebash H.; Farea A.A.R.; Al-antari M.A.,2024,27.0,"Skin cancer, a critical health concern, necessitates accurate early detection and classification to mitigate its impact. However, the limited availability of medical datasets and the challenge of optimizing learnable parameters in deep learning strategies for medical images pose significant hurdles. To address these challenges, we propose an innovative solution—a hybrid artificial intelligence (AI) framework for skin cancer prediction. This framework consists of two pivotal steps: firstly, a comprehensive skin cancer dataset is curated by combining diverse public datasets encompassing multiple disease types. This facilitates robust weight tuning of Convolutional Neural Networks (CNNs) by enhancing the diversity of the learning process. Subsequently, the optimization of deep learning is meticulously executed through the artificial Bee Colony (ABC) strategy, effectively mitigating the potential adverse effects of initial parameter randomness on AI model performance. Rigorous evaluation of the hybrid framework against eight prominent CNN models, including DenseNet121, InceptionResNetV2, and others, underscores its superior predictive capabilities. The optimized hybrid framework achieves exceptional results, boasting an accuracy of 93.04%, recall of 92.0%, precision of 93.0%, and an impressive F1-score of 93.12%. In summary, our proposed hybrid solution demonstrates a substantial advancement in multi-disease skin cancer classification. It outperforms existing AI models and holds promise as a pragmatic smart solution with far-reaching implications. © 2024 The Authors",Classification,Generalized Skin Cancer Dataset (Combined: ISIC-2019; 7-point; PH2; DermIS; Dermquest; MED-NODE; SKINL2),27108,No (Imbalanced); Balanced via SMOTE and Augmentation,"Hair removal (Morphological operations), Resizing (224x224), Intensity Normalization, Contrast enhancement","Rotation, cropping, mirroring, shifting, zooming, flipping",Lesion Boundary (Otsu's thresholding),"Multi-class (MEL, NV, BCC, AK, BKL, DF, VASC, SCC, UNK)","Xception (optimized with Artificial Bee Colony), DenseNet121, EfficientNetB0, InceptionResNetV2, MobileNetV2, ResNet50, ResNet152V2, VGG16",Hybrid framework utilizing Artificial Bee Colony (ABC) for weight optimization and a generalized dataset,Yes,"Accuracy, Recall, Precision, F1-score, AUC, ROC","ACC: 93.04%, F1: 93.12%, AUC: >98% (Xception + ABC)",Yes,Reliance on internet access for cloud training; computational cost of optimization; general limitations of DL parameter initialization,"Evaluate on different datasets/applications; apply optimization to ensemble learning methods (e.g., ensemble transformer encoder)"
Skin-CAD: Explainable deep learning classification of skin cancer from dermoscopic images by feature selection of dual high-level CNNs features and transfer learning,10.1016/j.compbiomed.2024.108798,https://www.scopus.com/inward/record.uri?eid=2-s2.0-85196761918&doi=10.1016%2fj.compbiomed.2024.108798&partnerID=40&md5=8f49214070a7f7f30634b5f209a7893e,Attallah O.,2024,37.0,"Skin cancer (SC) significantly impacts many individuals' health all over the globe. Hence, it is imperative to promptly identify and diagnose such conditions at their earliest stages using dermoscopic imaging. Computer-aided diagnosis (CAD) methods relying on deep learning techniques especially convolutional neural networks (CNN) can effectively address this issue with outstanding outcomes. Nevertheless, such black box methodologies lead to a deficiency in confidence as dermatologists are incapable of comprehending and verifying the predictions that were made by these models. This article presents an advanced an explainable artificial intelligence (XAI) based CAD system named “Skin-CAD” which is utilized for the classification of dermoscopic photographs of SC. The system accurately categorises the photographs into two categories: benign or malignant, and further classifies them into seven subclasses of SC. Skin-CAD employs four CNNs of different topologies and deep layers. It gathers features out of a pair of deep layers of every CNN, particularly the final pooling and fully connected layers, rather than merely depending on attributes from a single deep layer. Skin-CAD applies the principal component analysis (PCA) dimensionality reduction approach to minimise the dimensions of pooling layer features. This also reduces the complexity of the training procedure compared to using deep features from a CNN that has a substantial size. Furthermore, it combines the reduced pooling features with the fully connected features of each CNN. Additionally, Skin-CAD integrates the dual-layer features of the four CNNs instead of entirely depending on the features of a single CNN architecture. In the end, it utilizes a feature selection step to determine the most important deep attributes. This helps to decrease the general size of the feature set and streamline the classification process. Predictions are analysed in more depth using the local interpretable model-agnostic explanations (LIME) approach. This method is used to create visual interpretations that align with an already existing viewpoint and adhere to recommended standards for general clarifications. Two benchmark datasets are employed to validate the efficiency of Skin-CAD which are the Skin Cancer: Malignant vs. Benign and HAM10000 datasets. The maximum accuracy achieved using Skin-CAD is 97.2 % and 96.5 % for the Skin Cancer: Malignant vs. Benign and HAM10000 datasets respectively. The findings of Skin-CAD demonstrate its potential to assist professional dermatologists in detecting and classifying SC precisely and quickly. © 2024 Elsevier Ltd",Classification,ISIC 2018 (Task 3),10015,No (Method: Synthetic Minority Over-sampling Technique (SMOTE) applied after feature extraction to balance the feature space),Resizing,No reported,,"Multi-class (Melanoma, Melanocytic Nevus, Basal Cell Carcinoma, Actinic Keratosis, Benign Keratosis, Dermatofibroma, Vascular Lesion)",Dual-branch CNN: ResNet-50 and Xception,New Architecture/Ensemble (Hybrid feature fusion and selection framework),Yes (ImageNet),"ACC, Sen, Spec, Prec, F1, AUC, MCC",ACC: 99.1% (with SMOTE and PCA feature selection),Yes,High dimensionality of fused features requiring significant reduction; model explainability remains a general challenge in deep learning,"Exploring other fusion strategies and testing the framework on larger, more diverse dermatological datasets beyond ISIC"
A novel end-to-end deep convolutional neural network based skin lesion classification framework,10.1016/j.eswa.2023.123056,https://www.scopus.com/inward/record.uri?eid=2-s2.0-85182269929&doi=10.1016%2fj.eswa.2023.123056&partnerID=40&md5=ee1d2ffc8bf930f27eca51dfe5355efd,A R.S.; Chamola V.; Hussain Z.; Albalwy F.; Hussain A.,2024,44.0,"Background: Skin diseases are reported to contribute 1.79% of the global burden of disease. The accurate diagnosis of specific skin diseases is known to be a challenging task due, in part, to variations in skin tone, texture, body hair, etc. Classification of skin lesions using machine learning is a demanding task, due to the varying shapes, sizes, colors, and vague boundaries of some lesions. The use of deep learning for the classification of skin lesion images has been shown to help diagnose the disease at its early stages. Recent studies have demonstrated that these models perform well in skin detection tasks, with high accuracy and efficiency. Objective: Our paper proposes an end-to-end framework for skin lesion classification, and our contributions are two-fold. Firstly, two fundamentally different algorithms are proposed for segmenting and extracting features from images during image preprocessing. Secondly, we present a deep convolutional neural network model, S-MobileNet that aims to classify 7 different types of skin lesions. Methods: We used the HAM10000 dataset, which consists of 10000 dermatoscopic images from different populations and is publicly available through the International Skin Imaging Collaboration (ISIC) Archive. The image data was preprocessed to make it suitable for modeling. Exploratory data analysis (EDA) was performed to understand various attributes and their relationships within the dataset. A modified version of a Gaussian filtering algorithm and SFTA was applied for image segmentation and feature extraction. The processed dataset was then fed into the S-MobileNet model. This model was designed to be lightweight and was analyzed in three dimensions: using the Relu Activation function, the Mish activation function, and applying compression at intermediary layers. In addition, an alternative approach for compressing layers in the S-MobileNet architecture was applied to ensure a lightweight model that does not compromise on performance. Results: The model was trained using several experiments and assessed using various performance measures, including, loss, accuracy, precision, and the F1-score. Our results demonstrate an improvement in model performance when applying a preprocessing technique. The Mish activation function was shown to outperform Relu. Further, the classification accuracy of the compressed S-MobileNet was shown to outperform S-MobileNet. Conclusions: To conclude, our findings have shown that our proposed deep learning-based S-MobileNet model is the optimal approach for classifying skin lesion images in the HAM10000 dataset. In the future, our approach could be adapted and applied to other datasets, and validated to develop a skin lesion framework that can be utilized in real-time. © 2023 The Author(s)",Classification,HAM10000,10,Yes (Equal sampling via random image generator),"Grayscale conversion, Resizing (224x224), Modified Gaussian Filtering (Segmentation), Modified SFTA (Feature Extraction)",No reported,Lesion Boundary,"Multi-class (Melanocytic nevi, Melanoma, Benign keratosis-like lesions, Basal cell carcinoma, Actinic keratoses, Vascular lesions, Dermatofibroma)",S-MobileNet (Modified MobileNet with Mish activation and L1-norm pruning),New Architecture (Modified MobileNet),No,"Accuracy, Precision, F1-score, Loss",ACC: 98.345%,Yes,Difficulty comparing latency due to hardware differences; potential for over-segmentation,"Validate on other datasets (ISBI 2016, PH2, PAD-UFES-20); real-time application"
Explainable deep inherent learning for multi-classes skin lesion classification,10.1016/j.asoc.2024.111624,https://www.scopus.com/inward/record.uri?eid=2-s2.0-85190987808&doi=10.1016%2fj.asoc.2024.111624&partnerID=40&md5=4964ae7ed019795b0942a5e7f1424ddd,Hosny K.M.; Said W.; Elmezain M.; Kassem M.A.,2024,60.0,"There is often a lack of explanation when artificial intelligence (AI) is used to diagnose skin lesions, which makes the physician unable to interpret and validate the output; thus, diagnostic systems become significantly less safe. In this paper, we proposed a deep inherent learning method to classify seven types of skin lesions. The proposed deep inherent learning was validated using different explanation techniques. Explainable AI (X-AI) was used to explain decision-making processes at the local and global levels. In addition, we provide visual information to help physicians trust the proposed method. The challenging dataset, HAM10000, was used to evaluate the proposed method. Medical practitioners can better understand the mechanisms of black-box AI models using our simple, stage-based X-AI framework. They can trust the proposed method because the rationale for its decisions is explained. © 2024 Elsevier B.V.",Classification,HAM10000 (ISIC 2018),10015,"No (Imbalanced: NV=6,705 vs DF=115)",Resizing (300x300),No reported,,"Multi-class (7 classes: MEL, NV, BCC, AKIEC, BKL, DF, VASC)",Deep Inherent Learning Network (Custom 54-layer architecture with Inherent Blocks),New Architecture (Deep Inherent Learning),No (Initialized randomly),"Accuracy, Sensitivity, Specificity, Precision, F-score, ROC, Confusion Matrix",ACC: 92.89%,"Yes (vs. Ali et al., Codella et al., Chowdhury et al.)","Class imbalance causes confusion for underrepresented classes (e.g., DF, VASC)",Retrain with more labeled data and wider range of observations for incorrect classes
Diagnosis of skin cancer using VGG16 and VGG19 based transfer learning models,10.1007/s11042-023-17735-2,https://www.scopus.com/inward/record.uri?eid=2-s2.0-85179650700&doi=10.1007%2fs11042-023-17735-2&partnerID=40&md5=6eddab20254f44f96b6a378e97b6e083,Faghihi A.; Fathollahi M.; Rajabi R.,2024,35.0,"Today, skin cancer is considered one of the most dangerous and common cancers in the world, demanding special attention. Skin cancer can be developed in different types, including melanoma, actinic keratosis, basal cell carcinoma, squamous cell carcinoma, and Merkel cell carcinoma. Among them, melanoma is considered to be more unpredictable. However, melanoma cancer can be diagnosed at early stages, which increases the possibility of successful treatment. Automatic classification of skin lesions is a challenging task due to diverse forms and grades of the disease, which demands the implementation of novel methods. Deep convolutional neural networks (CNNs) have shown an excellent potential for data and image classification. In this article, we examine the problem of skin lesion classification using CNN techniques. Remarkably, we present that prominent classification accuracy of lesion detection can be achieved through proper design and application of transfer learning framework on pre-trained neural networks. This can be accomplished without the need for data augmentation techniques; specifically, we merged the core architectures of VGG16 and VGG19, which were pretrained on a generic dataset, into a modified AlexNet network. We then fine-tuned this combined architecture using a subject-specific dataset consisting of dermatology images. The convolutional neural network was trained using 2541 images. In particular, dropout was employed to mitigate overfitting. Finally, we assessed the model’s performance by applying the K-fold cross validation method. The proposed model improved classification accuracy with an increase of 3% (from 94.2% to 98.18%) compared to other methods. © The Author(s), under exclusive licence to Springer Science+Business Media, LLC, part of Springer Nature 2023.",Classification,ISIC 2020; MED-NODE,2541 (1200 Melanoma; 1341 Benign),Balanced (Random Undersampling),Resize (224x224),,,Binary (Melanoma vs. Benign),Modified AlexNet fused with VGG16/VGG19 (Dual Transfer Learning),Dual Transfer Learning (Retraining initial and final layers),Yes,Accuracy; Sensitivity; Specificity,Accuracy: 98.18%,Yes,Potential for overfitting in complex datasets; challenges associated with domain shifts,Explore impact of different pre-trained architectures; investigate varying degrees of fine-tuning
A deep learning outline aimed at prompt skin cancer detection utilizing gated recurrent unit networks and improved orca predation algorithm,10.1016/j.bspc.2023.105858,https://www.scopus.com/inward/record.uri?eid=2-s2.0-85180532581&doi=10.1016%2fj.bspc.2023.105858&partnerID=40&md5=ce0a7945c6745f275e321f55b44d34c4,Zhang L.; Zhang J.; Gao W.; Bai F.; Li N.; Ghadimi N.,2024,115.0,"Skin cancer is a risky ailment that can be effectively managed if detected promptly. However, timely recognition of skin cancer remains a challenge. In this study, a robotic computer-assisted tactic is proposed for the early detection of skin cancer. The motivation behind this research is to improve the accuracy and efficiency of skin cancer recognition. The proposed methodology involves a series of steps. Initially, the input images undergo preprocessing to enhance their quality and extract relevant features. These preprocessed images are then fed into a Gated Recurrent Unit (GRU) Network, a type of deep learning model known for its ability to capture sequential information. To optimize the performance of the GRU Network, we employ an enhanced variant of the Orca Predation Algorithm (OPA). This algorithm helps fine-tune the network parameters, improving its diagnostic capabilities. To validate and evaluate the effectiveness of our skin cancer diagnosis algorithm, we conducted experiments using the HAM10000 dataset, which contains a large collection of skin lesion images. We compared the results obtained from our proposed method, named GRU/IOPA, with eight existing techniques commonly used for skin cancer diagnosis. Five execution indices, namely sensitivity, specificity, positive predictive value (PPV), negative predictive value (NPV), and accuracy, were used to assess the performance of these methods. Our findings demonstrate that the GRU/IOPA system outperforms other existing methods in terms of sensitivity (0.95), specificity (0.97), PPV (0.95), NPV (0.96), and accuracy. These results indicate the effectiveness of our proposed method in diagnosing skin cancer compared to traditional approaches. The superior performance of GRU/IOPA highlights its potential impact on improving skin cancer diagnosis and reinforces its promise as an advanced tool in the field. In conclusion, our study presents a novel approach for timely skin cancer recognition through a robotic computer-assisted tactic. By utilizing the GRU/IOPA system, we achieve superior accuracy and efficiency in diagnosing skin cancer compared to existing techniques. This research offers significant contributions to the field of skin cancer diagnosis and opens up new avenues for future advancements in this area. © 2023 Elsevier Ltd",Classification (Prompt Skin Cancer Detection),HAM10000,10015,Balanced via Random Oversampling (ROS),"Median filtering, Resizing, Random Oversampling (ROS)",Random Oversampling (ROS),,"Multi-class (Melanoma, BCC, AKIEC, Dermatofibroma, Vascular lesions, Benign keratosis-like, Melanocytic nevi)",Gated Recurrent Unit (GRU) Network (Optimized by IOPA),Improved Orca Predation Algorithm (IOPA) for hyperparameter optimization; Pure GRU approach,No,"Sensitivity, Specificity, PPV, NPV, Accuracy","Accuracy: 99%, Sensitivity: 0.95",Yes,"Model interpretability (black box), high computational cost, need for large annotated datasets, generalization to diverse populations",Validate on larger/diverse datasets; optimize clinical feasibility; address ethical and privacy concerns
SNC_Net: Skin Cancer Detection by Integrating Handcrafted and Deep Learning-Based Features Using Dermoscopy Images,10.3390/math12071030,https://www.scopus.com/inward/record.uri?eid=2-s2.0-85190266900&doi=10.3390%2fmath12071030&partnerID=40&md5=9f8305d3e54de94b3f4f24d047ddef50,Naeem A.; Anees T.; Khalil M.; Zahra K.; Naqvi R.A.; Lee S.-W.,2024,42.0,"The medical sciences are facing a major problem with the auto-detection of disease due to the fast growth in population density. Intelligent systems assist medical professionals in early disease detection and also help to provide consistent treatment that reduces the mortality rate. Skin cancer is considered to be the deadliest and most severe kind of cancer. Medical professionals utilize dermoscopy images to make a manual diagnosis of skin cancer. This method is labor-intensive and time-consuming and demands a considerable level of expertise. Automated detection methods are necessary for the early detection of skin cancer. The occurrence of hair and air bubbles in dermoscopic images affects the diagnosis of skin cancer. This research aims to classify eight different types of skin cancer, namely actinic keratosis (AKs), dermatofibroma (DFa), melanoma (MELa), basal cell carcinoma (BCCa), squamous cell carcinoma (SCCa), melanocytic nevus (MNi), vascular lesion (VASn), and benign keratosis (BKs). In this study, we propose SNC_Net, which integrates features derived from dermoscopic images through deep learning (DL) models and handcrafted (HC) feature extraction methods with the aim of improving the performance of the classifier. A convolutional neural network (CNN) is employed for classification. Dermoscopy images from the publicly accessible ISIC 2019 dataset for skin cancer detection is utilized to train and validate the model. The performance of the proposed model is compared with four baseline models, namely EfficientNetB0 (B1), MobileNetV2 (B2), DenseNet-121 (B3), and ResNet-101 (B4), and six state-of-the-art (SOTA) classifiers. With an accuracy of 97.81%, a precision of 98.31%, a recall of 97.89%, and an F1 score of 98.10%, the proposed model outperformed the SOTA classifiers as well as the four baseline models. Moreover, an Ablation study is also performed on the proposed method to validate its performance. The proposed method therefore assists dermatologists and other medical professionals in early skin cancer detection. © 2024 by the authors.",Classification,ISIC 2019,"25,331 (Total), 5,100 (Subset used)",Imbalanced (Addressed via SMOTE Tomek),"Resize (299x299), Data Normalization, Hair and Artifact Removal (Black-hat transformation, binary thresholding)",SMOTE Tomek (Up-sampling),,"Multi-class (AKs, BCCa, BKs, DFa, MELa, MNi, SCCa, VASn)",SNC_Net (Inception V3 + Handcrafted Features + CNN),Feature Fusion (Deep Learning + Handcrafted features),Yes [ImageNet],"Accuracy, Precision, Recall, F1-Score, AUC",Accuracy: 97.81%,Yes,Inability to apply the model to standard camera-captured pictures; reliance on public datasets that may contain inconsistencies,Incorporate federated learning to increase classification accuracy; test on extensive real-world datasets
SwinPA-Net: Swin Transformer-Based Multiscale Feature Pyramid Aggregation Network for Medical Image Segmentation,10.1109/TNNLS.2022.3204090,https://www.scopus.com/inward/record.uri?eid=2-s2.0-85139452392&doi=10.1109%2fTNNLS.2022.3204090&partnerID=40&md5=a8b462adc66db21d72e9dc26825b6fee,Du H.; Wang J.; Liu M.; Wang Y.; Meijering E.,2024,73.0,"The precise segmentation of medical images is one of the key challenges in pathology research and clinical practice. However, many medical image segmentation tasks have problems such as large differences between different types of lesions and similar shapes as well as colors between lesions and surrounding tissues, which seriously affects the improvement of segmentation accuracy. In this article, a novel method called Swin Pyramid Aggregation network (SwinPA-Net) is proposed by combining two designed modules with Swin Transformer to learn more powerful and robust features. The two modules, named dense multiplicative connection (DMC) module and local pyramid attention (LPA) module, are proposed to aggregate the multiscale context information of medical images. The DMC module cascades the multiscale semantic feature information through dense multiplicative feature fusion, which minimizes the interference of shallow background noise to improve the feature expression and solves the problem of excessive variation in lesion size and type. Moreover, the LPA module guides the network to focus on the region of interest by merging the global attention and the local attention, which helps to solve similar problems. The proposed network is evaluated on two public benchmark datasets for polyp segmentation task and skin lesion segmentation task as well as a clinical private dataset for laparoscopic image segmentation task. Compared with existing state-of-the-art (SOTA) methods, the SwinPA-Net achieves the most advanced performance and can outperform the second-best method on the mean Dice score by 1.68%, 0.8%, and 1.2% on the three tasks, respectively.  © 2012 IEEE.",Segmentation,ISIC 2018; Polyp datasets; LIVis (Private),ISIC 2018: 2594; Polyp: 2248; LIVis: 1180,No,Resize (384x384),Random flips; Random shifts,Lesion Boundary,Binary (Lesion vs. Background),SwinPA-Net (Swin Transformer Encoder + DMC + LPA + CNN Decoder),New Architecture (Dense Multiplicative Connection & Local Pyramid Attention),Yes (Swin-B),mDice; mIoU; Recall; MAE,"ISIC 2018: mDice 0.911, mIoU 0.854",Yes,Many parameters; requires high-precision annotated images,Develop lightweight unsupervised segmentation methods; intraoperative real-time application
Understanding skin color bias in deep learning-based skin lesion segmentation,10.1016/j.cmpb.2024.108044,https://www.scopus.com/inward/record.uri?eid=2-s2.0-85183455193&doi=10.1016%2fj.cmpb.2024.108044&partnerID=40&md5=3c358adea38cc0d04841df4c63c44acb,Benčević M.; Habijan M.; Galić I.; Babin D.; Pižurica A.,2024,26.0,"Background: The field of dermatological image analysis using deep neural networks includes the semantic segmentation of skin lesions, pivotal for lesion analysis, pathology inference, and diagnoses. While biases in neural network-based dermatoscopic image classification against darker skin tones due to dataset imbalance and contrast disparities are acknowledged, a comprehensive exploration of skin color bias in lesion segmentation models is lacking. It is imperative to address and understand the biases in these models. Methods: Our study comprehensively evaluates skin tone bias within prevalent neural networks for skin lesion segmentation. Since no information about skin color exists in widely used datasets, to quantify the bias we use three distinct skin color estimation methods: Fitzpatrick skin type estimation, Individual Typology Angle estimation as well as manual grouping of images by skin color. We assess bias across common models by training a variety of U-Net-based models on three widely-used datasets with 1758 different dermoscopic and clinical images. We also evaluate commonly suggested methods to mitigate bias. Results: Our findings expose a significant and large correlation between segmentation performance and skin color, revealing consistent challenges in segmenting lesions for darker skin tones across diverse datasets. Using various methods of skin color quantification, we have found significant bias in skin lesion segmentation against darker-skinned individuals when evaluated both in and out-of-sample. We also find that commonly used methods for bias mitigation do not result in any significant reduction in bias. Conclusions: Our findings suggest a pervasive bias in most published lesion segmentation methods, given our use of commonly employed neural network architectures and publicly available datasets. In light of our findings, we propose recommendations for unbiased dataset collection, labeling, and model development. This presents the first comprehensive evaluation of fairness in skin lesion segmentation. © 2024 The Author(s)",Segmentation,PH2; Waterloo; Dermofit; ISIC 2018 (initialization only); Fitzpatrick-17k (pre-training); DDI and PAD-UFES-20 (fine-tuning),1758 (evaluation set),No; uses stratified sampling to address imbalance,"Dullrazor (artifact removal), CLAHE of L channel, CIELAB conversion","Random scaling, translation, rotation, horizontal and vertical flipping",Lesion Boundary,,U-Net with ResNet-18 encoder; VGG16 (for skin type classification),Standard (evaluating existing models for bias),Yes (ImageNet),"DSC, HD, ASSD","DSC: 0.904 (Light skin, in-sample)",Yes,Significant performance drop for dark skin; limited diversity in public datasets; simple preprocessing (stratification/CIELAB) fails to mitigate bias,Collect diverse datasets with demographic metadata; standardize labeling guidelines; use probabilistic/fuzzy labels for gradual borders; report fairness metrics beyond mean results
DCENSnet: A new deep convolutional ensemble network for skin cancer classification,10.1016/j.bspc.2023.105757,https://www.scopus.com/inward/record.uri?eid=2-s2.0-85178004441&doi=10.1016%2fj.bspc.2023.105757&partnerID=40&md5=118d368becbd1197aa9237a000a73a01,Chanda D.; Onim M.S.H.; Nyeem H.; Ovi T.B.; Naba S.S.,2024,33.0,"Skin cancer is a significant health concern, demanding early detection and classification for higher survival rates. Existing computer vision methods struggle to tackle fine-grained variability in skin lesion features across different surfaces. Deep Convolutional Neural Network (DCNN) models show promise, but their current ad-hoc developments overlook redundant layers and suffer from imbalanced datasets and inadequate augmentation. To address these problems, we propose a novel ensemble approach involving three DCNNs, each customized with different dropout layers to enhance feature-level learning. Thus, the proposed ensemble network that we call DCENSnet achieves a superior bias–variance trade-off. Evaluating on the popular HAM10000 skin lesion dataset, our model outperforms state-of-the-art networks, achieving a mean accuracy of 99.53% along with high precision, recall, F1 score, and Area Under the ROC Curve (AUC) for each class. This method proves highly reliable for computer-aided detection, classification, and analysis of malignant skin lesions, holding promise for improving diagnosis and treatment accuracy. © 2023 Elsevier Ltd",Classification,HAM10000,10015,Balanced via Data Augmentation,"Pixel Standardization (Gaussian), Resizing (28x28)","Rescale, Rotation, Width/Height Shift, Shear, Flip (Horizontal/Vertical)",,"Multi-class (7 classes: akiec, bcc, bkl, df, mel, vasc, nv)",DCENSnet (Ensemble of 3 Custom DCNNs with varying dropout),New Architecture,No,"Accuracy, Precision, Recall, F1 score, AUC",ACC: 99.53%,Yes,None explicitly reported,No reported
MTANet: Multi-Task Attention Network for Automatic Medical Image Segmentation and Classification,10.1109/TMI.2023.3317088,https://www.scopus.com/inward/record.uri?eid=2-s2.0-85179720276&doi=10.1109%2fTMI.2023.3317088&partnerID=40&md5=3b7ca85b2b60ac92f2c428599ad4b97e,Ling Y.; Wang Y.; Dai W.; Yu J.; Liang P.; Kong D.,2024,64.0,"Medical image segmentation and classification are two of the most key steps in computer-aided clinical diagnosis. The region of interest were usually segmented in a proper manner to extract useful features for further disease classification. However, these methods are computationally complex and time-consuming. In this paper, we proposed a one-stage multi-task attention network (MTANet) which efficiently classifies objects in an image while generating a high-quality segmentation mask for each medical object. A reverse addition attention module was designed in the segmentation task to fusion areas in global map and boundary cues in high-resolution features, and an attention bottleneck module was used in the classification task for image feature and clinical feature fusion. We evaluated the performance of MTANet with CNN-based and transformer-based architectures across three imaging modalities for different tasks: CVC-ClinicDB dataset for polyp segmentation, ISIC-2018 dataset for skin lesion segmentation, and our private ultrasound dataset for liver tumor segmentation and classification. Our proposed model outperformed state-of-the-art models on all three datasets and was superior to all 25 radiologists for liver tumor diagnosis. © 1982-2012 IEEE.",Segmentation / Classification,ISIC-2018; CVC-ClinicDB and Private (Ultrasound dataset),2594 (ISIC-2018),No; uses Focal Tversky Loss to address class imbalance in segmentation,Resizing and Normalization,"Random rotation, horizontal/vertical flipping, and scaling",Lesion Boundary,Both; Binary (Malignant vs. Benign) and Multi-class (for private dataset),ResNet-50 and Swin-Transformer backbones,New Architecture (One-stage Multi-Task Attention Network with Reverse Addition Attention and Attention Bottleneck modules),Yes (ImageNet),"Dice, Jaccard (JA), Accuracy (ACC), Sensitivity (SE), Specificity (SP), AUC",Dice: 91.5%; JA: 84.7%; ACC: 95.1%; AUC: 96.6% (on ISIC-2018),Yes,High computational complexity and difficulty in segmenting lesions with extremely blurry boundaries or hair interference,Integrating edge information into the attention mechanism and exploring lightweight models for mobile deployment
A novel approach for human diseases prediction using nature inspired computing & machine learning approach,10.1007/s11042-023-16236-6,https://www.scopus.com/inward/record.uri?eid=2-s2.0-85164788859&doi=10.1007%2fs11042-023-16236-6&partnerID=40&md5=711195fdace515f787bc904bc2cbd58d,MunishKhanna; Singh L.K.; Garg H.,2024,28.0,"Globally, patients with diabetes, diabetic retinopathy, cancer, and heart disease are growing rapidly in developed and developing countries. As a result of these ailments, the rate of human mortality and vision loss has risen dramatically. The design and development of computer-based prediction systems may facilitate the appropriate treatment of these four illnesses by medical professionals. For the design of an efficient and fast prediction (or classification) system, it is necessary to use efficient feature selection techniques to reduce the complexity of the feature space. If there are n features, then there is a possibility that 2n subsets of features can be created, and testing all of these subsets of selected features would require a significant amount of time. The suggested technique is to investigate the application of ant-lion based optimization to choose a subset of features. The chosen characteristics are used to train and evaluate four classifiers (and their ensemble) based on machine learning. The study used over three public benchmark datasets and one privately composed dataset, each one was disease-specific. The performance of the recommended strategy was evaluated using five performance assessment measures. This adjustment significantly improves the outcome. The strategy may decrease the initial feature set by up to 50% without impacting performance (in terms of accuracy). We can get maximum accuracies of 84.44% for the heart disease dataset, 79.99% for the diabetes dataset, 98.52% for the diabetic retinopathy dataset, and 97.18% for the skin cancer dataset. This empirical research will help doctors and all people make better decisions by giving them a second opinion. © 2023, The Author(s), under exclusive licence to Springer Science+Business Media, LLC, part of Springer Nature.",Prediction,UCI Machine Learning Repository; Private Diabetic Retinopathy Dataset,Skin Cancer: 569 records (Features); Diabetic Retinopathy: 521 images,"Diabetic Retinopathy: Imbalanced (299 Healthy, 222 Infected)",CLAHE (Contrast Limited Adaptive Histogram Equalization) for DR images,Not reported,,Binary (Healthy vs. Infected/Disease),"SVM, Random Forest, Naive Bayes, Decision Tree, Ensemble (Voting)",Feature Selection (Ant-Lion Optimizer),No,Accuracy; F1-Score; Matthews Correlation Coefficient (MCC); Kappa Score; AUC,Skin Cancer: Accuracy 97.18% (Ensemble); Diabetic Retinopathy: Accuracy 98.52% (Decision Tree),Yes,Manual feature extraction dependence; limited dataset sizes,Apply to glaucoma detection; develop mobile application for symptom assessment
MHorUNet: High-order spatial interaction UNet for skin lesion segmentation,10.1016/j.bspc.2023.105517,https://www.scopus.com/inward/record.uri?eid=2-s2.0-85173609198&doi=10.1016%2fj.bspc.2023.105517&partnerID=40&md5=740a6c2aa4725599d3d5c3679542c6f9,Wu R.; Liang P.; Huang X.; Shi L.; Gu Y.; Zhu H.; Chang Q.,2024,52.0,"In recent years, dermoscopy, as a noninvasive means of detection, has been increasingly used in the auxiliary diagnosis of skin disease, especially for skin cancer, such as malignant melanoma. And the automatic segment is a key step to improve accuracy of diagnosis. Generally, UNet models and its alternative schemes have occupied the vast majority of segmentation tasks in medical image processing. However, many of the current models are not perfect, the ordinary convolution in the UNet model cannot exhibit spatial dependence and remote interaction, while the use of Transformers as a convolution alternative is gradually becoming mainstream, but there are problems such as large data volume requirements as well as high computational effort in dealing with medical clinical problems. Therefore, we propose a HorUNet model with higher-order spatial interaction based on recursive gate convolution, and add a multi-stage dimensional fusion mechanism to the skip connection part to form the MHorUNet model architecture. The higher-order interaction mechanism with recursive gate convolution not only has the key factors for the success of Transformers, but also retains the excellent characteristics of convolution itself. We first performed comparative experiments by performing in two typical public skin lesion datasets (ISIC2017 and ISIC2018) and then used the PH2 dataset and our own dataset as external validation. The experimental results show that our method performs best in several metrics. This confirms that our model has a better generalization capability in terms of medically accurate segmentation results with high segmentation accuracy. The code can be obtained from https://github.com/wurenkai/MHorUNet. © 2023 Elsevier Ltd",Segmentation,ISIC2017; ISIC2018; PH²; Private (Ruijin Hospital),4830,No (Standard training/validation/testing split),Resizing (256x256),Flipping and rotation,Lesion Boundary,,"MHorUNet (U-shaped structure with gnconv Horblocks, CAB, and SAB modules)",New Architecture,No,"DSC, SE (Sensitivity), SP (Specificity), ACC",DSC: 0.9132 (ISIC2017); DSC: 0.9028 (ISIC2018),Yes,Only focused on skin lesion segmentation; limited to specific datasets,"Apply method to other diseases and imaging modalities (CT, ultrasound, OCT)"
G-CASCADE: Efficient Cascaded Graph Convolutional Decoding for 2D Medical Image Segmentation,10.1109/WACV57701.2024.00755,https://www.scopus.com/inward/record.uri?eid=2-s2.0-85186954038&doi=10.1109%2fWACV57701.2024.00755&partnerID=40&md5=0f3bf563cbf0d441124cbc8fc04d42ec,Rahman M.M.; Marculescu R.,2024,57.0,"In this paper, we are the first to propose a new graph convolution-based decoder namely, Cascaded Graph Convolutional Attention Decoder (G-CASCADE), for 2D medical image segmentation. G-CASCADE progressively refines multi-stage feature maps generated by hierarchical transformer encoders with an efficient graph convolution block. The encoder utilizes the self-attention mechanism to capture long-range dependencies, while the decoder refines the feature maps preserving long-range information due to the global receptive fields of the graph convolution block. Rigorous evaluations of our decoder with multiple transformer encoders on five medical image segmentation tasks (i.e., Abdomen organs, Cardiac organs, Polyp lesions, Skin lesions, and Retinal vessels) show that our model outperforms other state-of-the-art (SOTA) methods. We also demonstrate that our decoder achieves better DICE scores than the SOTA CASCADE decoder with 80.8% fewer parameters and 82.3% fewer FLOPs. Our decoder can easily be used with other hierarchical encoders for general-purpose semantic and medical image segmentation tasks. The implementation can be found at: https://github.com/SLDGroup/G-CASCADE. © 2024 IEEE.",Segmentation,ISIC2018; Synapse Multi-organ; ACDC; Polyp; Retinal vessels,Not reported,No (Reject > Good),Resize (384x384),No reported for ISIC (Random rotation/flipping for Synapse/ACDC),Lesion Boundary,,G-CASCADE (with PVTv2 or MERIT encoders),New Decoder Architecture (Graph Convolutional Attention),Yes (ImageNet),DICE; mIoU,Results in Supplementary,Yes,None reported for proposed method,Apply to other medical/semantic segmentation tasks
Beyond Self-Attention: Deformable Large Kernel Attention for Medical Image Segmentation,10.1109/WACV57701.2024.00132,https://www.scopus.com/inward/record.uri?eid=2-s2.0-85182518933&doi=10.1109%2fWACV57701.2024.00132&partnerID=40&md5=74bd31ec441afdc20943fc75bb198766,Azad R.; Niggemeier L.; Huttemann M.; Kazerouni A.; Aghdam E.K.; Velichko Y.; Bagci U.; Merhof D.,2024,100.0,"Medical image segmentation has seen significant improvements with transformer models, which excel in grasping far-reaching contexts and global contextual information. However, the increasing computational demands of these models, proportional to the squared token count, limit their depth and resolution capabilities. Most current methods process D volumetric image data slice-by-slice (called pseudo 3D), missing crucial inter-slice information and thus reducing the model's overall performance. To address these challenges, we introduce the concept of Deformable Large Kernel Attention (D-LKA Attention), a streamlined attention mechanism employing large convolution kernels to fully appreciate volumetric context. This mechanism operates within a receptive field akin to self-attention while sidestepping the computational overhead. Additionally, our proposed attention mechanism benefits from deformable convolutions to flexibly warp the sampling grid, enabling the model to adapt appropriately to diverse data patterns. We designed both 2D and 3D adaptations of the D-LKA Attention, with the latter excelling in cross-depth data understanding. Together, these components shape our novel hierarchical Vision Transformer architecture, the D-LKA Net. Evaluations of our model against leading methods on popular medical segmentation datasets (Synapse, NIH Pancreas, and Skin lesion) demonstrate its superior performance. Our code is publicly available at GitHub. © 2024 IEEE.",Segmentation,ISIC 2017; ISIC 2018; PH2; Synapse; NIH Pancreas,ISIC 2017: 2750; PH2: 200; Synapse: 3779 slices; NIH Pancreas: 82 volumes,,Patching (3D: 128x128x64); Resizing (implied 2D),Standard Augmentation (Rotation; Flip - consistent with TransUNet/nnFormer),Lesion Boundary,,D-LKA Net (MaxViT Encoder + Deformable LKA),New Architecture (Deformable Large Kernel Attention),Yes,DSC; SE; SP; ACC; HD95; Jaccard,ISIC 2017: DSC 93.27%,Yes,Extension to 3D increases channel count substantially (mitigated by design); deformation adds parameters/FLOPs,None explicitly stated (Conclusion summarizes contributions)
Skin lesion segmentation and recognition using multichannel saliency estimation and M-SVM on selected serially fused features,10.1007/s12652-018-1051-5,https://www.scopus.com/inward/record.uri?eid=2-s2.0-85053852520&doi=10.1007%2fs12652-018-1051-5&partnerID=40&md5=b7f2d205552fb890e25668661c330e01,Akram T.; Khan M.A.; Sharif M.; Yasmin M.,2024,34.0,"The number of deaths caused by melanoma has increased remarkably in the last few years which are the carcinogenic type of skin cancer. Lately, computer based methods are introduced which are intelligent enough to support dermatologist in initial judgment of skin lesion. However, there still exists a gap for an optimal solution; therefore, machine learning community is still considering it a great challenge. The primary objective of this article is to efficiently detect and classify skin lesion with the utilization of an improved segmentation and feature selection criteria. Presented contribution is threefold; First, ternary color spaces are exploited to separate foreground from the background—utilizing multilevel approach of contrast stretching. Second, a weighting criterion is designed which is able to select the best solution based on extended texture feature analysis, related labels, boundary connections and central distance. Third, an improved feature extraction and dimensionality reduction criteria is proposed which combines conventional as well as recent feature extraction techniques. The proposed method is tested on PH2, ISBI 2016 and ISIC benchmark data sets and evaluated on the basis of multiple parameters including FPR, sensitivity, specificity, FNR and accuracy. From the statistics, it is quite clear that the proposed method outperforms numerous existing techniques with considerable margin. © Springer-Verlag GmbH Germany, part of Springer Nature 2018.",Segmentation / Classification,PH2; ISBI 2016; ISIC,4731 total (200 from PH2; 1279 from ISBI 2016; 3252 from ISIC),"No; balanced sets used for evaluation (e.g., 50:50 training/testing split)","Hair and ruler artifact removal (Dull Razor), contrast stretching, and resizing (to 256x256 pixels for PH2)",No reported,"Lesion Boundary (via multichannel saliency estimation, morphological operations, and weighting criteria)","Both; Binary (Melanoma vs. Benign) and Multi-class (Melanoma, Common Nevi, and Atypical Nevi/Seborrheic Keratosis)",Support Vector Machine (M-SVM),"Ensemble (multichannel saliency for segmentation; fusion of HOG, color, and clinical features reduced via NCA)",No,"Sensitivity, Specificity, Precision, Accuracy, FPR, FNR, NPV, and Execution Time",Accuracy: 99.2% (ISBI 2016); 97.5% (PH2); 99.5% (ISIC-UDA),Yes,Limited applicability to non-Caucasian skin tones if visual difference between lesion and background is low,Implementing and testing deep convolutional neural network (CNN) architectures on ISBI 2017
A GAN-Based Data Augmentation Method for Imbalanced Multi-Class Skin Lesion Classification,10.1109/ACCESS.2024.3360215,https://www.scopus.com/inward/record.uri?eid=2-s2.0-85184329211&doi=10.1109%2fACCESS.2024.3360215&partnerID=40&md5=91b5262f0c7637c46d2a48c02828a5a9,Su Q.; Hamed H.N.A.; Isa M.A.; Hao X.; Dai X.,2024,42.0,"Skin cancer is one of the most common types of cancer globally. Despite the remarkable advancements of deep learning methods in computer vision, automatic diagnosis of skin diseases still faces challenges such as limited data and class imbalance. Generative Adversarial Networks (GANs), which can synthesize realistic data, appear as an alternative to mitigate these issues. However, for imbalanced data, unconditional GANs either generate uneven data distribution or neglect universal knowledge of the whole dataset, while state-of-the-art (SOTA) conditional GANs suffer from performance degradation due to the mode collapse of minority classes. This paper proposes a two-stage GAN-based method to synthesize fine-grained and diverse 256 × 256 pixels skin lesion images for the imbalanced dataset, named Self-Transfer GAN (STGAN). STGAN first learns universal knowledge from all classes then transfers this shared knowledge to each class and fuses it with class-specific knowledge to synthesize high-quality images. Furthermore, based on STGAN, a framework to enhance the classification performance is established. Both data generation and classification tasks are evaluated on HAM10000 dataset. In terms of Fréchet Inception Distance (FID), Inception Score, Precision, and Recall, STGAN improved by 16%, 16%, 4%, 33% compared with SOTA conditional StyleGAN2. For classification, the STGAN-based framework achieves remarkable results, with an Accuracy of 98.23%, Sensitivity of 88.85%, Precision of 90.23%, F1-score of 89.48%, and Specificity of 98.34%.  © 2013 IEEE.",Classification,HAM10000,10015,No (Imbalanced),"Center-crop (450x450), Resize (256x256)","GANs (STGAN), Test-Time Augmentation (TTA)",N/A,"Multi-class (7 classes: MEL, NV, BCC, AKIEC, BKL, DF, VASC)","ResNet50, STGAN",New Architecture (Two-stage STGAN with Self-supervised learning and Freeze-D),Yes [ImageNet],"FID, IS, Accuracy, Sensitivity, Precision, F1-score, Specificity",Accuracy: 98.23%,Yes,Retains natural artifacts like hair and veins from original images,Explore image inpainting techniques to remove artifacts before training
MAGRes-UNet: Improved Medical Image Segmentation Through a Deep Learning Paradigm of Multi-Attention Gated Residual U-Net,10.1109/ACCESS.2024.3374108,https://www.scopus.com/inward/record.uri?eid=2-s2.0-85187381722&doi=10.1109%2fACCESS.2024.3374108&partnerID=40&md5=31ade37c51adbc4b962e7802aea7917b,Hussain T.; Shouno H.,2024,32.0,"Precise segmentation is vital for successful diagnosis and treatment planning. Medical image segmentation has demonstrated remarkable advances with the introduction of deep convolutional neural networks, particularly encoder-decoder networks such as U-Net. Despite their excellent performances, these methods have some limitations. First, the structure is limited in its ability to combine information because feature maps to extract valid information from the final encoding stage are incompatible at the encoding and decoding levels. Second, the approach ignores significant semantic details and does not consider different types of small-scale contextual information when segmenting medical images. Lastly, most methods employing 3D architectures to process input medical images increase the computational complexity of the model without significantly improving the accuracy. To resolve these issues, we propose a segmentation network called Multi-Attention Gated Residual U-Net (MAGRes-UNet). This network incorporates four multi-attention gate (MAG) modules and residual blocks into a standard U-Net structure. The MAG module integrates the information from all encoding stages and focuses on small-scale tumors while disambiguating irrelevant and noisy feature responses, thereby promoting meaningful contextual information. The residual blocks simplify the network training and mitigate the problem of vanishing gradients. This improves the ability of the network to effectively learn intricate features and deep representations. Moreover, our network employs the Mish and ReLU activation functions (AFs), which utilize AdamW and Adam optimization strategies to achieve enhanced segmentation performance. The proposed MAGRes-UNet method was compared with the U-Net, Multi-Attention Gated-UNet (MAG-UNet), and Residual-UNet (ResUNet) models. In addition, a statistical T-test was performed to assess the difference in model significance between the approaches. The analysis revealed that MAGRes-UNet employing Mish and AdamW provides significant performance improvement over the ReLU AF and Adam optimizer on two benchmark datasets: Multi-Class BT T1-weighted Contrast-Enhanced Magnetic Resonance Imaging (T1-CE-MRI) and skin lesions HAM10000 (Human Against Machine with 10,000 training images). MAGRes-UNet using Mish and AdamW provides competitive performance over the representative medical image segmentation methods. © 2013 IEEE.",Segmentation,"BT CE-MRI, HAM10000","BT CE-MRI: 3064; HAM10000: 10,015",Not explicitly detailed (mentions preprocessing mitigates class imbalance),"Resize (256x256), Z-score normalization",None reported,Lesion Boundary,N/A (Segmentation task),MAGRes-UNet (U-Net with Multi-Attention Gates and Residual blocks),New Architecture,No,"Accuracy, IoU, Dice score, Specificity, Sensitivity, Precision, Loss","HAM10000 - Accuracy: 99.75%, IoU: 97.80%, Dice score: 97.10%",Yes,2D model cannot utilize 3D information from MRI data; limitations of labels for DL models,Investigate 3D network architectures; apply to additional datasets; develop a clinical medical segmentation model
Intelligent fusion-assisted skin lesion localization and classification for smart healthcare,10.1007/s00521-021-06490-w,https://www.scopus.com/inward/record.uri?eid=2-s2.0-85117711226&doi=10.1007%2fs00521-021-06490-w&partnerID=40&md5=5f9022848c0a46e902af6ad4951d2cf6,Khan M.A.; Muhammad K.; Sharif M.; Akram T.; Kadry S.,2024,67.0,"With the rapid development of information technology, the conception of smart healthcare has progressively come to the fore. Smart healthcare utilizes next-generation technologies, such as artificial intelligence, the Internet of Things (IoT), big data and cloud computing to transform intelligently the existing medical system-making it more efficient, more reliable, and personalized. In this work, skin data are collected using dedicated hardware from mobile health units-working as nodes. The collected samples are uploaded to the cloud for further processing using a novel multi-modal information fusion framework, which performs skin lesion segmentation, followed by classification. The proposed framework has two main functional blocks: Segmentation and classification. In each block, we have a performance booster, which works on the principle of information fusion. For lesion segmentation, a hybrid framework is proposed, which utilizes the complementary strengths of two convolutional neural network (CNN) architectures to generate the segmented images. The resultant binary images are later fused using joint probability distribution and marginal distribution function. For lesion classification, a 30-layered CNN architecture is designed, which is trained on the HAM10000 dataset. A novel summation discriminant correlation analysis technique is used to fuse the extracted features from two fully connected layers. To avoid feature redundancy, a feature selection method “Regular Falsi” is developed, which down samples the extracted features into the lower dimensions. The selected features are finally classified using an extreme learning machine classifier. Five skin benchmark datasets (ISBI2016, ISIC2017, ISBI2018, ISIC2019, and HAM10000) are used to evaluate both segmentation and classification frameworks using average accuracy, false-negative rate, sensitivity, and computational time, whose results are impressive compared to state-of-the-art methods. © 2021, The Author(s), under exclusive licence to Springer-Verlag London Ltd., part of Springer Nature.",Localization / Classification,"ISBI2016, ISIC2017, ISBI2018, ISIC2019, HAM10000",ISBI2016: 900+379; ISIC2017: 2000+150+600; ISBI2018: 2594; HAM10000: 10015; ISIC2019: 25331,Not reported,"Contrast enhancement (Top-hat and Bottom-hat filtering), Resizing (256x256)",None reported,Lesion Boundary,"Multi-class (HAM10000: 7 classes, ISIC2019: 8 classes)",Fusion Framework (20-Layer CNN + 17-Layer CNN for segmentation; 30-Layer CNN for classification),New Architecture (Fusion of custom CNNs & Summation Discriminant Correlation Analysis),No,"Accuracy, False Negative Rate (FNR), Sensitivity, Computational Time","Classification Accuracy: 87.02% (HAM10000), 94.6% (ISIC2018), 91.3% (ISIC2019); Segmentation Accuracy: ~92.7%",Yes,Increased feature dimensionality after fusion process,Feature selection and dimensionality reduction approaches
DuAT: Dual-Aggregation Transformer Network for Medical Image Segmentation,10.1007/978-981-99-8469-5_27,https://www.scopus.com/inward/record.uri?eid=2-s2.0-85180801055&doi=10.1007%2f978-981-99-8469-5_27&partnerID=40&md5=cb378429de009b0e8f69ae1d08c3a488,Tang F.; Xu Z.; Huang Q.; Wang J.; Hou X.; Su J.; Liu J.,2024,59.0,"Transformer-based models have been widely demonstrated to be successful in computer vision tasks by modeling long-range dependencies and capturing global representations. However, they are often dominated by features of large patterns leading to the loss of local details (e.g., boundaries and small objects), which are critical in medical image segmentation. To alleviate this problem, we propose a Dual-Aggregation Transformer Network called DuAT, which is characterized by two innovative designs, namely, the Global-to-Local Spatial Aggregation (GLSA) and Selective Boundary Aggregation (SBA) modules. The GLSA has the ability to aggregate and represent both global and local spatial features, which are beneficial for locating large and small objects, respectively. The SBA module aggregates the boundary characteristic from low-level features and semantic information from high-level features for better-preserving boundary details and locating the re-calibration objects. Extensive experiments in six benchmark datasets demonstrate that our proposed model outperforms state-of-the-art methods in the segmentation of skin lesion images and polyps in colonoscopy images. In addition, our approach is more robust than existing methods in various challenging situations, such as small object segmentation and ambiguous object boundaries. The project is available at https://github.com/Barrett-python/DuAT. © 2024, The Author(s), under exclusive license to Springer Nature Singapore Pte Ltd.",Segmentation,"ISIC-2018; Polyp datasets (ETIS, CVC-ClinicDB, CVC-ColonDB, EndoScene-CVC300, Kvasir-SEG); 2018 Data Science Bowl",ISIC-2018: 2596,No,"Resize (ISIC: 512x384, DSB: 256x256), Multi-scale training, Color exchange","Rotation, Horizontal flip",Lesion Boundary,,DuAT (PVT Encoder + GLSA + SBA),New Architecture (Dual-Aggregation Transformer),Yes,"mDice, mIoU, MAE","ISIC-2018: mDice 0.923, mIoU 0.867",Yes,None reported,Not reported
HSH-UNet: Hybrid selective high order interactive U-shaped model for automated skin lesion segmentation,10.1016/j.compbiomed.2023.107798,https://www.scopus.com/inward/record.uri?eid=2-s2.0-85178089568&doi=10.1016%2fj.compbiomed.2023.107798&partnerID=40&md5=68c5d4877095db3ac3e1e9b27441bfd2,Wu R.; Lv H.; Liang P.; Cui X.; Chang Q.; Huang X.,2024,26.0,"The use of computer-assisted clinical dermatologists to diagnose skin diseases is an important aid. And computer-assisted techniques mainly use deep neural networks. Recently, the proposal of higher-order spatial interaction operations in deep neural networks has attracted a lot of attention. It has the advantages of both convolution and transformers, and additionally has the advantages of efficient, extensible and translation-equivariant. However, the selection of the interaction order in higher-order interaction operations requires tedious manual selection of a suitable interaction order. In this paper, a hybrid selective higher-order interaction U-shaped model HSH-UNet is proposed to solve the problem that requires manual selection of the order. Specifically, we design a hybrid selective high-order interaction module HSHB embedded in the U-shaped model. The HSHB adaptively selects the appropriate order for the interaction operation channel-by-channel under the computationally obtained guiding features. The hybrid order interaction also solves the problem of fixed order of interaction at each level. We performed extensive experiments on three public skin lesion datasets and our own dataset to validate the effectiveness of our proposed method. The ablation experiments demonstrate the effectiveness of our hybrid selective higher order interaction module. The comparison with state-of-the-art methods also demonstrates the superiority of our proposed HSH-UNet performance. The code is available at https://github.com/wurenkai/HSH-UNet. © 2023 Elsevier Ltd",Segmentation,ISIC 2017; ISIC 2018; PH²; Private (Ruijin Hospital),4833 (ISIC 2017: 2000; ISIC 2018: 2594; PH²: 200; Private: 39),No (External validation datasets used for diverse validation),Resizing (256x256),"Horizontal flip, Vertical flip, Random rotation",Lesion Boundary,,"HSH-UNet (U-shaped architecture with HSHB, CAB, SAB, and ConvMixer modules)",New Architecture (Hybrid selective high-order interaction),No reported,"DSC, ACC, SE, SP","DSC: 0.9108 (ISIC 2017), 0.9059 (ISIC 2018), 0.9226 (PH²), 0.8712 (Private)","Yes (vs. UNet, Att U-Net, TransUNet, SCR-Net, MALUNet, etc.)",Research limited only to skin lesion segmentation; limited clinical data for external validation,Apply method to more diseases and complex medical image segmentation; collect more sufficient clinical data
HC-Mamba: Vision MAMBA with Hybrid Convolutional Techniques for Medical Image Segmentation,https://doi.org/10.48550/arXiv.2405.05007,https://arxiv.org/abs/2405.05007,Jiashu Xu,2024,41.0,"Automatic medical image segmentation technology has the potential to expedite pathological diagnoses, thereby enhancing the efficiency of patient care. However, medical images often have complex textures and structures, and the models often face the problem of reduced image resolution and information loss due to downsampling. To address this issue, we propose HC-Mamba, a new medical image segmentation model based on the modern state space model Mamba. Specifically, we introduce the technique of dilated convolution in the HC-Mamba model to capture a more extensive range of contextual information without increasing the computational cost by extending the perceptual field of the convolution kernel. In addition, the HC-Mamba model employs depthwise separable convolutions, significantly reducing the number of parameters and the computational power of the model. By combining dilated convolution and depthwise separable convolutions, HC-Mamba is able to process large-scale medical image data at a much lower computational cost while maintaining a high level of performance. We conduct comprehensive experiments on segmentation tasks including organ segmentation and skin lesion, and conduct extensive experiments on Synapse, ISIC17 and ISIC18 to demonstrate the potential of the HC-Mamba model in medical image segmentation. The experimental results show that HC-Mamba exhibits competitive performance on all these datasets, thereby proving its effectiveness and usefulness in medical image segmentation.",Segmentation,ISIC 2017; ISIC 2018; Synapse Multi-Organ,9544 (ISIC 2017: 2750; ISIC 2018: 2594; Synapse: 4200),No reported,"Preprocessing (unspecified steps to handle labels/tables), Patch Embedding (4x4 blocks), Layer Normalization",No reported,Lesion Boundary (and Organ contours),,HC-Mamba (U-shaped architecture with HC-SSM blocks combining Dilated and Depthwise Separable convolutions),New Architecture (Hybrid State Space Model),No reported (Trained on medical datasets),"mIoU, Dice Score (DSC), Accuracy, Specificity, Sensitivity, HD95","DSC: 87.89% (ISIC 2018), 87.38% (ISIC 2017), 79.58% (Synapse)","Yes (vs. UNet, Swin U-Net, VM-UNet, MedMamba, etc.)",Reduced image resolution and information loss during downsampling,Test on datasets from other imaging technologies; Use explainable AI to analyze decision-making mechanisms
Quantum computational infusion in extreme learning machines for early multi-cancer detection,10.1186/s40537-024-01050-0,https://www.scopus.com/inward/record.uri?eid=2-s2.0-85218118681&doi=10.1186%2fs40537-024-01050-0&partnerID=40&md5=cc0d2185ebbf5fe7ea48b6a03af3bb5d,Bilal A.; Shafiq M.; Obidallah W.J.; Alduraywish Y.A.; Long H.,2025,14.0,"A timely and accurate cancer diagnosis is essential for improving treatment outcomes. This study presents a hybrid model integrating Extreme Learning Machine (ELM) with FuNet transfer learning, applied on a multi-cancer dataset and optimized using the Quantum-Genetic Binary Grey Wolf Optimizer (Q-GBGWO). This model leverages a diverse feature fusion strategy, enhancing the extraction of critical imaging features, while Q-GBGWO optimizes ELM parameters to achieve superior classification performance. Results demonstrate that Q-GBGWO-ELM improves diagnostic accuracy by an average of 6.5% compared to traditional methods, with notable accuracy rates across various cancers: 98.80% for breast cancer, 92.30% for brain tumors, 97.00% for skin cancer, and 96.98% for lung cancer. The model integrates advanced feature extraction and optimization techniques, indicating significant potential for early cancer detection. The proposed Q-GBGWO-ELM model contributes to a more innovative diagnostic approach in clinical practice by offering enhanced precision, efficiency, and adaptability across multiple cancer types. This advancement supports a shift toward more personalized and rapid diagnostic procedures, aiming to improve patient outcomes and reshape current cancer care practices with AI-driven accuracy and efficiency. © The Author(s) 2025.",Classification,Multi-cancer dataset (including lung cancer and potentially others; references mention ISIC and skin cancer contexts),Not,Method used: Quantum-Genetic Binary Grey Wolf Optimizer (Q-GBGWO) for parameter optimization,Not explicitly detailed in snippet (mentions diverse feature fusion strategy),Feature fusion,,Multi-class (Multi-cancer detection),Hybrid model: Extreme Learning Machine (ELM) with FuNet transfer learning,"New Architecture (Integration of ELM, FuNet, and Q-GBGWO optimization)",Yes (FuNet transfer learning),"Accuracy (and others implied by ""diagnostic performance"")",Accuracy improved by an average of 6%,Yes (Comparison implied by improvement metrics),Not explicitly detailed in snippet,Not explicitly detailed in snippet
A novel hybrid ConvNeXt-based approach for enhanced skin lesion classification,10.1016/j.eswa.2025.127721,https://www.scopus.com/inward/record.uri?eid=2-s2.0-105003724555&doi=10.1016%2fj.eswa.2025.127721&partnerID=40&md5=d9c90cc9a7fd44046fb2f61bb2986c2c,Aruk I.; Pacal I.; Toprak A.N.,2025,5.0,"Skin cancer is a serious health problem that, if not diagnosed correctly at an early stage, leads to disease progression, increased risk of metastasis, and decreased quality of life. Therefore, it is critical to develop accurate and effective rapid diagnosis methods to assist physicians and enable autonomous diagnosis. While deep learning-based methods generally rely on convolutional neural networks (CNNs) or vision transformers (ViTs), hybrid approaches remain limited. In this work, we propose a novel proposed model that combines the strengths of both CNN and ViT architectures. The model utilizes the CNN approach to extract local patterns and detailed textural features, while using ViT structures to capture long-range relationships between skin cancer regions. Initially, ConvNeXt blocks extract highly detailed local features such as texture, edges, and color transitions. Transformer blocks then model the contextual relationships and global structure of these features, effectively addressing data imbalance and improving the overall classification performance. For a fair evaluation, the model is tested on two widely recognized skin cancer datasets, HAM10000 and ISIC 2019, and compared with 10 CNN and 10 ViT-based models trained under the same conditions. The proposed model achieves 94.30% accuracy and 91.11% F1-score on HAM10000, and 92.50% accuracy and 90.38% F1-score on ISIC 2019, outperforming more than 20 deep learning models and literature. These results indicate that the integration of local and global features plays a critical role in accurately classifying skin lesions and can significantly assist dermatologists in clinical practice. © 2025 Elsevier Ltd",Classification,HAM10000; ISIC 2019,35346 (HAM10000: 10015; ISIC 2019: 25331),No (Imbalanced),"Resizing (224x224), Normalization","Scaling, Rotation, Flipping, Color alterations, Translation, Noise addition, RandAugment, MixUp, CutMix, Random Erasing",,"Multi-class (HAM10000: AK, BCC, BKL, DF, MEL, NV, VASC; ISIC 2019: Adds SCC)",Hybrid ConvNeXt-CAFormer (MetaFormer-based),New Architecture (ConvNeXt + CAFormer),Yes (ImageNet),"Accuracy, Precision, Recall, F1-score, Cohen's Kappa, Balanced Accuracy","ACC: 94.30% (HAM10000), 92.50% (ISIC 2019)",Yes,Generalizability limited by dataset diversity (skin types/biases); higher computational cost than simple CNNs,Validate on larger/diverse datasets; apply SMOTE for imbalance; explore meta-learning and semi-supervised learning; optimize for mobile devices
A novel CNN-ViT-based deep learning model for early skin cancer diagnosis,10.1016/j.bspc.2025.107627,https://www.scopus.com/inward/record.uri?eid=2-s2.0-85216220604&doi=10.1016%2fj.bspc.2025.107627&partnerID=40&md5=53f50663237e18d999e3905f365208c9,Pacal I.; Ozdemir B.; Zeynalov J.; Gasimov H.; Pacal N.,2025,44.0,"Skin cancer is a serious global health issue where early detection is crucial for effective treatment and improved patient outcomes. However, accurate diagnosis is challenging due to the variety of subtypes and imaging complexities. This study introduces an innovative deep learning model based on the MetaFormer architecture, optimized specifically for skin cancer. The Proposed Model features a hybrid design that replaces traditional self-attention methods with novel focal self-attention mechanisms, enhancing its ability to identify critical regions, reduce noise, and extract features more effectively, ultimately boosting diagnostic accuracy. To evaluate the model's generalization capabilities, it was tested on two benchmark datasets: ISIC 2019, which includes a diverse set of dermatological images across eight skin cancer classes, and HAM10000, widely used in dermatological research. The model achieved outstanding results, including an accuracy of 0.9254, precision of 0.9041, recall of 0.8768, and an F1-score of 0.8886 on ISIC 2019, and an accuracy of 0.9501, precision of 0.9470, recall of 0.9211, and an F1-score of 0.9334 on HAM10000. The Proposed Model surpasses existing methods in the field, outperforming ten advanced CNN models and twenty state-of-the-art ViT models under the same training and evaluation conditions. With a lightweight design of just 35.01 million parameters, it is optimized for real-time and mobile applications, making it highly practical for clinical use. Its reliable performance ensures accurate diagnoses, which are essential for early intervention and treatment, addressing a critical need in modern healthcare. © 2025 Elsevier Ltd",Classification,ISIC 2019; HAM10000,35346 (HAM10000: 10015; ISIC 2019: 25331),No (Imbalanced),Normalization (ImageNet-based),"Scaling, Smoothing, Mix-up, Color Jitter, Flipping",,"Multi-class (ISIC 2019: MEL, NV, BCC, AK, BKL, DF, VASC, SCC; HAM10000: 7 classes)",Proposed MetaFormer (Scaled CAFormer-S24 + Focal Self-Attention),New Architecture (Hybrid CNN-ViT with Focal Self-Attention),Yes (ImageNet),"Accuracy, Precision, Recall, F1-score","ACC: 95.01% (HAM10000), 92.54% (ISIC 2019)",Yes,"Lower performance in minority classes (e.g., AK, SCC) due to imbalance; diminishing returns with excessive scaling",Integrate multimodal data; extend to other dermatological conditions; validate in real-world clinical environments
MCI-GAN: a novel GAN with identity blocks inspired by menstrual cycle behavior for missing pixel imputation,10.1007/s00521-025-11059-y,https://www.scopus.com/inward/record.uri?eid=2-s2.0-86000332235&doi=10.1007%2fs00521-025-11059-y&partnerID=40&md5=62b3f548acf4a99270ae5dd9a1bfeb3b,Marie H.S.; Elbaz M.,2025,4.0,"This paper presents MCI-GAN, a novel menstrual cycle imputation (MCI) and generative adversarial network (GAN) framework designed to address the challenge of missing pixel imputation in medical images. Inspired by the intelligent behavior of the endometrial lining during the menstrual cycle, our method introduces four key innovations. First, we propose a novel metaheuristic algorithm that assigns weights to surround pixels based on menstrual cycle behavior, ensuring that the imputed pixels maintain structural integrity and coherence with their neighbors, thus preserving overall image quality. Second, to enhance the learning capability of the GAN, identity blocks are integrated into the network architecture, improving the network’s ability to capture complex spatial relationships and leading to more accurate and consistent imputation of missing pixels. Third, we introduce an adaptive loss function that dynamically adjusts the penalty for pixel discrepancies based on local image context, allowing the model to focus on areas where accurate imputation is most critical and thereby enhancing overall image fidelity. Fourth, the framework incorporates a multi-scale feature extraction mechanism, enabling the GAN to process and combine information at various levels of detail, ensuring that both fine-grained textures and larger structural patterns are accurately captured during the imputation process. The efficacy of MCI-GAN is demonstrated across three diverse medical imaging datasets: mammograms, magnetic resonance imaging (MRI) scans, and skin lesion images. Our results show that the proposed method significantly outperforms existing approaches in terms of accuracy and structural coherence, offering a robust solution for missing pixel imputation in medical imaging. © The Author(s) 2025.",Missing Pixel Imputation,DDSM (Mammograms); IXI (Brain MRI); and ISIC (Skin Lesion),2620 (DDSM); 600 (IXI); 25000 (ISIC),80% Training / 20% Testing split used for evaluation,"Resizing, data normalization, and artifact handling","Standard data augmentation (e.g., rotation, flipping) and generative augmentation via MCI-GAN",Both (Lesion boundary and anatomical structure segmentation),Both (Binary and Multi-class classification mentioned as metadata/labels),MCI-GAN (Generator with Identity Blocks + Multi-scale Feature Extraction),New Architecture,Yes (Identity blocks inspired by ResNet; transfer learning discussed as future work),"RMSE, RSNR, SSIM, FID, IS, Dice Score, Accuracy",Dice: 94.78%; Accuracy: 95.01% (Residual Attention U-Net + MCI-GAN on ISIC),Yes,Potential for overfitting on small datasets and high computational resource requirements,"Incorporating attention mechanisms, transfer learning, and testing on larger diverse datasets"
Enhancing skin disease classification leveraging transformer-based deep learning architectures and explainable AI,10.1016/j.compbiomed.2025.110007,https://www.scopus.com/inward/record.uri?eid=2-s2.0-105000233780&doi=10.1016%2fj.compbiomed.2025.110007&partnerID=40&md5=b42a77c8d9c02d3ea0e8eb879ddcf564,Mohan J.; Sivasubramanian A.; V. S.; Ravi V.,2025,3.0,"Skin diseases affect over a third of the global population, yet their impact is often underestimated. Automating the classification of these diseases is essential for supporting timely and accurate diagnoses. This study leverages Vision Transformers, Swin Transformers, and DinoV2, introducing DinoV2 for the first time in dermatology tasks. On a 31-class skin disease dataset, DinoV2 achieves state-of-the-art results with a test accuracy of 96.48 ± 0.0138% and an F1-Score of 97.27%, marking a nearly 10% improvement over existing benchmarks. The robustness of DinoV2 is further validated on the HAM10000 and Dermnet datasets, where it consistently surpasses prior models. Comparative analysis also includes ConvNeXt and other CNN architectures, underscoring the benefits of transformer models. Additionally, explainable AI techniques like GradCAM and SHAP provide global heatmaps and pixel-level correlation plots, offering detailed insights into disease localization. These complementary approaches enhance model transparency and support clinical correlations, assisting dermatologists in accurate diagnosis and treatment planning. This combination of high performance and clinical relevance highlights the potential of transformers, particularly DinoV2, in dermatological applications. © 2025 Elsevier Ltd",Classification,Combined SDC Dataset (Atlas Dermatology + ISIC 2018); HAM10000; Dermnet,~34425 (SDC: 4910; HAM10000: 10015; Dermnet: 19500),No (Handled via Augmentation/Up-sampling),No reported,"Vertical/Horizontal Flipping, Random Shear, Sharpening, Random Rotation, Center Crop, Brightness/Contrast variation, Histogram Equalization, Gaussian Noise, Blurring",,"Multi-class (31 classes [SDC], 23 classes [Dermnet], 7 classes [HAM10000])","DinoV2, Swin Transformer, Vision Transformer (ViT)",Application of new architecture (DinoV2) to dermatology,Yes (ImageNet1k),"Accuracy, Precision, Recall, F1-Score, AUROC, AUPR",ACC: 96.48% (DinoV2-Base on SDC),"Yes (vs. EfficientNet, ResNet, VGG, ConvNeXt)",Computational intensity/complexity; Generalizability to other diverse datasets unexplored,Focus on lightweight architectures; Evaluate on wider range of datasets
Quadruple strategy-driven hiking optimization algorithm for low and high-dimensional feature selection and real-world skin cancer classification,10.1016/j.knosys.2025.113286,https://www.scopus.com/inward/record.uri?eid=2-s2.0-86000712723&doi=10.1016%2fj.knosys.2025.113286&partnerID=40&md5=37cfa7adfaa3c04cf48721a3aa85ba16,Abdel-salam M.; Alomari S.A.; Almomani M.H.; Hu G.; Lee S.; Saleem K.; Smerat A.; Abualigah L.,2025,4.0,"Feature selection (FS) is critical in classification, aiming to identify the smallest subset of features that maximizes accuracy. Given the NP-hard nature of FS, metaheuristic algorithms (MAs) are commonly applied as effective wrapper-based FS methods. However, high-dimensional datasets with many features and limited samples pose challenges, often resulting in reduced effectiveness and increased computational costs. This study presents the Adaptive Enhanced Diversified Hiking Optimization Algorithm (AEDHOA), an improved variant of the Hiking Optimization Algorithm (HOA), crafted to address these issues efficiently. AEDHOA incorporates four key strategies: the Stratified Random Initialization Strategy (SRIS) for enhanced population diversity, the Enhanced Leader Coordination Strategy (ELCS) for multiple leader guidance to prevent premature convergence, the Adaptive Perturbation Strategy (APS) to introduce controlled randomness for escaping local optima, and the Dynamic Exploration Strategy (DES) to balance global exploration and local exploitation dynamically. AEDHOA's performance is validated using benchmark functions from CEC2017 and CEC2022, where it is compared with sets of classical, recent, and advanced algorithms to ensure comprehensive benchmarking. Additionally, AEDHOA is evaluated as a feature selection method on datasets from the UCI repository and a real-world skin cancer dataset, showcasing its capacity to overcome local minima and accelerate convergence. Comparative results reveal that AEDHOA achieves substantial improvements, with classification accuracy ranging from 0.76 to 1.00 across diverse datasets, demonstrating its robustness and effectiveness in high-dimensional FS tasks. © 2025 Elsevier B.V.",Feature Selection / Classification,UCI repository and scikit-feature repository and a Real-world skin cancer dataset,10015,No; the study focuses on feature selection to improve classification of imbalanced medical data,Resizing and Normalization,No reported,,"Multi-class (7 classes: akiec, bcc, bkl, df, nv, mel, vasc)","Adaptive Enhanced Diversified Hiking Optimization Algorithm (AEDHOA) with kNN, DT, and SVM classifiers",New Architecture (AEDHOA variant of Hiking Optimization Algorithm),No,"Accuracy, Sensitivity, Precision, Fitness function value, and Number of selected features",Accuracy: 94.31% (average across 18 benchmark datasets); 100% on specific high-dimensional datasets,Yes,Metaheuristic algorithms can still be prone to stagnation in extremely complex landscapes; variability in datasets affects performance consistency,Exploring more lightweight models for mobile deployment and integrating uncertainty estimation for clinical decision support
BDFormer: Boundary-aware dual-decoder transformer for skin lesion segmentation,10.1016/j.artmed.2025.103079,https://www.scopus.com/inward/record.uri?eid=2-s2.0-85217889230&doi=10.1016%2fj.artmed.2025.103079&partnerID=40&md5=f7b0bf230f426818c88786c20ef8053e,Ji Z.; Ye Y.; Ma X.,2025,6.0,"Segmenting skin lesions from dermatoscopic images is crucial for improving the quantitative analysis of skin cancer. However, automatic segmentation of skin lesions remains a challenging task due to the presence of unclear boundaries, artifacts, and obstacles such as hair and veins, all of which complicate the segmentation process. Transformers have demonstrated superior capabilities in capturing long-range dependencies through self-attention mechanisms and are gradually replacing CNNs in this domain. However, one of their primary limitations is the inability to effectively capture local details, which is crucial for handling unclear boundaries and significantly affects segmentation accuracy. To address this issue, we propose a novel boundary-aware dual-decoder transformer that employs a single encoder and dual-decoder framework for both skin lesion segmentation and dilated boundary segmentation. Within this model, we introduce a shifted window cross-attention block to build the dual-decoder structure and apply multi-task distillation to enable efficient interaction of inter-task information. Additionally, we propose a multi-scale aggregation strategy to refine the extracted features, ensuring optimal predictions. To further enhance boundary details, we incorporate a dilated boundary loss function, which expands the single-pixel boundary mask into planar information. We also introduce a task-wise consistency loss to promote consistency across tasks. Our method is evaluated on three datasets: ISIC2018, ISIC2017, and PH2, yielding promising results with excellent performance compared to state-of-the-art models. The code is available at https://github.com/Yuxuan-Ye/BDFormer. © 2025 Elsevier B.V.",Segmentation,ISIC2018; ISIC2017; and PH²,5044 total (ISIC2018: 2694; ISIC2017: 2150; PH²: 200),"No; handles data imbalance using compound loss functions including binary cross-entropy, Dice loss, and weighted cross-entropy",Resizing,No reported,Lesion Boundary,,MaxViT-S backbone with Boundary-aware dual-decoder Transformer,"New Architecture (Shifted window cross-attention block, multi-task distillation, and dilated boundary loss)",Yes,"mIoU, DSC, Acc, Sen, Spe, HD95, ASSD",mIoU: 82.18% (ISIC 2018); mIoU: 81.07% (ISIC 2017); mIoU: 86.32% (PH²),Yes,Performance may not be optimal for multi-class segmentation; challenges in generalizing across different datasets; high computational complexity and parameter count,Designing auxiliary tasks with stronger generalization capabilities; ensuring multiple loss functions do not conflict during training
PMFSNet: Polarized multi-scale feature self-attention network for lightweight medical image segmentation,10.1016/j.cmpb.2025.108611,https://www.scopus.com/inward/record.uri?eid=2-s2.0-85216564615&doi=10.1016%2fj.cmpb.2025.108611&partnerID=40&md5=05777e6d7a3c586be5cde3d9a75e105d,Zhong J.; Tian W.; Xie Y.; Liu Z.; Ou J.; Tian T.; Zhang L.,2025,9.0,"Background and objectives: Current state-of-the-art medical image segmentation methods prioritize precision but often at the expense of increased computational demands and larger model sizes. Applying these large-scale models to the relatively limited scale of medical image datasets tends to induce redundant computation, complicating the process without the necessary benefits. These approaches increase complexity and pose challenges for integrating and deploying lightweight models on edge devices. For instance, recent transformer-based models have excelled in 2D and 3D medical image segmentation due to their extensive receptive fields and high parameter count. However, their effectiveness comes with the risk of overfitting when applied to small datasets. It often neglects the vital inductive biases of Convolutional Neural Networks (CNNs), essential for local feature representation. Methods: In this work, we propose PMFSNet, a novel medical imaging segmentation model that effectively balances global and local feature processing while avoiding the computational redundancy typical of larger models. PMFSNet streamlines the UNet-based hierarchical structure and simplifies the self-attention mechanism's computational complexity, making it suitable for lightweight applications. It incorporates a plug-and-play PMFS block, a multi-scale feature enhancement module based on attention mechanisms, to capture long-term dependencies. Results: The extensive comprehensive results demonstrate that our method achieves superior performance in various segmentation tasks on different data scales even with fewer than a million parameters. Results reveal that our PMFSNet achieves IoU of 84.68%, 82.02%, 78.82%, and 76.48% on public datasets of 3D CBCT Tooth, ovarian tumors ultrasound (MMOTU), skin lesions dermoscopy (ISIC 2018), and gastrointestinal polyp (Kvasir SEG), and yields DSC of 78.29%, 77.45%, and 78.04% on three retinal vessel segmentation datasets, DRIVE, STARE, and CHASE-DB1, respectively. Conclusion: Our proposed model exhibits competitive performance across various datasets, accomplishing this with significantly fewer model parameters and inference time, demonstrating its value in model integration and deployment. It strikes an optimal compromise between efficiency and performance and can be a highly efficient solution for medical image analysis in resource-constrained clinical environments. The source code is available at https://github.com/yykzjh/PMFSNet. © 2025 Elsevier B.V.",Segmentation,"3D CBCT Tooth, MMOTU, ISIC 2018, DRIVE, STARE, CHASE DB1, Kvasir-SEG",ISIC 2018: 2594,Imbalanced (Addressed via Weighted Extended Dice Loss),Resize (224x224),"Data augmentation (Unspecified), Random cropping",Lesion Boundary,,PMFSNet (CNN + Polarized Multi-scale Feature Self-attention),New Architecture (Lightweight PMFS block),Yes [ImageNet],"IoU, DSC, ACC, HD, ASSD, SO","ISIC 2018 - IoU: 78.82%, DSC: 87.92%, ACC: 95.59%",Yes,Lacks domain-specific transfer learning; not yet evaluated in resource-constrained edge environments,Explore domain-specific pre-training; integrate multimodal data; optimize for real-time edge device inference
Collaborative transformer U-shaped network for medical image segmentation,10.1016/j.asoc.2025.112841,https://www.scopus.com/inward/record.uri?eid=2-s2.0-85218883750&doi=10.1016%2fj.asoc.2025.112841&partnerID=40&md5=ed39507b24c4bdc11f22045d1d23c86d,Gao Y.; Zhang S.; Shi L.; Zhao G.; Shi Y.,2025,3.0,"Recent advances in the Transformer have shown significant ability to understand the relationship between the lesion area and surrounding tissue, especially for medical image analysis. Existing medical image segmentation algorithms based on transformers often suffer from limited feature extraction granularity and overlook the semantic relationships between multi-scale features. To solve the above limitations, we propose CoTransUNet: a collaborative transformer U-shaped network, that effectively captures fine-grained features and long-range dependencies by performing context extraction between multiple scales. The designed Correlation Extraction (CE) module bridges the encoder and decoder to achieve effective interaction and information transfer. Specifically, a collaborative mechanism in the encoder is proposed that can efficiently exploit inductive bias to extract local fine-grained features of the image while having the ability to capture long-distance feature dependencies. Besides, the CE module focuses on deeply integrating contextual information of multi-scale features, which enriches feature representation by exploiting the intrinsic correlation between features at different scales. It can extract not only local and global features but also capture semantic information related to different multi-scale features simultaneously. Compared to TransUNet, CoTransUNet achieves a 4.91% improvement in DSC on the Synapse multi-organ segmentation dataset while using only a quarter of the parameters. The extensive experiments on three datasets, including skin lesion segmentation (ISIC2016, ISIC2017, ISIC2018) demonstrates that CoTransUNet achieves DSC scores of 92.18%, 85.59%, and 88.75%, respectively, and on Synapse multi organ segmentation achieves DSC score of 82.39%, which outperforms the baseline and other promising methods. © 2025",Segmentation,ISIC2016; ISIC2017; ISIC2018; Synapse; ACDC,1279 for ISIC2016,No; uses a combination of Cross-Entropy and Dice loss to address class imbalance,Resizing,Random flipping and rotation,Lesion Boundary,,ResNet50 (CNN backbone) and Swin-Transformer (global feature extraction),New Architecture (Collaborative mechanism in encoder and Correlation Extraction module),Yes (CNN and Transformer backbones),"DSC, HD, ACC, SE, SP, BF1","DSC: 92.18% (ISIC2016), 85.59% (ISIC2017), 88.75% (ISIC2018)",Yes,Limitations in boundary extraction due to noise introduction during multi-scale feature interaction; high computational demands for real-time feedback,"Exploring more lightweight models (e.g., MobileNetV3), weight pruning, and improving boundary feature extraction using attention mechanisms"
Exploring Pre-Trained Models for Skin Cancer Classification,10.3390/asi8020035,https://www.scopus.com/inward/record.uri?eid=2-s2.0-105003535010&doi=10.3390%2fasi8020035&partnerID=40&md5=74e3e1878731c4ab4f7db965e7ab7782,Alrabai A.; Echtioui A.; Kallel F.,2025,3.0,"Accurate skin cancer classification is essential for early diagnosis and effective treatment planning, enabling timely interventions and improved patient outcomes. In this paper, the performance of four pre-trained models—two convolutional neural networks (ResNet50 and VGG19) and two vision transformers (ViT-b16 and ViT-b32)—is evaluated in distinguishing malignant from benign skin cancers using a publicly available dermoscopic dataset. Among these models, ResNet50 achieved the highest performance across all the evaluation metrics, with accuracy, precision, and recall of 89.09% and an F1 score of 89.08%, demonstrating its ability to effectively capture complex patterns in skin lesion images. While the other models produced competitive results, ResNet50 exhibited superior robustness and consistency. To enhance model interpretability, two eXplainable Artificial Intelligence (XAI) techniques, Local Interpretable Model-Agnostic Explanations (LIME) and integrated gradients, were employed to provide insights into the decision-making process, fostering trust in automated diagnostic systems. These findings underscore the potential of deep learning for automated skin cancer classification and highlight the importance of model transparency for clinical adoption. As AI technology continues to evolve, its integration into clinical workflows could improve diagnostic accuracy, reduce the workload of healthcare professionals, and enhance patient outcomes. © 2025 by the authors.",Classification,Kaggle (ISIC Archive subset),"3,297 (1,800 Benign, 1,497 Malignant)",No (Imbalanced),"Resize (224x224), Normalization","Horizontal and vertical flips, brightness and contrast adjustments, 90-degree rotations",,Binary (Benign vs. Malignant),"ResNet50, VGG19, ViT-b16, ViT-b32",Standard models evaluated with XAI (LIME and Integrated Gradients),Yes [Pre-trained],"Accuracy, Precision, Recall, F1 score, AUC",Accuracy: 89.09% (ResNet50),Yes,Difficulty classifying subtle/complex variations; XAI explanations may not always be fully accurate/understandable; high computational cost,Explore hybrid architectures combining CNN and transformer models; advanced augmentation; ensemble learning
Deep ensemble model for skin cancer classification with improved feature set,10.1007/s11042-024-19039-5,https://www.scopus.com/inward/record.uri?eid=2-s2.0-105001503132&doi=10.1007%2fs11042-024-19039-5&partnerID=40&md5=11fd03e82ab60a8edf2dd33f92b83cf4,Burada S.; Manjunathswamy B.E.; Kumar M.S.,2025,7.0,"Early identification of skin cancer is mandatory to minimize the worldwide death rate as this disease is covering more than 30% of mortality rates in young and adults. Researchers are in the move of proposing advanced models for the accurate classification of skin disease. This paper introduces a novel skin cancer detection model under the stages of preprocessing, feature extraction, classification as well as segmentation. The given input is first preprocessed via Gaussian filtering. Subsequently, the Deep learning model termed as ‘U-net’ is used for the segmentation process. Afterward, the extraction of the feature set including features like Improved Center symmetric Local Binary Pattern (ICS-LBP), Local Gradient Pattern (LGP), Median binary pattern (MBP) is performed. Classification takes place using Deep Ensemble Model based on the extracted features, that includes BiGRU, Deep Maxout, and Improved Deep Convolutional Neural Network (CNN), respectively. Also, as the hyperparameter tuning of the classification model enhances the performance, this work introduces a new Hybrid Atom and Arithmetic Operation Algorithm (HAAOA) algorithm for tuning the optimal weights of the Bi-GRU (Bi-directional Gated Recurrent Unit) and Deep Maxout model. At last, the validation of the proposed work is performed through different performance measures by comparing it with different algorithms. Accordingly, accuracy of the adopted method at 90th learning percentage is 93.56%, which is (~) 82.63%, 85.15%, 84.98%, 83.66% and 83.42% better than AOA, ASO, BWO, BMO and DO, respectively. © The Author(s), under exclusive licence to Springer Science+Business Media, LLC, part of Springer Nature 2024.",Classification,PH2; ISIC 2018,"PH2: 200 (80 common nevi, 80 atypical nevi, 40 melanomas)",No (Data augmentation was used to address the imbalance of classes),Gaussian Filtering,Not reported,Lesion Boundary,"Multi-class (PH2: Common nevi, Atypical nevi, Melanoma)",Deep Ensemble (Bi-GRU + Deep Maxout + Improved Deep CNN) optimized by HAAOA,Ensemble + New Optimization Algorithm (HAAOA),No,Accuracy; Sensitivity; Specificity; Precision; F-measure; MCC; FNR; FPR; NPV,Accuracy: 97.22% (PH2),Yes,Small dataset size,Efficient feature discrimination networks; Test on larger datasets; Cross-platform applications
Automatic skin lesion segmentation using attention residual U-Net with improved encoder-decoder architecture,10.1007/s11042-024-18895-5,https://www.scopus.com/inward/record.uri?eid=2-s2.0-105001080824&doi=10.1007%2fs11042-024-18895-5&partnerID=40&md5=09067d978fea202be2d14f585de37e36,Kaur R.; Kaur S.,2025,6.0,"The automatic segmentation of skin lesions in dermoscopic images is a challenging task due to the presence of artifacts, small lesion sizes, and low contrast between lesions and non-lesion regions. Deep learning models such as U-Net have been used for accurate segmentation in general. Still, their success rate is limited in the case of dermoscopic images due to these challenges. In this paper, we propose a U-Net-based model for efficient and effective segmentation of skin lesions in dermoscopic images. The proposed model, called Attention Residual U-Net with a modified decoder (ARU-Net-MD), employs an encoder-decoder architecture with residual learning, attention gates, and a modified decoder with a combined loss function to achieve higher accuracy for the semantic segmentation of dermoscopic images. Residual learning allows for an efficient model with fewer parameters, while attention gates highlight important features, and the modified decoder with a combined loss function assists the learning process and enables the model to learn more semantic information during training. We evaluated our model on four publicly available datasets, PH2, ISIC 2016, ISIC 2017, and ISIC 2018, and observed an accuracy of 0.96, 0.97, 0.95, and 0.96, respectively, outperforming other state-of-the-art skin lesion segmentation models. © The Author(s), under exclusive licence to Springer Science+Business Media, LLC, part of Springer Nature 2024.",Segmentation,PH2; ISIC 2016; ISIC 2017; ISIC 2018,PH2: 200; ISIC 2016: 1279; ISIC 2017: 2750; ISIC 2018: 3694,,Resize (256x256),Flipping; Height Shift; Width Shift; Rotation; Shear,Lesion Boundary,,ARU-Net-MD (Attention Residual U-Net + Modified Decoder),New Architecture,No,Accuracy; Dice; Jaccard; Sensitivity; Specificity,Accuracy: 97.05% (ISIC 2016),Yes,Challenges segmenting lesions resembling normal skin; higher computational intensity during training compared to U-Net,Reduce computational complexity; develop unified model for various medical segmentation tasks; extend to classification
SLP-Net:An efficient lightweight network for segmentation of skin lesions,10.1016/j.bspc.2024.107242,https://www.scopus.com/inward/record.uri?eid=2-s2.0-85210063284&doi=10.1016%2fj.bspc.2024.107242&partnerID=40&md5=b56f376f22cbccc7df9d888b7b77dc5a,Yang B.; Zhang R.; Peng H.; Guo C.; Luo X.; Wang J.; Long X.,2025,5.0,"Most existing convolutional neural networks achieve high segmentation accuracy while neglecting the high hardware cost. In this paper, we integrate Spiking neural P-type(SNP-type) and depthwise convolution to introduce a multi-channel SNP-type convolution (MCConvSNP). With it, we propose a lightweight segmentation neural network to assist physicians in precisely identifying lesion areas. The proposed network is an asymmetric network with only encoders, and the decoder is complemented by adaptive fusion and skip connections. It is an asymmetric design that reduces a large number of network parameters. Furthermore, the encoder is composed of an MCConvSNP pyramid, which has a small parameter and enables fast multi-scale feature information extraction. Experiments at ISIC2018 dataset challenge demonstrate that the proposed model has the highest Acc and DSC among the state-of-the-art methods. At the same time, generalization experiments on ISIC2016 dataset and PH2 dataset also demonstrate a favorable generalization ability. Finally, we compare the computational complexity as well as the computational speed of the models in experiments, where SLP-Net has the highest overall superiority. © 2024",Segmentation,ISIC 2018; ISIC 2016; PH2,ISIC 2018: 2594; ISIC 2016: 900; PH2: 200,No,Resize (224x224),Random Rotation; Flip,Lesion Boundary,,SLP-Net (MCConvSNP + SLP + SFA + SDS),New Architecture,No,Accuracy; Sensitivity; Specificity; Jaccard; Dice; FPS; GFLOPs,"ISIC 2018: Acc 93.87%, DSC 88.21%",Yes,Generalization lags behind pre-trained models on small datasets; 8x upsampling causes edge info loss; over-aggressive edge segmentation,Explore SNP in attention mechanisms; Explore pre-training models
YOLOSkin: A fusion framework for improved skin cancer diagnosis using YOLO detectors on Nvidia Jetson Nano,10.1016/j.bspc.2024.107093,https://www.scopus.com/inward/record.uri?eid=2-s2.0-85206945570&doi=10.1016%2fj.bspc.2024.107093&partnerID=40&md5=04450b21c5e96eb4a0b4b4d69e14d089,Aishwarya N.; Yaythish Kannaa G.S.; Seemakurthy K.,2025,9.0,"Skin cancer stands out as one of the most common and lethal forms of cancer, characterized by the rapid and uncontrolled division of the cells comprising the skin layer. Early diagnosis is crucial for reducing fatality rates. However, accurately identifying different types of tumorous cells poses challenges, leading to potential misdiagnoses by physicians. To aid clinicians in precise cancer identification, this study proposes a comprehensive framework incorporating the latest compact versions of YOLO, including YOLOv3tiny, YOLOv4tiny, YOLOv5s, YOLOv7tiny, and YOLOv8s. The research focuses on detecting and classifying nine types of skin cancer using ISIC datasets: Actinic Keratosis, Basal Cell Carcinoma, Dermatofibroma, Melanoma, Nevus, Pigmented Benign Keratosis, Seborrheic Keratosis, Squamous Cell Carcinoma, and Vascular Lesion. Results indicate that YOLOv5s performs well for certain cancer classes, while YOLOv8s excels in others. To enhance the overall performance, a fusion strategy is employed, integrating predictions from both YOLOv5s and YOLOv8s based on confidence scores. The experiments demonstrate that the overall detection accuracy improves from 91.5 % to 94.3 % in terms of mean average precision (mAP@0.5) and 89.6 % to 97.87 % in terms of precision. To implement an embedded deep skin cancer detection system (ESCDS), the suggested framework utilizes the edge computing device, Nvidia Jetson Nano to assess real-time performance and efficiency of lightweight YOLO detectors. For single-image prediction, the approximate inference time on the edge computing device is 106.5 ms for YOLOv3tiny, 125.6 ms for YOLOv4tiny, 142.5 ms for YOLOv5s, 13.9 ms for YOLOv7tiny, and 35.4 ms for YOLOv8s, respectively. © 2024 Elsevier Ltd",Classification (Detection),ISIC 2020,2312 (Original); 4387 (Augmented),No (Balanced using Augmentation),Resizing,Resizing (Multi-scale); Test-Time Augmentation (TTA),,Both,"YOLO (v3tiny, v4tiny, v5s, v7tiny, v8s), Fusion SCDS","Fusion strategy (Confidence-based), Edge deployment (Jetson Nano)",No,Accuracy; Precision; Recall; F1-score; mAP@0.5; Inference Time,Accuracy: 96.1% (SCDS),Yes,"Misclassification due to color similarity, Inference time trade-off compared to single models","Clinical validation in hospital environments, integration into diagnostic workflows"
EffiCAT: A synergistic approach to skin disease classification through multi-dataset fusion and attention mechanisms,10.1016/j.bspc.2024.107141,https://www.scopus.com/inward/record.uri?eid=2-s2.0-85208589019&doi=10.1016%2fj.bspc.2024.107141&partnerID=40&md5=ccb94ca0c3089547d58e424338643d0f,Sasithradevi A.; Kanimozhi S.; Sasidhar P.; Kumar Pulipati P.; Sruthi E.; Prakash P.,2025,6.0,"Early and accurate diagnosis of skin diseases is essential for their efficient treatment and effective management. Conventional approaches typically depend on the use of a single dataset, which can introduce biases and limit the generalizability of the models due to dataset-specific idiosyncrasies. This study presents a novel hybrid model, named EffiCAT (EfficientNet Concatenation Attention Technology), for the categorization of skin diseases, specifically focusing on four classes named Actinic Keratosis (ACK), Basal Cell Carcinoma (BCC), Melanoma (MEL), and Melanocytic Nevus (NEV). EffiCAT enhances traditional approaches by integrating features from two different convolutional neural networks, EfficientNet B0 and EfficientNet B4, through feature concatenation. This is followed by applying advanced attention modules, specifically a Dual Channel Attention Layer applied twice and a Convolutional Block Attention Module (CBAM), to refine feature representation and focus on relevant patterns more effectively. Our method is evaluated on a combined dataset composed of HAM10000 and PAD-UFES-20, which enhances the diversity and volume of training samples to improve generalization across various skin types and conditions. The inclusion of multiple datasets helps mitigate the biases associated with single-dataset training and enhances the robustness of the model. EffiCAT attained a test accuracy of 94.48%, with precision, recall, and F1 score all closely aligned at 94.48%. These metrics not only illustrate the efficacy of our method but also underscore its superiority in handling varied and complex skin disease presentations through refined attention-driven feature concatenation. Additionally, external validation was performed on the ISIC 2018 dataset, where the model achieved a test accuracy of 92.08%, with precision of 92.45%, recall of 92.08%, and an F1 score of 92.15%, further confirming its robustness and generalizability. The model's architecture efficiently leverages concatenated features enriched with attention mechanisms, setting a new standard for image-based diagnostic models. © 2024 Elsevier Ltd",Classification,ISIC 2019; ISIC 2020; Derm7pt (Merged),58457,No (Balanced using Augmentation),Resizing (224x224); Normalization; Hair Removal; Color Constancy (Shades of Gray),Rotation; Horizontal/Vertical Flip; Zooming,,"Multi-class (8 classes: MEL, NV, BCC, AK, BKL, DF, VASC, SCC)",EffiCAT (EfficientNetB0 + Coordinate Attention + Cross-Modality Attention),New Architecture,Yes (ImageNet),Accuracy; Precision; Recall; F1-Score,Accuracy: 98.45%,Yes,Model optimization required for low-latency mobile deployment,"Integration into mobile apps, XAI, testing on diverse datasets"
Enhanced Skin Cancer Diagnosis via Deep Convolutional Neural Networks with Ensemble Learning,10.1007/s42979-024-03581-y,https://www.scopus.com/inward/record.uri?eid=2-s2.0-85218166894&doi=10.1007%2fs42979-024-03581-y&partnerID=40&md5=ee225f66dbbc37c9fb6f407c02434935,Khan M.A.; Alam S.; Ahmed W.,2025,4.0,"Skin cancer constitutes a third of all cancer diagnoses worldwide, with its incidence steadily increasing over recent decades. The introduction of dermoscopy has significantly improved the diagnostic accuracy for skin cancer. However, dermatologists face considerable challenges in accurately diagnosing skin cancer due to the similar appearances of different types. The diagnostic accuracy among dermatologist’s ranges between 62 and 80%. The research community has achieved significant progress in creating automated systems to aid dermatologists in decision-making. This work presents a very precise automated computer-aided diagnostic (CAD) system for multi-class skin cancer classification. Our suggested strategy improves the accuracy of both skilled dermatologist and existing deep learning techniques in MCS cancer classification. Utilizing the HAM10000 dataset, we fine-tuned models across seven skin cancer classes and conducted a comparative study to evaluate the performance of three pre-trained convolutional neural networks (CNNs) and three ensemble models. Our results demonstrated a maximum accuracy of 92.16% for the best-performing individual model and an impressive 94.17% accuracy for the ensemble model. We suggest for taking advantage of InceptionV3, which for MCS cancer classification owing to its improved architecture and enhanced accuracy. This research underscores the capability of sophisticated deep learning models to improve the diagnostic process for skin cancer, providing a significant resource to assist dermatologists in attaining more precise diagnoses. © The Author(s), under exclusive licence to Springer Nature Singapore Pte Ltd. 2025.",Classification,HAM10000,10015,No (Data augmentation was used to address the imbalance of classes),Resize (299x299),Minimal (Keras ImageDataGenerator),,"Multi-class (Melanocytic Nevi, Melanoma, Benign Keratosis, Actinic Keratosis, Vascular Lesions, Dermatofibroma, Basal Cell Carcinoma)","ResNet50, InceptionV3, VGG16, Ensemble (ResNet50+InceptionV3)",Ensemble Learning,Yes,Accuracy; Precision; Recall; F1-score,Accuracy: 94.17% (InceptionV3 + ResNet50),Yes,High architectural complexity and prolonged training times for ensemble methods,Integrate clinical images with dermoscopy images; utilize saliency object or feature detection
Advanced Deep Learning Models for Melanoma Diagnosis in Computer-Aided Skin Cancer Detection,10.3390/s25030594,https://www.scopus.com/inward/record.uri?eid=2-s2.0-85218234612&doi=10.3390%2fs25030594&partnerID=40&md5=2f12fe45f65ea1ae9345493a4bef05ae,Kaur R.; GholamHosseini H.; Lindén M.,2025,4.0,"The most deadly type of skin cancer is melanoma. A visual examination does not provide an accurate diagnosis of melanoma during its early to middle stages. Therefore, an automated model could be developed that assists with early skin cancer detection. It is possible to limit the severity of melanoma by detecting it early and treating it promptly. This study aims to develop efficient approaches for various phases of melanoma computer-aided diagnosis (CAD), such as preprocessing, segmentation, and classification. The first step of the CAD pipeline includes the proposed hybrid method, which uses morphological operations and context aggregation-based deep neural networks to remove hairlines and improve poor contrast in dermoscopic skin cancer images. An image segmentation network based on deep learning is then used to extract lesion regions for detailed analysis and calculate the optimized classification features. Lastly, a deep neural network is used to distinguish melanoma from benign lesions. The proposed approaches use a benchmark dataset named International Skin Imaging Collaboration (ISIC) 2020. In this work, two forms of evaluations are performed with the classification model. The first experiment involves the incorporation of the results from the preprocessing and segmentation stages into the classification model. The second experiment involves the evaluation of the classifier without employing these stages i.e., using raw images. From the study results, it can be concluded that a classification model using segmented and cleaned images contributes more to achieving an accurate classification rate of 93.40% with a 1.3 s test time on a single image. © 2025 by the authors.",Classification,ISIC 2019; ISIC 2020,ISIC 2019: 25331; ISIC 2020: 33126,No (Balanced using Augmentation),Resize (224x224); Normalization,Rotation (40 degrees); Horizontal Flip,,"Binary (Melanoma vs. Benign), Multi-class (8 classes: MEL, NV, BCC, AK, BKL, DF, VASC, SCC)","DenseNet201, ResNet50V2, InceptionV3, VGG16, MobileNet",Standard (Comparative Analysis),Yes (ImageNet),Accuracy; Precision; Recall; F1-Score; AUC,Accuracy: 97.46% (DenseNet201 on ISIC 2020),Yes,Computational complexity of deep models; class imbalance in real-world data,"Develop hybrid models (e.g., combining CNNs with Transformers), integrate clinical metadata, optimization for mobile devices"
Pigmented skin disease classification via deep learning with an attention mechanism,10.1016/j.asoc.2024.112571,https://www.scopus.com/inward/record.uri?eid=2-s2.0-85213862823&doi=10.1016%2fj.asoc.2024.112571&partnerID=40&md5=b1b2fec650654c6598d8b305ad7762e6,Chen J.; Jiang Q.; Ai Z.; Wei Q.; Xu S.; Hao B.; Lu Y.; Huang X.; Chen L.,2025,3.0,"Pigmented skin disease is common; doctors need to observe and analyze pigmented skin disease images for diagnostic purposes. However, due to regional differences, diagnoses are subjective, resulting in high misdiagnosis rates. Therefore, this paper proposes a deep learning-based method for classifying pigmented skin disease images named the skin-global attention block (Skin-GAB). This method automatically classifies pigmented skin disease images through a system architecture that includes image augmentation, image segmentation, cluster analysis, segmented and original image classification, and network fusion. Additionally, this paper utilizes the GAB attention mechanism to encode the height, width, and channel of the feature maps, allowing the model to automatically learn crucial features from pigmented skin disease images and focus its attention on task-relevant information, thereby capturing disparities in input feature maps and further enhancing the model's performance. The experimental results show that the proposed method performs well in terms of accuracy and practicality. Compared to using Xception as the classification network and the convolutional block attention module (CBAM) as the attention mechanism on the HAM10000 dataset, the system architecture proposed in this paper provides an improvement in accuracy of 2.89%. Therefore, this method will provide more accurate and efficient technical support for medical fields such as pigmented skin disease diagnosis and treatment. © 2024 Elsevier B.V.",Classification,HAM10000,10015,No (Balanced using Augmentation),Resize; Normalization,Random Rotation; Flip; Crop,,"Multi-class (7 classes: AKIEC, BCC, BKL, DF, MEL, NV, VASC)",CNN + Global Attention (GA) + Unified Module (UM),New Architecture (Attention-based),Yes (ImageNet),Accuracy; AUC; Precision; Recall; F1-Score,AUC: 0.98 (Average),Yes,Computationally intensive due to attention modules; reliance on single dataset,"Validation on diverse datasets, deployment in mobile health applications"
DSU-Net: Dual-Stage U-Net based on CNN and Transformer for skin lesion segmentation,10.1016/j.bspc.2024.107090,https://www.scopus.com/inward/record.uri?eid=2-s2.0-85207328816&doi=10.1016%2fj.bspc.2024.107090&partnerID=40&md5=2f706ef7cbf9fde98e85bd4f471ad3a4,Zhong L.; Li T.; Cui M.; Cui S.; Wang H.; Yu L.,2025,11.0,"Precise delineation of skin lesions from dermoscopy pictures is crucial for enhancing the quantitative analysis of melanoma. However, this remains a difficult endeavor due to inherent characteristics such as large variability in lesion size, form, and fuzzy boundaries. In recent years, CNNs and Transformers have indicated notable benefits in the area of skin lesion segmentation. Hence, we first propose the DSU-Net segmentation network, which is inspired by the manual segmentation process. Through the coordination mechanism of the two segmentation sub-networks, the simulation of a process occurs where the lesion area is initially coarsely identified and then meticulously delineated. Then, we propose a two-stage balanced loss function to better simulate the manual segmentation process by adaptively controlling the loss weight. Further, we introduce a multi-feature fusion module, which combines various feature extraction modules to extract richer feature information, refine the lesion area, and obtain accurate segmentation boundaries. Finally, we conducted extensive experiments on the ISIC2017, ISIC2018, and PH2 datasets to assess and validate the efficacy of the DSU-Net by comparing it to the most advanced approaches currently available. The codes are available at https://github.com/ZhongLongwei/DSU-Net. © 2024 Elsevier Ltd",Segmentation,ISIC 2017; ISIC 2018,ISIC 2017: 2150; ISIC 2018: 2594,,Resize (256x256); Normalization,Horizontal Flip; Vertical Flip; Random Rotation (90 degrees),Lesion Boundary,,DSU-Net (Dual-Stage U-Net with ResNet-34 and Transformer blocks),New Architecture,Yes (ImageNet),Dice; Jaccard; Accuracy; Sensitivity; Specificity; Hausdorff Distance,ISIC 2017: Dice 92.54%,Yes,Requires significant computational resources due to dual-stage design,Investigate lightweight variants for mobile deployment
A Trustworthy Framework for Skin Cancer Detection Using a CNN with a Modified Attention Mechanism,10.3390/app15031067,https://www.scopus.com/inward/record.uri?eid=2-s2.0-85217616544&doi=10.3390%2fapp15031067&partnerID=40&md5=7425731c24e70b389fbbd84bcd65254d,Thwin S.M.; Park H.-S.; Seo S.H.,2025,4.0,"The early and accurate detection of skin cancer can reduce mortality rates and improve patient outcomes, but requires advanced diagnostics. The integration of artificial intelligence (AI) into healthcare enables the precise and timely detection of skin cancer. However, significant challenges remain including the difficulty in differentiating visually similar skin conditions and the limitations of diverse, representative datasets. In this study, we proposed DCAN-Net, a novel deep-learning framework designed for the early detection of skin cancer. The model leverages an efficient backbone architecture optimized for capturing diverse skin patterns, utilizing carefully tuned parameters to enhance the discrimination capabilities and refine the extracted features using modified attention modules, thereby prioritizing relevant foreground information while minimizing background noise. Furthermore, the Grad-CAM explainable AI method was employed, highlighting the most salient features within dermatoscopic images. The fused optimal feature representations significantly enhanced the dermatoscopic image analysis. When evaluated on the HAM10000 dataset, DCAN-Net achieved a precision, recall, F1-score, and accuracy of 97.00%, 97.57%, 97.10%, and 97.57%, respectively. Moreover, the application of advanced data augmentation techniques mitigated data imbalance issues and reduced false-positive and false-negative rates across the original and augmented datasets. These findings demonstrate the potential of DCAN-Net for improving clinical outcomes and advancing AI-driven skin cancer diagnostics. © 2025 by the authors.",Classification,HAM10000,10015,No (Balanced using Augmentation),Contrast Enhancement (CLAHE); Brightness Adjustment,Rotation; Horizontal/Vertical Flip; Scaling; Translation,,"Multi-class (7 classes: Akiec, Bcc, Bkl, Df, Mel, Nv, Vasc)",DCAN-Net (ConvNeXt + Channel/Spatial Attention),New Architecture,Yes,Accuracy; Precision; Recall; F1-Score,Accuracy: 97.57%,Yes,"Unimodal data only, computational cost of attention mechanisms, challenges for real-time deployment","Multimodal data fusion, real-time adaptation, clinical trials, expand dataset"
A skin lesion segmentation network with edge and body fusion,10.1016/j.asoc.2024.112683,https://www.scopus.com/inward/record.uri?eid=2-s2.0-85214405411&doi=10.1016%2fj.asoc.2024.112683&partnerID=40&md5=1f3fbf013ecc04ad50facf49cf023908,Ma Q.; Wang G.; Li Y.; Mao K.; Xu L.; Zhao Y.,2025,14.0,"Purpose: In this paper, a novel local cross-attention Unet(LCAUnet) is proposed to enhance the completeness of representation with the fusion of edge and body features, which are often paid little attention in traditional methods. Method: First, two separate branches are set for edge and body segmentation with convolutional neural networks(CNNs) and Transformer based architectures, respectively. Then, the local cross-attention feature fusion(LCAF) module is utilized to merge feature maps of the edge and body of the same level via local cross-attention operation in the encoder stage, and the edge-body interactions can be captured hierarchically. Furthermore, the prior guided multi-scale knowledge fusion(PGMF) module is embedded for feature integration with prior guided multi-scale adaption. Result: Comprehensive experiments on publicly available datasets ISIC 2017, ISIC 2018, and PH2 demonstrate that LCAUnet outperforms most state-of-the-art methods in metrics such as 1.31% improvement in Dice. The ablation studies also verify the effectiveness of the proposed fusion techniques. © 2024",Segmentation,ISIC 2016; ISIC 2017; ISIC 2018; PH2,ISIC 2016: 1279; ISIC 2017: 2750; ISIC 2018: 2594; PH2: 200,,Resize (256x256),Flip (Horizontal/Vertical); Random Rotation,Lesion Boundary,,EBF-Net (ResNet-34 Encoder + Feature Selection Module + Body-Edge Fusion Module),New Architecture,Yes (ImageNet),Dice; Jaccard; Accuracy; Sensitivity; Specificity,ISIC 2017: Dice 0.9202,Yes,Edge detection branch can produce discontinuities in low-contrast or blurry boundary scenarios,Develop more robust edge detection algorithms to improve continuity
Exploring adversarial deep learning for fusion in multi-color channel skin detection applications,10.1016/j.inffus.2024.102632,https://www.scopus.com/inward/record.uri?eid=2-s2.0-85202859274&doi=10.1016%2fj.inffus.2024.102632&partnerID=40&md5=feb3802a6ffdcb3e98b1cc0d6eec7dcf,Chyad M.; Zaidan B.B.; Zaidan A.A.; Pilehkouhi H.; Aalaa R.; Qahtan S.; Alsattar H.A.; Pamucar D.; Simic V.,2025,3.0,"Deep learning, a robust framework for complex learning, outperforms previous machine learning approaches and finds widespread use. However, security vulnerabilities, especially in fusion in multi-color channel skin detection applications using adversarial machine learning (AML) and generative adversarial networks (GANs), lead to misclassifications. Researchers are actively exploring AML's and GANs' impact on misclassification, focusing on vulnerabilities in lighting conditions, skin-like patches in lesion segmentation, and insufficient data in facial emotion recognition. Yet, these areas only scratch the surface of potential AML vulnerabilities and GANs. To comprehensively address challenges, an in-depth investigation into AML and GANs components is crucial to uncover underlying reasons for misclassifying skin detection. This study addresses challenges of fusion in multi-color channel skin detection by creating a diverse dataset with 17M patches for enhanced feature fusion/training and meeting dataset criteria, investigating misclassifications using various deep learning models belonging to AML and GANs and color spaces (e.g., RGB, YCbCr, HSV, YUV), and exploring binary and multiclass scenarios. Notably, YCbCr outperformed RGB, achieving 98 % for binary skin classification, 84 % and 69 % for multiclass four and five-class scenarios. Binary classification for skin tones and their skin-like counterparts (e.g., black skin tone and black skin-like) yielded 97 %, 81 %, 60 %, and 51 % for black, brown, medium, and fair, respectively. Exploration of darker skin tones showed improved accuracy. Benchmarking with a CNN and RNN hybrid achieved 99 % accuracy, surpassing the initial 91 %, while SAE reached 97 %. The study explores implications of overlapping between skin and skin-tone recognition, offering insights for developing a generalized skin detector. The investigation demonstrates that improper color space selection can make lighting conditions exploitable in AML attacks and GANs, emphasizing the crucial role of color space choice in mitigating vulnerabilities. © 2024 Elsevier B.V.",Classification,Created Systematic Dataset (17M patches); Pratheepan; HGR; ECU; COMPAQ,17 million patches (from 400 source images),Balanced (50 images per category),Image cropping; Padding; Sliding window; Rescaling; Color space conversion (RGB; YCbCr; HSV; YUV),Shear; Zoom; Horizontal Flip,,Both,"CNN, ANN, DNN, RNN, SAE","New Dataset, Color Space Fusion analysis",No,Accuracy; Loss; Time; Mean Error,ACC: 99.48% (Hybrid CNN-RNN on Created Dataset),Yes,Computational constraints limited experiments; robustness of fusion against AML needs further confirmation,"Investigate data poisoning (mislabeled patches), test against augmented data"
Dual-scale enhanced and cross-generative consistency learning for semi-supervised medical image segmentation,10.1016/j.patcog.2024.110962,https://www.scopus.com/inward/record.uri?eid=2-s2.0-85203138408&doi=10.1016%2fj.patcog.2024.110962&partnerID=40&md5=fc8ba48a040d5d3a110055ef20e93c31,Gu Y.; Zhou T.; Zhang Y.; Zhou Y.; He K.; Gong C.; Fu H.,2025,5.0,"Medical image segmentation plays a crucial role in computer-aided diagnosis. However, existing methods heavily rely on fully supervised training, which requires a large amount of labeled data with time-consuming pixel-wise annotations. Moreover, accurately segmenting lesions poses challenges due to variations in shape, size, and location. To address these issues, we propose a novel Dual-scale Enhanced and Cross-generative consistency learning framework for semi-supervised medical image Segmentation (DEC-Seg). First, we propose a Cross-level Feature Aggregation (CFA) module that integrates features from adjacent layers to enhance the feature representation ability across different resolutions. To address scale variation, we present a scale-enhanced consistency constraint, which ensures consistency in the segmentation maps generated from the same input image at different scales. This constraint helps handle variations in lesion sizes and improves the robustness of the model. Furthermore, we propose a cross-generative consistency scheme, in which the original and perturbed images can be reconstructed using cross-segmentation maps. This consistency constraint allows us to mine effective feature representations and boost the segmentation performance. To further exploit the scale information, we propose a Dual-scale Complementary Fusion (DCF) module that integrates features from two scale-specific decoders operating at different scales to help produce more accurate segmentation maps. Extensive experimental results on multiple medical segmentation tasks (polyp, skin lesion, and brain glioma) demonstrate the effectiveness of our DEC-Seg against other state-of-the-art semi-supervised segmentation approaches. The implementation code will be released at https://github.com/taozh2017/DECSeg. © 2024 Elsevier Ltd",Segmentation,ISIC 2018; ACDC,ISIC 2018: 2594,(Semi-supervised splits used),Resize (224x224); Normalization,Random Rotation; Flip,Lesion Boundary,,DEC-Seg (U-Net Backbone),New Architecture (Semi-supervised Framework),No,DSC; Jaccard; ACC; SEN,"DSC: 89.26% (ISIC 2018, 20% labeled)",Yes,High computational cost due to multi-branch structure,"Design lightweight architectures, extend to 3D segmentation"
Melanoma Skin Cancer Detection Using Deep Learning Methods and Binary GWO Algorithm,10.54216/FPA.180211,https://www.scopus.com/inward/record.uri?eid=2-s2.0-85218974630&doi=10.54216%2fFPA.180211&partnerID=40&md5=3417ddd49735d7ac26eb2e91728a8c0a,Yousif M.; Jassam N.M.; Salim A.; Ali Bardan H.; Farhan Mutlak A.; Sallibi A.D.; Fatikhan Ataalla A.,2025,3.0,"Melanoma is one of the most aggressive types of skin cancer, and its early detection is critical to improving survival rates and treatment outcomes for patients. Conventional diagnostic methods often suffer from high computational costs and low accuracy, primarily due to inadequate feature selection and classification strategies. The goal of this research is to combine state-of-the-art deep learning techniques with optimization algorithms to develop a precise and efficient predictive system for melanoma detection. In this work, we propose a novel framework that integrates Convolutional Neural Networks (CNNs) for image classification and a binary Grey Wolf Optimization (GWO) algorithm for feature selection. The binary GWO algorithm identifies the most relevant features from dermatological images, eliminating redundancy and reducing the computational burden. The CNN is then trained on the refined feature subset to enhance classification efficiency. Extensive experiments on publicly available skin lesion datasets demonstrate that the proposed model significantly outperforms traditional machine learning models. Improvements in sensitivity, specificity, and overall classification accuracy highlight the effectiveness of combining deep learning with optimization techniques. Our results show that deep learning and optimization methods, such as the binary GWO algorithm, can be successfully applied to melanoma diagnosis. This strategy not only improves detection efficiency and accuracy but also supports early diagnosis and treatment planning, leading to better patient outcomes. By leveraging the binary GWO algorithm to optimize the feature selection process and CNNs for image classification, the proposed approach reduces computational costs while increasing classification accuracy. When trained and evaluated on publicly available skin lesion datasets, the model demonstrates significant improvements in sensitivity, specificity, and overall accuracy compared to conventional machine learning models. © 2025, American Scientific Publishing Group (ASPG). All rights reserved.",Classification,ISIC 2019; ISIC 2020,2500 (1250 Benign; 1250 Malignant),Balanced (Subsampled),Resize (224x224); Normalization (Min-Max); Hair Removal (DullRazor); Noise Removal (Median Filter),Rotation; Width/Height Shift; Shear; Zoom; Horizontal Flip,,Binary (Benign vs. Malignant),"ResNet50, VGG16, MobileNetV2, InceptionV3, DenseNet121, Xception (Feature Extractors) + Binary GWO (Feature Selection) + SVM",Hybrid (DL Features + Metaheuristic Optimization),Yes (ImageNet),Accuracy; Precision; Recall; F1-Score,Accuracy: 99.42% (ResNet50 + BGWO + SVM),Yes,"High computational complexity, dependence on large annotated datasets, potential for overfitting","Explore other meta-heuristic optimization algorithms, validate on larger diverse datasets, real-time implementation"
Optimize brain tumor multiclass classification with manta ray foraging and improved residual block techniques,10.1007/s00530-025-01670-3,https://www.scopus.com/inward/record.uri?eid=2-s2.0-85218336610&doi=10.1007%2fs00530-025-01670-3&partnerID=40&md5=f7b93796fef747d46b9f8e15b570da26,Khan S.U.R.; Asif S.; Zhao M.; Zou W.; Li Y.,2025,17.0,"Brain tumor infection can lead to cognitive impairments and neurological deficits. Its effects on the nervous system can result in sensory disturbances and motor dysfunction. Brain tumor infections can trigger inflammation and swelling, leading to severe headaches and affecting memory and concentration. Due to its harmful impact, brain tumors have emerged as a global health concern, necessitating the development of AI-driven tools to aid medical professionals in the early diagnosis and classification of multiple types of brain tumors. Previous research has predominantly relied on convolutional neural network CNN-based techniques to predict brain tumors. However, these approaches often utilized binary datasets and struggled to extract optimal features for effective model generalization. In our proposed method, we introduce a novel utilization of the manta-ray foraging optimizer-MRFO, specifically in aggregation with a fitness approach, while also incorporating improved residual block techniques within a dense network framework. To address this gap in the literature, we present a novel MRFO-based residual method to optimize the hierarchical feature representation of tumors using DenseNet-169.Initially, we adopt a conventional approach by selecting a base Dense model from a set of pre-trained DenseNet models. Subsequently, we utilize the MRFO strategy to explore optimal hyperparameter settings for the DenseNet-169 model. In the subsequent phase, we extend this approach by integrating an enhanced residual block into the optimized DenseNet-169 architecture, aimed at further boosting performance. Through this methodology, we achieve a notable accuracy of 96.40%, coupled with a robust hierarchical feature representation. This demonstrates the efficacy of our proposed model, surpassing state-of-the-art methods on the same dataset. Furthermore, to validate the robustness of our approach, we conduct experiments on four diverse datasets such as MSID (Multi Skin Infection dataset), gastrointestinal multi-infection, Kaggle MRI multiclass, and BR35H MRI binary class dataset. The proposed model consistently maintains high performance with accuracies of 93.10, 97.46, 98.77, and 99.10% respectively. © The Author(s), under exclusive licence to Springer-Verlag GmbH Germany, part of Springer Nature 2025.",Classification,ISIC2020; ISIC Archive,37648 (33126 ISIC2020 + 4522 ISIC Archive),No (Addressed via distinct augmentation rates for classes),Resize (224x224),Horizontal/Vertical Flip; Scaling; Rotation; Central Crop; Shift; Shear (Skin Area Focus Module),,Binary (Melanoma vs. Non-melanoma),GRNet50 (Geometric Algebra ResNet) + Anomaly Feature Attention Module (AFAM),New Architecture (Geometric Algebra based),No,Accuracy; Sensitivity; Specificity; AUC; F1-score,Accuracy: 98.5%,Yes,Challenges with class imbalance; potential for false negatives/positives; generalization across diverse clinical settings,Incorporate metadata; multi-class classification; apply to 3D imaging; optimize for lightweight/mobile devices
DU-Net+: a fully convolutional neural network architecture for semantic segmentation of skin lesions,10.1007/s11760-024-03690-4,https://www.scopus.com/inward/record.uri?eid=2-s2.0-85212828181&doi=10.1007%2fs11760-024-03690-4&partnerID=40&md5=8790dadcb6dcfda4664029c6858a9f1e,Kaur R.; Ranade S.K.,2025,3.0,"Automatic skin lesion segmentation significantly influences the accuracy of skin cancer detection and classification. In this paper, we proposed a robust convolutional neural network based architecture called double U-Net+ (DU-Net+) for the segmentation of skin lesions. The proposed architecture comprises two modified U-Nets that learn incredible details through the additional skip connections and emphasize the contextual features using atrous spatial pyramid pooling (ASPP). The novel contributions of the proposed architecture are residual connections to optimize the learning process, attention gates to efficiently extract the important features, ASPP to capture multi-scale spatial information, and initialization with pre-trained weights of VGG19 to robustly increase the generalization ability for accurate skin lesion segmentation from dermoscopic images. We evaluate the performance of the proposed architectures on publicly available data ISIC 2018. The quantitative and qualitative analysis exhibit that the DU-Net+ architecture outshone the baseline architecture and other state-of-the-art architectures with a dice coefficient of 0.9293, Jaccard of 0.8813, accuracy of 0.9741, sensitivity of 0.9512, and specificity of 0.9676. © The Author(s), under exclusive licence to Springer-Verlag London Ltd., part of Springer Nature 2024.",Segmentation,ISIC 2018,2594,,Resize (192x256),Not reported,Lesion Boundary,,"DU-Net+ (Double U-Net with VGG19 Encoder, ASPP, Attention Gates)",New Architecture,Yes,Dice Coefficient; Jaccard Index; Accuracy; Precision; Recall; Specificity,"Dice: 0.9234, Jaccard: 0.8465",Yes,Computational complexity of the double U-Net structure,Optimize for real-time applications; extend to 3D medical imaging tasks
Enhancing Skin Cancer Detection with Multimodal Data Integration: A Combined Approach Using Images and Clinical Notes,10.1007/s42979-024-03601-x,https://www.scopus.com/inward/record.uri?eid=2-s2.0-85218152959&doi=10.1007%2fs42979-024-03601-x&partnerID=40&md5=65381333be5e63b1e882a51652b7ab78,Chakkarapani V.; Poornapushpakala S.; Suresh S.,2025,3.0,"Skin cancer is one of the most common cancers worldwide where early detection is crucial for effectively diagnosing and treatment. Traditional diagnostic methods largely depend on dermoscopic or skin lesion image analysis. However, they are limited by the clinician’s expertise and primarily rely on image data. While most of the studies focus on improving the diagnostic accuracy using the skin lesion images, this study addresses the limitations of using just the image data and proposes a novel approach that enhances skin cancer detection by combining skin lesion images with patients’ clinical notes. The methodology proposes a multi-modal approach that combines the images data with doctor’s clinical notes to enhance early diagnosis and accurate detection of skin cancer. Clinical notes are synthetically generated using two distinct multimodal large language models (LLMs), corresponding to each patient’s skin cancer images, encapsulating both visual and textual data representative of real-world scenarios. The generated clinical notes are validated through a dual-method approach involving cross-evaluation and consensus scoring, utilizing metrics such as the BLEU score, ROUGE score, Overlap Coefficient, and Jaccard index. Furthermore, this paper compares the performance of a model built using skin lesion images with four other models built using skin lesion images and synthetically generated clinical notes. The experimental results demonstrates a significant improvement in all classification metrics compared to single-modality models, achieving an accuracy of 99.51%, precision of 96.19%, recall of 97.95%and f1-score of 97.03% with the multimodal ALBEF model that uses GPT-4-turbo for clinical notes generation. The results show a significant improvement in performance with the multi modal approach for medical diagnosis. Also, this research sets a foundational framework that can be leveraged for many potential healthcare diagnoses applications. © The Author(s), under exclusive licence to Springer Nature Singapore Pte Ltd. 2025.",Classification,SIIM-ISIC Melanoma Classification (Kaggle),"7,209 (6,625 benign, 584 malignant)",No (Imbalanced),"Resizing, color balance, contrast normalization",Data augmentation (Unspecified),,Binary (Benign vs. Malignant),"ResNet-50, BERT, ALBEF",Multi-modal Integration (Images + Synthetically Generated Clinical Notes),"Yes [ResNet-50, BERT, ALBEF]","Accuracy, Precision, Recall, F1-Score, Specificity, FPR, FNR",Accuracy: 99.51% (ALBEF + GPT-4-turbo),Yes,Accuracy drops with poor image quality; misclassifications due to ambiguous synthetic notes and over-reliance on textual features,Address ethical implications regarding data privacy and potential biases inherent in synthetic data
Enhancing Melanoma Diagnostic: Harnessing the Synergy of AI and CNNs for Groundbreaking Advances in Early Melanoma Detection and Treatment Strategies,10.1002/ima.70016,https://www.scopus.com/inward/record.uri?eid=2-s2.0-85212864356&doi=10.1002%2fima.70016&partnerID=40&md5=6a131d02bacfb05dbed1c8adf4602934,Sajid M.; Khan A.H.; Malik T.S.; Bilal A.; Ahmad Z.; Sarwar R.,2025,7.0,"Skin cancer is one of the most prevalent and deadly neoplasms globally. Although melanoma constitutes a minor percentage of all skin cancer types, it presently stands as the primary cause of skin cancer-related deaths. Previous studies indicate that deep learning algorithms may identify subtle patterns and detailed features in medical images for melanoma detection, however, challenges remain due to the scarcity of annotated images and the intricacy of cancer images. The need for early skin cancer detection, particularly melanoma, is an urgent concern due to its potential for high mortality when not identified and treated promptly. This paper introduces a comprehensive method for melanoma detection in medical images through the incorporation of data augmentation approaches. We employed a CNN model for the categorization of melanoma images with data augmentation techniques such as random horizontal flips, random cropping, grayscale conversion, Gaussian blur, and random perspective transformations. Experiments demonstrate that the suggested method surpasses the existing peak performance in melanoma identification within medical imaging. The results indicate the potential of data augmentation techniques in alleviating the issue of insufficient medical images and improving melanoma detection. We attained an overall accuracy of 93.43%, a sensitivity of 99.74%, and a specificity of 88.53% in melanoma detection, surpassing state-of-the-art approaches with the HAM10000 dataset. Our model is beneficial in clinical settings to aid dermatologists in precisely identifying patients, facilitating early intervention, and potentially preserving lives. In the future, we intend to test our algorithm on more skin cancer datasets that may enhance the accuracy of melanoma diagnosis. A crucial component of the design is the ablation study, which seeks to discover and improve the most significant model parameters for computational efficiency and diagnostic precision. The HAM10000 dataset is utilized for ablation tests to assess and validate the efficacy of the suggested method. © 2024 The Author(s). International Journal of Imaging Systems and Technology published by Wiley Periodicals LLC.",Classification,HAM10000,10015,No (Balanced using Augmentation),Grayscale conversion (as augmentation); Resizing (implied),Random Horizontal Flip; Random Crop; Gaussian Blur; Random Perspective; Grayscale Conversion,,"Binary (Melanoma vs. Non-Melanoma), Multi-class (implied by MCADT name)","MCADT (Multi-Class Augmented Deep Transfer, Customized CNN)",New Architecture (MCADT),Yes (ImageNet),Accuracy; Sensitivity; Specificity; F1-Score,Accuracy: 93.43% (Melanoma detection),Yes,"Scarcity of annotated images, intricacy of cancer images, class imbalance","Test on more diverse skin cancer datasets, ablation studies for parameter optimization"
A Geometric algebra-enhanced network for skin lesion detection with diagnostic prior,10.1007/s11227-024-06833-z,https://www.scopus.com/inward/record.uri?eid=2-s2.0-85212970512&doi=10.1007%2fs11227-024-06833-z&partnerID=40&md5=fe4c5868a64491695c35b7272ab71c89,Wang F.; Ju M.; Zhu X.; Zhu Q.; Wang H.; Qian C.; Wang R.,2025,4.0,"Automatic intelligent skin lesion recognition is crucial for elevating detection accuracy, enhancing diagnostic efficiency, and mitigating the risk of melanoma mortality. Despite advances, current methods often fall short in accuracy and acceptance among clinicians and patients. To improve clinical credibility, we propose an integrated system that incorporates medical diagnostic priors, structured into four distinct modules: skin area focus module, skin feature extraction module, anomaly feature attention module, and skin diagnostic interpretation module. These modules correspond to the clinical diagnostic steps in real-world settings. To obtain more structural information and richer features to assist in skin lesion classification, we developed neural networks and an attention module grounded in geometric algebra. Our skin lesion detection network is designed to be parameter-efficient and computationally light, with the parameters of the geometric algebra-based network and the attention mechanism reduced to 25% of their original size. Evaluations on the ISIC2020 public skin image dataset reveal that our approach outperforms existing methods. The method achieves an accuracy of 98.5% and an area under the curve of 98.8%, improving by 2.5% and 1.2% over the baseline. © The Author(s), under exclusive licence to Springer Science+Business Media, LLC, part of Springer Nature 2024.",Detection / Classification,"ISIC2020, ISIC Archive","37,648 (33,126 ISIC2020 + 4,522 ISIC Archive)","No (Imbalanced, addressed via asymmetric data augmentation and focal loss)",Resize (224x224),"Random horizontal/vertical flips, scaling, rotation, random central cropping, shifting, shear",,Binary (Melanoma vs. Non-melanoma),GRNet50 (Geometric Algebra-based ResNet50) + GA Attention,New Architecture,No,"ACC, SE, SP, AUC, F1-score","ACC: 98.5%, AUC: 0.988",Yes,Limitations remain in handling imbalanced datasets; false negatives and false positives still pose clinical challenges,Incorporate external datasets and GANs for data augmentation; utilize detailed metadata; apply to 3D medical imaging
A Hybrid Deep Learning Approach for Skin Lesion Segmentation With Dual Encoders and Channel-Wise Attention,10.1109/ACCESS.2025.3548135,https://www.scopus.com/inward/record.uri?eid=2-s2.0-105001073086&doi=10.1109%2fACCESS.2025.3548135&partnerID=40&md5=26c9bcdd0c25ced82cb4b4e3e9550581,Ahmed A.; Sun G.; Bilal A.; Li Y.; Ebad S.A.,2025,5.0,"Skin cancer poses a significant global health challenge due to its increasing incidence rates. Accurate segmentation of skin lesions is essential for early detection and successful treatment, yet many current techniques struggle to balance computational efficiency with the ability to capture complex lesion features. This paper aims to develop an advanced deep learning model that improves segmentation accuracy while maintaining computational efficiency, offering a solution to the limitations of existing methods. We propose a novel dual-encoder deep learning architecture incorporating Squeeze-and-Excitation (SE) attention blocks. The model integrates two encoders: a pre-trained ResNet-50 for extracting local features efficiently and a Vision Transformer (ViT) to capture high-level features and long-range dependencies. The fusion of these features, enhanced by SE attention blocks, is processed through a CNN decoder, ensuring the model captures both local and global contextual information. The proposed model was evaluated on three benchmark datasets, ISIC 2016, ISIC 2017, and ISIC 2018, achieving Intersection over Union (IoU) scores of 89.53%, 87.02%, and 84.56%, respectively. These results highlight the model's ability to outperform current methods in balancing segmentation accuracy and computational efficiency. The findings demonstrate that the proposed model enhances medical image analysis in dermatology, providing a promising tool for improving the early detection of skin cancer.  © 2013 IEEE.",Segmentation,ISIC 2016; ISIC 2017; ISIC 2018,ISIC 2016: 1279; ISIC 2017: 2750; ISIC 2018: 2594,,Resize (256x256); Patching (16x16),No reported,Lesion Boundary,,Hybrid (ResNet-50 + ViT + SE Block + CNN Decoder),New Architecture,Yes,ACC; IoU; Dice; SEN,IoU: 89.53% (ISIC 2016),Yes,"High computational complexity (FLOPs), struggles with irregular/low-contrast boundaries","Cross-validation, robustness to complex scenarios"
Enhancing the performance of CNN models for pneumonia and skin cancer detection using novel fractional activation function,10.1016/j.asoc.2024.112500,https://www.scopus.com/inward/record.uri?eid=2-s2.0-85210116142&doi=10.1016%2fj.asoc.2024.112500&partnerID=40&md5=fa15be31add19d51ca27bc413f4ad380,Kumar M.; Mehta U.,2025,3.0,"This paper introduces a novel Riemann–Liouville (RL) conformable fractional derivative based Adaptable-Shifted-Fractional-Rectified-Linear-Unit, briefly called RLASFReLU, and evaluates its efficacy in enhancing the performance of convolutional neural network (CNN) models for pneumonia and skin cancer detection. The study conducts a comprehensive comparative analysis against traditional activation functions and state-of-the-art CNN architectures. The results show that RLASFReLU consistently outperforms other functions, achieving higher accuracy. Comparative evaluations with various neural network architectures reveal that the model equipped with RLASFReLU exhibits superior performance despite its simplicity and fewer trainable parameters, highlighting its efficiency and effectiveness. The findings suggest that RLASFReLU holds promise in improving diagnostic accuracy and efficiency in medical imaging applications, contributing to advancements in healthcare technology and facilitating better patient care. The proposed fractional nonlinear transformation can offer high performance with reduced computational cost, making it practical for deployment in healthcare settings. © 2024 Elsevier B.V.",Classification,Small-ISIC2018; HAM10000,Small-ISIC2018: 3297; HAM10000: 10015,"Small-ISIC2018: Balanced (Curated), HAM10000: No",Normalization (Pixel/255); Resizing (224x224),Random Zoom; Horizontal/Vertical Shift; Random Rotation,,Both,EfficientNet-B3 (with RLASFReLU),New Activation Function (RLASFReLU),Yes,Accuracy; Precision; Recall; F1-Score; AUC,Accuracy: 98.77% (HAM10000),Yes,Manual tuning of fractional order parameter ($\alpha$); Non-standard implementation (requires custom code),"Automate hyperparameter tuning, integrate with ViTs/GNNs, Explainable AI (XAI)"
Unleashing the power of Manta Rays Foraging Optimizer: A novel approach for hyper-parameter optimization in skin cancer classification,10.1016/j.bspc.2024.106855,https://www.scopus.com/inward/record.uri?eid=2-s2.0-85203500766&doi=10.1016%2fj.bspc.2024.106855&partnerID=40&md5=34a5daad5b37d6013452472869226f03,Adamu S.; Alhussian H.; Aziz N.; Abdulkadir S.J.; Alwadin A.; Abdullahi M.; Garba A.,2025,6.0,"Optimizing hyperparameters is crucial for improving the performance of deep learning (DL) models, especially in complex applications like skin cancer classification from dermoscopic images. This study introduces a novel hyperparameter optimization strategy using the Manta Rays Foraging Optimizer (MRFO). A model tailored for skin cancer classification is created by fine-tuning a Convolutional Neural Network (CNN) with MRFO, coupled with in-depth image preprocessing. Empirical evaluations on diverse datasets (ISIC, PH2, HAM10000) showcase the significant superiority of the MRFO-based model over conventional optimization algorithms. The model achieves impressive accuracy and loss metrics (ISIC: 99.43 %, 0.0250; PH2: 99.96 %, 0.0033; HAM10000: 97.70 %, 0.0626), outperforming alternative optimization algorithms such as the Grey Wolf Optimizer (98.33 % accuracy, 0.17 loss), Whale Optimization Algorithm (96 % accuracy), Grasshopper Optimization Algorithm (97.2 % accuracy), Densnet121-MRFO (99.26 % accuracy), InceptionV3 with GA (99.9 % accuracy), and African Vulture Optimization Algorithm (92.7 % accuracy). The novel approach demonstrates superior accuracy and loss metrics, underscoring its potential for precise and efficient skin cancer detection. Additionally, narrow confidence intervals and balanced precision-recall confirm the model's generalizability and effectiveness, paving the way for early and accurate skin cancer detection and potentially improving patient outcomes. © 2024 The Author(s)",Classification,ISIC 2019; PH2; HAM10000,35546 (ISIC 2019: 25331; HAM10000: 10015; PH2: 200),No (Balanced using Augmentation),Resizing (32x32); BGR to RGB Conversion; Min-Max Scaling; Filtering,Rotation; Width/Height Shift; Shear; Zoom; Horizontal/Vertical Flip,,"Multi-class (8 classes [ISIC], 7 classes [HAM10000], 3 classes [PH2])",VGG16 (Optimized by MRFO),Hyperparameter Optimization using Manta Rays Foraging Optimizer (MRFO),Yes,Accuracy; F1-Score; Precision; Recall; Loss; AUC,Accuracy: 99.96% (PH2),Yes,"Need for diverse clinical validation, cost-effectiveness analysis, and testing on varying image quality","Ensemble learning, Explainable AI (XAI), Scalability for clinical adoption"
A hybrid feature fusion deep learning framework for multi-source medical image analysis,10.1016/j.ipm.2024.103934,https://www.scopus.com/inward/record.uri?eid=2-s2.0-85206605567&doi=10.1016%2fj.ipm.2024.103934&partnerID=40&md5=ad25d3b84f0c1203c3fad6920f3e7940,Cao Q.; Cheng X.,2025,4.0,"Despite the widespread adoption of deep learning to enhance image classification, significant obstacles remain. First, multisource data with diverse sizes and formats is a great challenge for most current deep learning models. Second, lacking manual labeled data for model training limits the application of deep learning. Third, the widely used CNN-based methods shows their limitations in extracting global features and yield poor performance for image topology. To address these issues, we propose a Hybrid Feature Fusion Deep Learning (HFFDL) framework for image classification. This framework consists of an automated image segmentation module, a two-stream backbone module, and a classification module. The automatic image segmentation module utilizes the U-Net model and transfer learning to detect region of interest (ROI) in multisource images; the two-stream backbone module integrates the Swin Transformer architecture with the Inception CNN, with the aim of simultaneous extracting local and global features for efficient representation learning. We evaluate the performance of HFFDL framework with two publicly available image datasets: one for identifying COVID-19 through X-ray scans of the chest (30,386 images), and another for multiclass skin cancer screening using dermoscopy images (25,331 images). The HFFDL framework exhibited greater performance in comparison to many cutting-edge models, achieving the AUC score 0.9835 and 0.8789, respectively. Furthermore, a practical application study conducted in a hospital, identifying viable embryos using medical images, revealed the HFFDL framework outperformed embryologists. © 2024 Elsevier Ltd",Classification,HAM10000,10015,No (Balanced using ADASYN),Resizing (224x224); Normalization; Hair Removal,Rotation; Flipping; Noise Injection,,"Multi-class (7 classes: AKIEC, BCC, BKL, DF, MEL, NV, VASC)",Hybrid (VGG19 + ResNet50 + DenseNet121 + Custom CNN),Ensemble/Feature Fusion,Yes (ImageNet),Accuracy; Precision; Recall; F1-Score,Accuracy: 98.45%,Yes,Computational cost of hybrid feature extraction,"Integration with real-time clinical workflows, explainable AI (XAI)"
CSWin-UNet: Transformer UNet with cross-shaped windows for medical image segmentation,10.1016/j.inffus.2024.102634,https://www.scopus.com/inward/record.uri?eid=2-s2.0-85201396659&doi=10.1016%2fj.inffus.2024.102634&partnerID=40&md5=04abe0cf68435b290551dd613b143703,Liu X.; Gao P.; Yu T.; Wang F.; Yuan R.-Y.,2025,27.0,"Deep learning, especially convolutional neural networks (CNNs) and Transformer architectures, have become the focus of extensive research in medical image segmentation, achieving impressive results. However, CNNs come with inductive biases that limit their effectiveness in more complex, varied segmentation scenarios. Conversely, while Transformer-based methods excel at capturing global and long-range semantic details, they suffer from high computational demands. In this study, we propose CSWin-UNet, a novel U-shaped segmentation method that incorporates the CSWin self-attention mechanism into the UNet to facilitate horizontal and vertical stripes self-attention. This method significantly enhances both computational efficiency and receptive field interactions. Additionally, our innovative decoder utilizes a content-aware reassembly operator that strategically reassembles features, guided by predicted kernels, for precise image resolution restoration. Our extensive empirical evaluations on diverse datasets, including synapse multi-organ CT, cardiac MRI, and skin lesions demonstrate that CSWin-UNet maintains low model complexity while delivering high segmentation accuracy. © 2024 Elsevier B.V.",Segmentation,Synapse; ISIC 2018,Synapse: 30 training/20 testing cases; ISIC 2018: 2594 images,,Resize (224x224); Intensity Clipping; Normalization,Flip; Rotation,Lesion Boundary,"Binary (Lesion vs Background), Multi-class (Organs)",CSWin-UNet (CSWin Transformer + U-Net Decoder),New Architecture,Yes (ImageNet),Dice; HD95; IoU; Accuracy; Sensitivity; Specificity,ISIC 2018: Dice 91.56%,Yes,High computational complexity of standard Transformers (addressed by cross-shaped windows),Apply to broader medical segmentation tasks
DiffMIC-v2: Medical Image Classification via Improved Diffusion Network,10.1109/TMI.2025.3530399,https://www.scopus.com/inward/record.uri?eid=2-s2.0-105004261764&doi=10.1109%2fTMI.2025.3530399&partnerID=40&md5=0a74b62eebae6ad8d10c818e8553b3d6,Yang Y.; Fu H.; Aviles-Rivero A.I.; Xing Z.; Zhu L.,2025,3.0,"Recently, Denoising Diffusion Models have achieved outstanding success in generative image modeling and attracted significant attention in the computer vision community. Although a substantial amount of diffusion-based research has focused on generative tasks, few studies apply diffusion models to medical diagnosis. In this paper, we propose a diffusion-based network (named DiffMIC-v2) to address general medical image classification by eliminating unexpected noise and perturbations in image representations. To achieve this goal, we first devise an improved dual-conditional guidance strategy that conditions each diffusion step with multiple granularities to enhance step-wise regional attention. Furthermore, we design a novel Heterologous diffusion process that achieves efficient visual representation learning in the latent space. We evaluate the effectiveness of our DiffMIC-v2 on four medical classification tasks with different image modalities, including thoracic diseases classification on chest X-ray, placental maturity grading on ultrasound images, skin lesion classification using dermatoscopic images, and diabetic retinopathy grading using fundus images. Experimental results demonstrate that our DiffMIC-v2 outperforms state-of-the-art methods by a significant margin, which indicates the universality and effectiveness of the proposed model on multi-class and multi-label classification tasks. DiffMIC-v2 can use fewer iterations than our previous DiffMIC to obtain accurate estimations, and also achieves greater runtime efficiency with superior results. © 1982-2012 IEEE.",Classification,HAM10000; PMG2000; APTOS2019; ChestX-ray14,10015,Not reported,Center-crop; Resize (224x224),Random flipping; Rotation,,Multi-class (7 classes for HAM10000),DiffMIC-v2 (Denoising U-Net + EfficientSAM + CNN Encoder),New Architecture (Diffusion-based),Yes,Accuracy; F1-score; AUROC,Accuracy: 90.9% (HAM10000),Yes,Reliance on unimodal image data; Diffusion models inherently require iterative sampling (slower than standard CNNs),Integrate clinical textual data as additional conditions; Enhance model controllability
Next-generation approach to skin disorder prediction employing hybrid deep transfer learning,10.3389/fdata.2025.1503883,https://www.scopus.com/inward/record.uri?eid=2-s2.0-86000458326&doi=10.3389%2ffdata.2025.1503883&partnerID=40&md5=33b0fec2ac23490dab395e7c8ce96430,Gulzar Y.; Agarwal S.; Soomro S.; Kandpal M.; Turaev S.; Onn C.W.; Saini S.; Bounsiar A.,2025,5.0,"Introduction: Skin diseases significantly impact individuals' health and mental wellbeing. However, their classification remains challenging due to complex lesion characteristics, overlapping symptoms, and limited annotated datasets. Traditional convolutional neural networks (CNNs) often struggle with generalization, leading to suboptimal classification performance. To address these challenges, this study proposes a Hybrid Deep Transfer Learning Method (HDTLM) that integrates DenseNet121 and EfficientNetB0 for improved skin disease prediction. Methods: The proposed hybrid model leverages DenseNet121's dense connectivity for capturing intricate patterns and EfficientNetB0's computational efficiency and scalability. A dataset comprising 19 skin conditions with 19,171 images was used for training and validation. The model was evaluated using multiple performance metrics, including accuracy, precision, recall, and F1-score. Additionally, a comparative analysis was conducted against state-of-the-art models such as DenseNet121, EfficientNetB0, VGG19, MobileNetV2, and AlexNet. Results: The proposed HDTLM achieved a training accuracy of 98.18% and a validation accuracy of 97.57%. It consistently outperformed baseline models, achieving a precision of 0.95, recall of 0.96, F1-score of 0.95, and an overall accuracy of 98.18%. The results demonstrate the hybrid model's superior ability to generalize across diverse skin disease categories. Discussion: The findings underscore the effectiveness of the HDTLM in enhancing skin disease classification, particularly in scenarios with significant domain shifts and limited labeled data. By integrating complementary strengths of DenseNet121 and EfficientNetB0, the proposed model provides a robust and scalable solution for automated dermatological diagnostics. Copyright © 2025 Gulzar, Agarwal, Soomro, Kandpal, Turaev, Onn, Saini and Bounsiar.",Classification,Skin Diseases Dataset (Kaggle),19171,No (Balanced using Augmentation),Resize (128x128); Normalization (0-1); Color Adjustment,Rotation (30 deg); Zoom (20%); Shift (10-20%); Horizontal Flip,,"Multi-class (19 classes: Acne, Actinic Carcinoma, Atopic Dermatitis, Cellulitis, Eczema, Drug Eruptions, Herpes HPV, Light Diseases, Lupus, Melanoma, Poison Ivy, Psoriasis, Benign Tumors, Systemic Disease, Ringworm, Urticarial Hives, Vascular Tumors, Vasculitis, Viral Infections)",HDTLM (DenseNet121 + EfficientNetB0 Hybrid),Hybrid Architecture,Yes (ImageNet),Accuracy; Precision; Recall; F1-Score,Accuracy: 98.18%,Yes,Dataset lacks variety for rare conditions; robustness to lighting/backgrounds not analyzed; computational requirements restrict low-resource use,Extend dataset; validate on external datasets; clinical implementation; add explainability (XAI)
Multi-feature Fusion Deep Network for Skin Disease Diagnosis,10.1007/s11042-024-18958-7,https://www.scopus.com/inward/record.uri?eid=2-s2.0-85188518710&doi=10.1007%2fs11042-024-18958-7&partnerID=40&md5=3adc514aafb31e9c916188eb91f71613,Gairola A.K.; Kumar V.; Sahoo A.K.; Diwakar M.; Singh P.; Garg D.,2025,16.0,"The skin acts as an important barrier between the body and the external environment, playing a vital role as an organ. The application of deep learning in the medical field to solve various health problems has generated increasing interest. The objective of this research is to create a new model using a deep network with multi-feature fusion that enables accurate identification of various skin diseases. This paper proposes a fully fused network (FFN), which includes an improved single block (ISB) and an improved fusion block (IFB) to achieve optimal performance. To implement this, a convolutional neural network-based model for multi-class recognition of skin images has been developed, in which ISB is used to segment diseases in skin images. The IFB module is designed to enhance the effectiveness of the fused network. The model is built and evaluated using our proprietary dataset (Skin_disease_v1) along with publicly available datasets, namely ISIC2016, ISIC2017, and HAM10000. The highest accuracy achieved in experiments was 86% for ISB, 90% for IFB, and 92% for FFN using HAM10000 (for ResNet101V2), HAM10000 (for Resnet50 + ResNet101V2), and HAM10000 (for Resnet50 + ResNet101V2). This shows an accuracy improvement of 9.2%, 13.2%, and 15.2% compared to the state-of-the-art ISB, IFB, and FFN approaches, respectively. Our network outperforms existing networks in terms of performance. © The Author(s), under exclusive licence to Springer Science+Business Media, LLC, part of Springer Nature 2024.",Classification,Skin_disease_v1 (Private); HAM10000,Skin_disease_v1: 609; HAM10000: 10015,No (Data augmentation was used to address the imbalance of classes),Resizing (224x224); Normalization,Rotation; Width/Height Shift; Shear; Zoom; Horizontal/Vertical Flip,Lesion Boundary,Multi-class (Skin_disease_v1: 4 classes; HAM10000: 7 classes),"Fully Fused Network (FFN) (ISB + IFB with MobileNetV2, ResNet50, DenseNet121, Xception)","New Architecture (ISB for segmentation, IFB for feature fusion)",Yes,Accuracy; Precision; Recall; F1-score,HAM10000: Accuracy 97.6%; Skin_disease_v1: Accuracy 98.49%,Yes,Limited size of the proprietary dataset (Skin_disease_v1),Expand dataset with more images; explore other DL architectures
Improved CNN architecture for automated classification of skin diseases,10.1080/21681163.2024.2420727,https://www.scopus.com/inward/record.uri?eid=2-s2.0-85213078253&doi=10.1080%2f21681163.2024.2420727&partnerID=40&md5=d1477ee3f1f12a37b11a2ed6a77ba5b6,Deepak G.D.; Bhat S.K.; Gupta A.,2025,3.0,"Rosacea, atopic dermatitis and bullous disease are significant skin conditions with distinct characteristics and impacts, which affect millions of people globally. Early and quick diagnosis is crucial for these conditions to prevent complications, alleviate symptoms and improve quality of life for affected individuals. This research article presents an innovative approach to automated classification of common skin diseases using Convolutional Neural Network (CNN) models. The study focuses on diagnosing rosacea, atopic dermatitis and bullous disease, leveraging CNN technology. Four pre-trained CNN models–DarkNet-53, ResNet-18, SqueezeNet and EfficientNet-b0–were investigated. Additionally, two improvised versions of DarkNet-53 and an improvised version of ResNet-18 were developed, integrating a specific number of fully connected neural network layers and adjusting other CNN layers such as batch normalisation and activation function layers accordingly. The performance of these improvised models surpassed that of the original architectures, demonstrating superior accuracy in identifying the targeted skin diseases. In terms of overall accuracy, improvised versions of DarkNet-53 and ResNet-18 achieved an accuracy of 98% and 98%, respectively, while the original models could achieve an accuracy between 75% and 80%. This research contributes to advancing automated diagnostic systems for dermatological conditions, potentially improving early detection and treatment outcomes. © 2024 The Author(s). Published by Informa UK Limited, trading as Taylor & Francis Group.",Classification,Dermnet (Kaggle),547 (300 used),Balanced (Subsampled 100/class),Cropping,Rotation; Scaling; Translation,,"Multi-class (Rosacea, Atopic Dermatitis, Bullous Disease)","DarkNet-53, ResNet-18, SqueezeNet, EfficientNet-b0 (and modified versions)",Modified Architecture (Added FC layers),Yes,Accuracy; Precision; Recall; Specificity; F1-Score; MCC,Accuracy: 98% (DarkNet-53-4FC3),Yes,Limited dataset size and variety (only 3 classes); did not use contrast enhancement,"Ensemble techniques, contrast enhancement, extend to more diseases, develop new backbone models"
On-patient medical record and mRNA therapeutics using intradermal microneedles,10.1038/s41563-024-02115-4,https://www.scopus.com/inward/record.uri?eid=2-s2.0-85218688775&doi=10.1038%2fs41563-024-02115-4&partnerID=40&md5=3f1dd1f9e981417b1aaf070b1a2e8b21,Han J.; Kanelli M.; Liu Y.; Daristotle J.L.; Pardeshi A.; Forster T.A.; Karchin A.; Folk B.; Murmann L.; Tostanoski L.H.; Carrasco S.E.; Alsaiari S.K.; Wang E.Y.; Tran K.; Zhang L.; Eshaghi B.; Levy L.; Pyon S.; Sloane C.; Lin S.Q.; Lau A.; Perkinson C.F.; Bawendi M.G.; Barouch D.H.; Durand F.; Langer R.; Jaklenec A.,2025,7.0,"Medical interventions often require timed series of doses, thus necessitating accurate medical record-keeping. In many global settings, these records are unreliable or unavailable at the point of care, leading to less effective treatments or disease prevention. Here we present an invisible-to-the-naked-eye on-patient medical record-keeping technology that accurately stores medical information in the patient skin as part of microneedles that are used for intradermal therapeutics. We optimize the microneedle design for both a reliable delivery of messenger RNA (mRNA) therapeutics and the near-infrared fluorescent microparticles that encode the on-patient medical record-keeping. Deep learning-based image processing enables encoding and decoding of the information with excellent temporal and spatial robustness. Long-term studies in a swine model demonstrate the safety, efficacy and reliability of this approach for the co-delivery of on-patient medical record-keeping and the mRNA vaccine encoding severe acute respiratory syndrome coronavirus 2 (SARS-CoV-2). This technology could help healthcare workers make informed decisions in circumstances where reliable record-keeping is unavailable, thus contributing to global healthcare equity. © The Author(s) 2025.",Medical Record-Keeping And Vaccine Delivery,,,,,,,,,,,,,,,
An innovative deep learning framework for skin cancer detection employing ConvNeXtV2 and focal self-attention mechanisms,10.1016/j.rineng.2024.103692,https://www.scopus.com/inward/record.uri?eid=2-s2.0-85212560792&doi=10.1016%2fj.rineng.2024.103692&partnerID=40&md5=7a7d790587deee1792e0b3cad0e0d35e,Ozdemir B.; Pacal I.,2025,34.0,"The skin, the body's largest organ, plays a critical role in protection and regulation, making its health essential. Skin cancer, one of the most prevalent malignancies, continues to rise globally and presents significant risks when diagnosis is delayed. Accurate detection is challenging due to the subtle and overlapping features of skin lesions, often leading to diagnostic errors. Deep learning has emerged as a powerful tool, capable of analyzing complex dermatological data and improving diagnostic accuracy through precise pattern recognition. This study proposes a novel lightweight and mobile-friendly hybrid model that combines ConvNeXtV2 blocks and focal self-attention mechanisms, addressing challenges such as data imbalance and model complexity. The Proposed Model employs ConvNeXtV2 in the first two stages for superior local feature extraction, while focal self-attention in the subsequent stages enhances sensitivity by focusing on diagnostically relevant regions. The Proposed Model was evaluated on the ISIC 2019 dataset, encompassing eight skin cancer classes with significant class imbalances, such as the Melanocytic Nevus class having 51 times more images than the Vascular Lesion class. Despite these disparities, the Proposed Model achieved robust performance across all classes, with 93.60% accuracy, 91.69% precision, 90.05% recall, and a 90.73% F1-score. Compared to baseline models and existing literature, it demonstrated a 10.8% improvement in accuracy over ResNet50 and a 3.3% improvement over the best-performing vision transformer (Swinv2-Base). This innovative design establishes a new benchmark in skin cancer detection, offering accurate, scalable, and generalizable predictions to support early diagnosis and improved clinical outcomes. © 2024",Classification,HAM10000,10015,No (Balanced using Augmentation),Resize (224x224); Normalization ; Hair Removal,Horizontal/Vertical Flip ; Rotation (15-70 degrees) ; Zoom ; Shear ; Brightness ; Contrast ; Saturation,,"Multi-class (7 classes: MEL, NV, BCC, AKIEC, BKL, DF, VASC)",ConvNeXtV2 + Focal Self-Attention,New Architecture,Yes (ImageNet),Accuracy ; Precision ; Recall ; F1-Score,Accuracy: 97.43%,Yes,"Computationally intensive due to complex attention mechanisms, potential overfitting on small datasets","Integrate with mobile health apps, explore lightweight versions, expand to other dermatological conditions"
Temporal integration of ResNet features with LSTM for enhanced skin lesion classification,10.1016/j.rineng.2025.104201,https://www.scopus.com/inward/record.uri?eid=2-s2.0-85216719456&doi=10.1016%2fj.rineng.2025.104201&partnerID=40&md5=15c586a0f161d4bfa51ce000568fb6a2,Padhy S.; Dash S.; Kumar N.; Singh S.P.; Kumar G.; Moral P.,2025,5.0,"The precise classification of skin lesions is essential for the early identification and efficient treatment of skin cancer. This research combines ResNet-50 for spatial feature extraction with Long Short-Term Memory (LSTM) networks for temporal analysis and introduces an innovative hybrid deep learning model, Residual network-Long Short-Term Memory (R-LSTM50). The approach tackles issues including class imbalance and the necessity for enhanced sensitivity in identifying malignant tumors. The ISIC2020 and HAM10000 benchmark datasets were employed for evaluation, utilizing sophisticated data augmentation methods and weighted loss functions to improve performance. Evaluation measures such as accuracy, sensitivity, specificity, and F1-score were employed to verify the model. Experimental findings indicate that R-LSTM50 attains state-of-the-art performance, achieving accuracies of 95.72% and 94.23%, F1-scores of 92.78% and 93.46%, sensitivities of 95.24% and 92.41%, and specificities of 92.08% and 90.33% on ISIC2020 and HAM10000, respectively. The results demonstrate the robustness and clinical significance of R-LSTM50, confirming its reliability as a tool for automated skin lesion classification. The hybrid design and sophisticated preprocessing techniques enhance the management of class imbalance and intricate feature interactions, establishing the proposed model as a notable improvement over current methodologies. © 2025",Classification,ISIC 2020; HAM10000,ISIC 2020: >33000; HAM10000: 10015,No (Weighted loss functions and augmentation used),Resizing (224x224); Normalization (pixel values 0-1),Flipping; Affine Transform; Rotation (30 degrees); Zoom; Linear Contrast; Gaussian Blurring,,Binary (Benign vs. Malignant),R-LSTM50 (ResNet50 + LSTM),Hybrid Architecture (Spatial + Temporal integration),Yes,Accuracy; Sensitivity; Specificity; F1-Score,Accuracy: 95.72% (ISIC 2020),Yes,Potential generalization challenges in extremely diverse clinical settings,"Integrate Explainable AI (ExAID), comprehensive clinical validation, continuous learning mechanisms"
Dermo classify: A dermatologist skin disease detection and classification using DCNN,10.1007/s42600-024-00392-1,https://www.scopus.com/inward/record.uri?eid=2-s2.0-85213361337&doi=10.1007%2fs42600-024-00392-1&partnerID=40&md5=867841ade1dc7c703fefc7791cb59477,Sudar K.M.; Nagaraj P.; Muneeswaran V.; Panda B.; Bhoi A.K.,2025,4.0,"Purpose: In current circumstances, investigators who are doing exploration in various regions remote from their old neighborhood are experiencing different skin issues like dermatitis, dry skin, and psoriasis because of environment or weather condition changes, food sensitivities, and water changes. This results in itching and dry patching on their skin. An affected individual should investigate and analyze the skin sickness, take appropriate precautions to keep the illness from spreading and seek therapy from a skin expert as quickly as time permits. Since the investigators come from different parts of the country, they are unfamiliar with hospitals and places, so they avoid such skin diseases without realizing the severity of the sickness. To address this, we propose a computer-aided system that detects and classifies skin diseases early, helping individuals to identify their condition and seek appropriate treatment quickly. Methods: To detect skin disease at an early stage, this work epitomizes a strategy using a computer-aided model according to sophisticated deep learning neural network techniques such as convolutional neural network (CNN), Residual neural networks, and Xception neural network to detect skin disease. We use the HAM-10000 data set, which contains data on seven different types of skin diseases. Results: The CNN model produced the most significant performance accuracy of 98.3718% in the experiments. Conclusion: The paper presents a promising approach for skin disease detection and classification using DCNNs. © The Author(s), under exclusive licence to The Brazilian Society of Biomedical Engineering 2024.",Classification,HAM10000,10015 (Reduced to ~8974 after removing similar images),No (Addressed via Data Augmentation),Resize (125x125); Rescaling (1/255),Rotation; Width/Height Shift; Shear; Zoom; Horizontal Flip,,"Multi-class (7 classes: NV, MEL, BKL, BCC, AKIEC, VASC, DF)","CNN, ResNet, Xception",Standard (Comparative Analysis),Yes (ImageNet),Accuracy; Loss; F1-Score,Accuracy: 98.37% (CNN),Yes,Model prone to overfitting due to complexity and small dataset; system lacks disease-related info/precautions,Provide specific disease-related information and user precautions
U-Net V2: Rethinking the Skip Connections of U-Net for Medical Image Segmentation,10.1109/ISBI60581.2025.10980742,https://www.scopus.com/inward/record.uri?eid=2-s2.0-105005831595&doi=10.1109%2fISBI60581.2025.10980742&partnerID=40&md5=0e46e0b414ff6ecfb3959aac85d727cb,Peng Y.; Chen D.Z.; Sonka M.,2025,5.0,"In this paper, we introduce U-Net v2, a new robust and efficient U-Net variant for medical image segmentation. It aims to augment the infusion of semantic information into low-level features while simultaneously refining high-level features with finer details. For an input image, we begin by extracting multilevel features with a deep neural network encoder. Next, we enhance the feature map of each level by infusing semantic information from higher-level features and integrating finer details from lower-level features through Hadamard product. Our novel skip connections empower features of all the levels with enriched semantic characteristics and intricate details. The improved features are subsequently transmitted to the decoder for further processing and segmentation. Our method can be seamlessly integrated into any Encoder-Decoder network. We evaluate our method on several public medical image segmentation datasets for skin lesion segmentation and polyp segmentation, and the experimental results demonstrate the segmentation accuracy of our new method over state-of-the-art methods, while preserving memory and computational efficiency. Code is available at: https://github.com/yaoppeng/U-Net_v2. © 2025 IEEE.",Segmentation,ISIC 2017; ISIC 2018; Kvasir-SEG; ClinicDB; ColonDB; Endoscene; ETIS,ISIC 2017: 2050; ISIC 2018: 2694,No (Cross-validation used for ISIC-2018),Resize (256x256),No reported,Lesion Boundary,,U-Net v2 (PVT Encoder + SDI Module),New Architecture (Semantics and Detail Infusion),Yes (PVT),DSC; IoU; MAE; FLOPs; FPS,"ISIC 2018: DSC 91.52%, IoU 84.15%",Yes,None explicitly reported (Efficiency demonstrated),None explicitly reported
Multimodal Biomedical Image Segmentation by Using Multi-Path U-Net,10.5829/IJE.2025.38.01A.17,https://www.scopus.com/inward/record.uri?eid=2-s2.0-85204048857&doi=10.5829%2fIJE.2025.38.01A.17&partnerID=40&md5=3c82143334dfa73b75f9a8e8297b33cd,Farsi H.; Noursoleimani S.; Mohamadzadeh S.; Barati A.,2025,6.0,"Early detection of skin lesions is essential for the success of treatment depending on the earliest possible detection of skin cancer lesions. Segmentation of skin cancer lesions is one of the most important early steps. In this regard, classic U-Net which is based on deep neural networks is the most popular architecture for medical image segmentation. However, the classic U-Net architecture lacks certain aspects. In this approach, we proposed a lightweight model designed to minimize memory usage in the deeper network layers and to reduce training and testing time. We achieved this by leveraging MultiLevel Blocks, which exclusively utilized 3x3 convolution operations. Additionally, we have utilized multiple convolutions to facilitate the transfer of information from the encoding to the decoding stage. This approach aims to minimize the semantic gap between the two stages. We have termed this information transfer path the encoder-decoder path. Our method has demonstrated outstanding performance in key metrics when tested on the PH2 dataset and has shown superior performance in terms of Accuracy and Jaccard Index on the ISIC-2017 dataset compared to the latest methods reported in existing publications. The Multi-Path U-Net method effectively recognizes and precisely segments complex features such as weak boundaries, shape, and color irregularities, and multi-part lesions with diverse color intensities. ©2025 The author(s).",Segmentation,PH2; ISIC-2017,2200 (200 PH2 + 2000 ISIC-2017),"No (PH2: 160 common, 40 melanoma)",Zero padding,Random Rotation; Horizontal Flip,Lesion Boundary,,Multi-Path U-Net (with Multi-Level Blocks & Encoder-Decoder Path),New Architecture,No,Accuracy; Jaccard Index; Precision; Recall; Dice,"PH2: Accuracy 96.0%, Jaccard 87.0%",Yes,Speed decreases when images exceed 2000; training time > 3 hours,"Incorporate transformers/attention modules, domain-specific pre/post-processing, combine with U-Net++"
MixFormer: A Mixed CNN-Transformer Backbone for Medical Image Segmentation,10.1109/TIM.2024.3497060,https://www.scopus.com/inward/record.uri?eid=2-s2.0-85209255807&doi=10.1109%2fTIM.2024.3497060&partnerID=40&md5=dc18907209ddc3a78d3da899dd5607c4,Liu J.; Li K.; Huang C.; Dong H.; Song Y.; Li R.,2025,3.0,"Transformers using self-attention mechanisms have recently advanced medical imaging by modeling long-range semantic dependencies, though they lack the ability of convolutional neural networks (CNNs) to capture local spatial details. This study introduced a novel segmentation (SEG) network derived from a mixed CNN-Transformer (MixFormer) feature extraction backbone to enhance medical image segmentation. The MixFormer network seamlessly integrates global and local information from Transformer and CNN architectures during the downsampling process. To comprehensively capture the interscale perspective, we introduced a multiscale spatial-aware fusion (MSAF) module, enabling effective interaction between coarse and fine feature representations. In addition, we proposed a mixed multibranch dilated attention (MMDA) module to bridge the semantic gap between encoding and decoding stages while emphasizing specific regions. Finally, we implemented a CNN-based upsampling approach to recover low-level features, substantially improving segmentation accuracy. Experimental validations on prevalent medical image datasets demonstrated the superior performance of MixFormer. On the Synapse dataset, our approach achieved a mean Dice similarity coefficient (DSC) of 82.64% and a mean Hausdorff distance (HD) of 12.67 mm. On the automated cardiac diagnosis challenge (ACDC) dataset, the DSC was 91.01%. On the international skin imaging collaboration (ISIC) 2018 dataset, the model achieved a mean intersection over union (mIoU) of 0.841, an accuracy of 0.958, a precision of 0.910, a recall of 0.934, and an F1 score of 0.913. For the Kvasir-SEG dataset, we recorded a mean Dice of 0.9247, an mIoU of 0.8615, a precision of 0.9181, and a recall of 0.9463. On the computer vision center (CVC)-ClinicDB dataset, the results were a mean Dice of 0.9441, an mIoU of 0.8922, a precision of 0.9437, and a recall of 0.9458. These findings underscore the superior segmentation performance of MixFormer compared to most mainstream segmentation networks such as CNNs and other Transformer-based structures.  © 1963-2012 IEEE.",Segmentation,ISIC 2018; Synapse; ACDC; Kvasir-SEG; CVC-ClinicDB,ISIC 2018: 2596 (Training),No (Addressed via combined Dice and BCE loss),Resize (224x224),Gaussian blur; Color dithering; Horizontal/Vertical Flip; Affine transformations (Rotation; Translation; Scaling; Shear),Lesion Boundary,,MixFormer (Res2Net50 + Swin Transformer + MSAF + MMDA),New Architecture (Hybrid CNN-Transformer),Yes,DSC; HD; mIoU; Accuracy; Precision; Recall; F1; MAE,"ISIC 2018: mIoU 0.841, F1 0.913",Yes,High parameter count and FLOPs; inputs restricted to 2D (ignoring 3D inter-slice correlations),Develop 3D segmentation network; optimize model to reduce parameters/FLOPs; explore end-to-end pretraining
Simple is what you need for efficient and accurate medical image segmentation,https://doi.org/10.48550/arXiv.2506.13415,https://arxiv.org/abs/2506.13415,"Xiang Yu, Yayan Chen, Guannan He, Qing Zeng, Yue Qin, Meiling Liang, Dandan Luo, Yimei Liao, Zeyu Ren, Cheng Kang, Delong Yang, Bocheng Liang, Bin Pu, Ying Yuan, Shengli Li",2025,3.0,"While modern segmentation models often prioritize performance over practicality, we advocate a design philosophy prioritizing simplicity and efficiency, and attempted high performance segmentation model design. This paper presents SimpleUNet, a scalable ultra-lightweight medical image segmentation model with three key innovations: (1) A partial feature selection mechanism in skip connections for redundancy reduction while enhancing segmentation performance; (2) A fixed-width architecture that prevents exponential parameter growth across network stages; (3) An adaptive feature fusion module achieving enhanced representation with minimal computational overhead. With a record-breaking 16 KB parameter configuration, SimpleUNet outperforms LBUNet and other lightweight benchmarks across multiple public datasets. The 0.67 MB variant achieves superior efficiency (8.60 GFLOPs) and accuracy, attaining a mean DSC/IoU of 85.76%/75.60% on multi-center breast lesion datasets, surpassing both U-Net and TransUNet. Evaluations on skin lesion datasets (ISIC 2017/2018: mDice 84.86%/88.77%) and endoscopic polyp segmentation (KVASIR-SEG: 86.46%/76.48% mDice/mIoU) confirm consistent dominance over state-of-the-art models. This work demonstrates that extreme model compression need not compromise performance, providing new insights for efficient and accurate medical image segmentation. Codes can be found at this https URL.",Segmentation,ISIC 2018; BUS-BRA (Breast Ultrasound); Kvasir-SEG (Polyp),6243 images (2594 ISIC 2018 + 3049 BUS-BRA + 600 Kvasir-SEG),No,Resizing and CLAHE (Contrast-Limited Adaptive Histogram Equalization),No reported,Lesion Boundary,,SimpleUNet (U-shaped architecture with a partial feature selection mechanism in skip connections and an ultra-lightweight design),New Architecture,No (Trained from scratch),"DSC, JI, SE, SP, ACC",DSC: 0.9083 (ISIC 2018); DSC: 0.9329 (Kvasir-SEG),Yes,"While ultra-lightweight, performance on extremely complex or low-contrast boundaries can still be improved compared to much larger models",Validating the model on more diverse 3D medical datasets and real-world clinical environments
ASP-VMUNet: Atrous Shifted Parallel Vision Mamba U-Net for Skin Lesion Segmentation,https://doi.org/10.48550/arXiv.2503.19427,https://arxiv.org/abs/2503.19427,"Muyi Bao, Shuchang Lyu, Zhaoyang Xu, Qi Zhao, Changyu Zeng, Wenpei Bai, Guangliang Cheng",2025,4.0,"Skin lesion segmentation is a critical challenge in computer vision, and it is essential to separate pathological features from healthy skin for diagnostics accurately. Traditional Convolutional Neural Networks (CNNs) are limited by narrow receptive fields, and Transformers face significant computational burdens. This paper presents a novel skin lesion segmentation framework, the Atrous Shifted Parallel Vision Mamba UNet (ASP-VMUNet), which integrates the efficient and scalable Mamba architecture to overcome limitations in traditional CNNs and computationally demanding Transformers. The framework introduces an atrous scan technique that minimizes background interference and expands the receptive field, enhancing Mamba's scanning capabilities. Additionally, the inclusion of a Parallel Vision Mamba (PVM) layer and a shift round operation optimizes feature segmentation and fosters rich inter-segment information exchange. A supplementary CNN branch with a Selective-Kernel (SK) Block further refines the segmentation by blending local and global contextual information. Tested on four benchmark datasets (ISIC16/17/18 and PH2), ASP-VMUNet demonstrates superior performance in skin lesion segmentation, validated by comprehensive ablation studies. This approach not only advances medical image segmentation but also highlights the benefits of hybrid architectures in medical imaging technology. Our code is available at this https URL.",Segmentation,ISIC 2016; ISIC 2017; ISIC 2018; PH2,7923 (ISIC16: 1279; ISIC17: 2750; ISIC18: 3694; PH2: 200),No (Balanced via Data Augmentation),Resizing (256x256); Normalization,Random horizontal flip; Random vertical flip; Random rotation,Lesion Boundary,,"ASP-VMUNet (Mamba U-Net with Atrous Scan, Shift Round, SK Block)",New Architecture,No (Trained from scratch),"MIOU, DSC, Accuracy, Sensitivity, Specificity","MIOU: 91.57% (PH2), 86.93% (ISIC16); DSC: 95.60% (PH2), 93.01% (ISIC16)",Yes,Specificity degradation in some configurations; computational complexity increases with larger atrous steps,Combine atrous scan with other techniques for further gains
Conditional Diffusion Models are Medical Image Classifiers that Provide Explainability and Uncertainty for Free,https://doi.org/10.48550/arXiv.2502.03687,https://arxiv.org/abs/2502.03687,"Gian Mario Favero, Parham Saremi, Emily Kaczmarek, Brennan Nichyporuk, Tal Arbel",2025,4.0,"Discriminative classifiers have become a foundational tool in deep learning for medical imaging, excelling at learning separable features of complex data distributions. However, these models often need careful design, augmentation, and training techniques to ensure safe and reliable deployment. Recently, diffusion models have become synonymous with generative modeling in 2D. These models showcase robustness across a range of tasks including natural image classification, where classification is performed by comparing reconstruction errors across images generated for each possible conditioning input. This work presents the first exploration of the potential of class conditional diffusion models for 2D medical image classification. First, we develop a novel majority voting scheme shown to improve the performance of medical diffusion classifiers. Next, extensive experiments on the CheXpert and ISIC Melanoma skin cancer datasets demonstrate that foundation and trained-from-scratch diffusion models achieve competitive performance against SOTA discriminative classifiers without the need for explicit supervision. In addition, we show that diffusion classifiers are intrinsically explainable, and can be used to quantify the uncertainty of their predictions, increasing their trustworthiness and reliability in safety-critical, clinical contexts. Further information is available on our project page: this https URL",Classification,ISIC; CheXpert,30616 (ISIC: 10212; CheXpert: 20404),No (Balanced subsets created),"Resizing (256x256), Discrete Wavelet Transform (Haar)",No reported,,Binary (ISIC: Melanoma vs. Benign; CheXpert: Pleural Effusion vs. No Findings),"UNet (ADM-based), DiT-B/4, Stable Diffusion v2-base",New Application (Diffusion Classifiers with Majority Voting),Yes (v2-base),"Accuracy, F1-score","ISIC: Acc 95.0%, F1 0.949; CheXpert: Acc 86.9%, F1 0.869","Yes (vs. ResNet, EfficientNet, ViT, Swin)",High computational cost and slow inference speed compared to discriminative models; limited to 2D binary classification in this study,Evaluate robustness under domain shifts; extend to 3D image classification and multi-class tasks; in-depth analysis against other uncertainty methods